{"event": "verify_geometry", "files": 2195, "wall_seconds": 0.03}
{"event": "prepare_inputs", "split": "train", "samples": 100, "total": 1234, "wall_seconds": 4.57}
{"event": "prepare_inputs", "split": "train", "samples": 200, "total": 1234, "wall_seconds": 9.86}
{"event": "prepare_inputs", "split": "train", "samples": 300, "total": 1234, "wall_seconds": 13.77}
{"event": "prepare_inputs", "split": "train", "samples": 400, "total": 1234, "wall_seconds": 19.13}
{"event": "prepare_inputs", "split": "train", "samples": 500, "total": 1234, "wall_seconds": 23.28}
{"event": "prepare_inputs", "split": "train", "samples": 600, "total": 1234, "wall_seconds": 27.15}
{"event": "prepare_inputs", "split": "train", "samples": 700, "total": 1234, "wall_seconds": 31.71}
{"event": "prepare_inputs", "split": "train", "samples": 800, "total": 1234, "wall_seconds": 35.06}
{"event": "prepare_inputs", "split": "train", "samples": 900, "total": 1234, "wall_seconds": 39.54}
{"event": "prepare_inputs", "split": "train", "samples": 1000, "total": 1234, "wall_seconds": 43.79}
{"event": "prepare_inputs", "split": "train", "samples": 1100, "total": 1234, "wall_seconds": 48.43}
{"event": "prepare_inputs", "split": "train", "samples": 1200, "total": 1234, "wall_seconds": 52.61}
{"event": "prepare_inputs", "split": "train", "samples": 1234, "total": 1234, "wall_seconds": 54.07}
{"event": "prepare_inputs", "split": "val", "samples": 100, "total": 166, "wall_seconds": 60.15}
{"event": "prepare_inputs", "split": "val", "samples": 166, "total": 166, "wall_seconds": 62.88}
{"event": "preflight_pass", "parameters": 915846, "samples": {"train": 1234, "val": 166}, "wall_seconds": 63.63}
{"event": "evaluation", "split": "val", "epoch": 0, "loss": 1.2841475017099495, "components": {"direction_loss": 1.055598298918052, "projection_loss": 0.228549203779324}, "mean_angle": 54.2916262968477, "mean_offset": 0.11354398919852922, "strict_count": 0, "loose_count": 0, "samples": 166, "selection_score": 25.92968873109063, "wall_seconds": 66.05}
{"event": "update", "epoch": 1, "update": 1, "batch_loss": 0.2972327172756195, "gradient_norm": 2.8308799266815186, "wall_seconds": 66.27}
{"event": "update", "epoch": 1, "update": 25, "batch_loss": 1.1016879081726074, "gradient_norm": 3.2301950454711914, "wall_seconds": 67.64}
{"event": "update", "epoch": 1, "update": 50, "batch_loss": 0.9333810806274414, "gradient_norm": 4.424718379974365, "wall_seconds": 69.06}
{"event": "update", "epoch": 1, "update": 75, "batch_loss": 0.9267030954360962, "gradient_norm": 3.292168140411377, "wall_seconds": 70.48}
{"event": "update", "epoch": 1, "update": 100, "batch_loss": 0.7863665819168091, "gradient_norm": 2.9966070652008057, "wall_seconds": 71.96}
{"event": "update", "epoch": 1, "update": 125, "batch_loss": 0.8658565878868103, "gradient_norm": 6.3959245681762695, "wall_seconds": 73.58}
{"event": "update", "epoch": 1, "update": 150, "batch_loss": 1.4974732398986816, "gradient_norm": 3.9808828830718994, "wall_seconds": 75.19}
{"event": "update", "epoch": 1, "update": 175, "batch_loss": 1.0383775234222412, "gradient_norm": 4.354373931884766, "wall_seconds": 76.83}
{"event": "update", "epoch": 1, "update": 200, "batch_loss": 0.5521459579467773, "gradient_norm": 3.2081212997436523, "wall_seconds": 78.44}
{"event": "update", "epoch": 1, "update": 225, "batch_loss": 0.9101066589355469, "gradient_norm": 5.962909698486328, "wall_seconds": 80.01}
{"event": "update", "epoch": 1, "update": 250, "batch_loss": 0.26351895928382874, "gradient_norm": 2.6601405143737793, "wall_seconds": 81.42}
{"event": "update", "epoch": 1, "update": 275, "batch_loss": 0.7302021980285645, "gradient_norm": 4.010530471801758, "wall_seconds": 82.83}
{"event": "update", "epoch": 1, "update": 300, "batch_loss": 0.5800362229347229, "gradient_norm": 1.0969640016555786, "wall_seconds": 84.24}
{"event": "epoch", "epoch": 1, "updates": 309, "seconds": 18.699661766993813, "learning_rate": 0.0002999537388717002, "loss": 0.843754445134724, "direction_loss": 0.6827423814050189, "projection_loss": 0.16101206509423605, "wall_seconds": 84.75}
{"event": "update", "epoch": 2, "update": 325, "batch_loss": 1.0405256748199463, "gradient_norm": 3.6805191040039062, "wall_seconds": 85.68}
{"event": "update", "epoch": 2, "update": 350, "batch_loss": 0.3869395852088928, "gradient_norm": 3.7436423301696777, "wall_seconds": 87.09}
{"event": "update", "epoch": 2, "update": 375, "batch_loss": 0.734981894493103, "gradient_norm": 3.131596326828003, "wall_seconds": 88.51}
{"event": "update", "epoch": 2, "update": 400, "batch_loss": 0.47815680503845215, "gradient_norm": 5.464557647705078, "wall_seconds": 89.94}
{"event": "update", "epoch": 2, "update": 425, "batch_loss": 0.5317730903625488, "gradient_norm": 6.391465187072754, "wall_seconds": 91.34}
{"event": "update", "epoch": 2, "update": 450, "batch_loss": 0.6530267000198364, "gradient_norm": 5.169389724731445, "wall_seconds": 92.76}
{"event": "update", "epoch": 2, "update": 475, "batch_loss": 0.38961684703826904, "gradient_norm": 4.92861270904541, "wall_seconds": 94.16}
{"event": "update", "epoch": 2, "update": 500, "batch_loss": 0.17354753613471985, "gradient_norm": 1.440779685974121, "wall_seconds": 95.6}
{"event": "update", "epoch": 2, "update": 525, "batch_loss": 0.1936771124601364, "gradient_norm": 1.132337212562561, "wall_seconds": 97.02}
{"event": "update", "epoch": 2, "update": 550, "batch_loss": 0.8203482627868652, "gradient_norm": 3.602444648742676, "wall_seconds": 98.43}
{"event": "update", "epoch": 2, "update": 575, "batch_loss": 0.5505412220954895, "gradient_norm": 19.621286392211914, "wall_seconds": 99.83}
{"event": "update", "epoch": 2, "update": 600, "batch_loss": 0.46740561723709106, "gradient_norm": 3.2986557483673096, "wall_seconds": 101.25}
{"event": "epoch", "epoch": 2, "updates": 618, "seconds": 17.487217332003638, "learning_rate": 0.00029981498719186745, "loss": 0.7074861994293945, "direction_loss": 0.5676809168229033, "projection_loss": 0.13980528325856795, "wall_seconds": 102.27}
{"event": "update", "epoch": 3, "update": 625, "batch_loss": 0.29211094975471497, "gradient_norm": 2.5648930072784424, "wall_seconds": 102.69}
{"event": "update", "epoch": 3, "update": 650, "batch_loss": 0.9240084290504456, "gradient_norm": 4.230152130126953, "wall_seconds": 104.1}
{"event": "update", "epoch": 3, "update": 675, "batch_loss": 0.5321568846702576, "gradient_norm": 3.2095823287963867, "wall_seconds": 105.52}
{"event": "update", "epoch": 3, "update": 700, "batch_loss": 1.046557903289795, "gradient_norm": 5.07158899307251, "wall_seconds": 106.94}
{"event": "update", "epoch": 3, "update": 725, "batch_loss": 0.9936257004737854, "gradient_norm": 5.654216289520264, "wall_seconds": 108.36}
{"event": "update", "epoch": 3, "update": 750, "batch_loss": 0.33187156915664673, "gradient_norm": 4.168709754943848, "wall_seconds": 109.78}
{"event": "update", "epoch": 3, "update": 775, "batch_loss": 0.5211119055747986, "gradient_norm": 21.934228897094727, "wall_seconds": 111.2}
{"event": "update", "epoch": 3, "update": 800, "batch_loss": 0.6309101581573486, "gradient_norm": 7.618419647216797, "wall_seconds": 112.61}
{"event": "update", "epoch": 3, "update": 825, "batch_loss": 1.017637848854065, "gradient_norm": 9.433565139770508, "wall_seconds": 114.03}
{"event": "update", "epoch": 3, "update": 850, "batch_loss": 0.30391383171081543, "gradient_norm": 4.046978950500488, "wall_seconds": 115.44}
{"event": "update", "epoch": 3, "update": 875, "batch_loss": 0.3698572814464569, "gradient_norm": 5.111461639404297, "wall_seconds": 116.86}
{"event": "update", "epoch": 3, "update": 900, "batch_loss": 0.43538546562194824, "gradient_norm": 12.60700798034668, "wall_seconds": 118.28}
{"event": "update", "epoch": 3, "update": 925, "batch_loss": 0.5414509177207947, "gradient_norm": 1.4639246463775635, "wall_seconds": 119.7}
{"event": "epoch", "epoch": 3, "updates": 927, "seconds": 17.520862272940576, "learning_rate": 0.0002995838400539723, "loss": 0.5614748634337606, "direction_loss": 0.4387087310925488, "projection_loss": 0.12276613186422972, "wall_seconds": 119.81}
{"event": "update", "epoch": 4, "update": 950, "batch_loss": 0.6947246789932251, "gradient_norm": 2.253570318222046, "wall_seconds": 121.15}
{"event": "update", "epoch": 4, "update": 975, "batch_loss": 1.1495342254638672, "gradient_norm": 2.3550643920898438, "wall_seconds": 122.57}
{"event": "update", "epoch": 4, "update": 1000, "batch_loss": 0.5315111875534058, "gradient_norm": 1.95142662525177, "wall_seconds": 124.16}
{"event": "update", "epoch": 4, "update": 1025, "batch_loss": 0.3204192519187927, "gradient_norm": 5.31654691696167, "wall_seconds": 125.75}
{"event": "update", "epoch": 4, "update": 1050, "batch_loss": 0.643970787525177, "gradient_norm": 2.727207660675049, "wall_seconds": 127.33}
{"event": "update", "epoch": 4, "update": 1075, "batch_loss": 0.21176521480083466, "gradient_norm": 2.459242343902588, "wall_seconds": 128.88}
{"event": "update", "epoch": 4, "update": 1100, "batch_loss": 0.12826484441757202, "gradient_norm": 1.9825172424316406, "wall_seconds": 130.45}
{"event": "update", "epoch": 4, "update": 1125, "batch_loss": 0.28585299849510193, "gradient_norm": 5.373621463775635, "wall_seconds": 132.01}
{"event": "update", "epoch": 4, "update": 1150, "batch_loss": 0.5759609341621399, "gradient_norm": 3.4854745864868164, "wall_seconds": 133.56}
{"event": "update", "epoch": 4, "update": 1175, "batch_loss": 0.1333601176738739, "gradient_norm": 5.3028788566589355, "wall_seconds": 135.14}
{"event": "update", "epoch": 4, "update": 1200, "batch_loss": 0.8801126480102539, "gradient_norm": 4.79391622543335, "wall_seconds": 136.76}
{"event": "update", "epoch": 4, "update": 1225, "batch_loss": 0.6702542901039124, "gradient_norm": 3.4789109230041504, "wall_seconds": 138.35}
{"event": "epoch", "epoch": 4, "updates": 1236, "seconds": 19.2113729120465, "learning_rate": 0.0002992604558747169, "loss": 0.429322931547219, "direction_loss": 0.321501582511512, "projection_loss": 0.10782134947117955, "wall_seconds": 139.05}
{"event": "update", "epoch": 5, "update": 1250, "batch_loss": 0.16160036623477936, "gradient_norm": 1.0913996696472168, "wall_seconds": 139.97}
{"event": "update", "epoch": 5, "update": 1275, "batch_loss": 0.47569793462753296, "gradient_norm": 3.000337600708008, "wall_seconds": 141.54}
{"event": "update", "epoch": 5, "update": 1300, "batch_loss": 0.5328018665313721, "gradient_norm": 3.4661524295806885, "wall_seconds": 143.11}
{"event": "update", "epoch": 5, "update": 1325, "batch_loss": 0.3644929826259613, "gradient_norm": 4.6459808349609375, "wall_seconds": 144.71}
{"event": "update", "epoch": 5, "update": 1350, "batch_loss": 0.3603436350822449, "gradient_norm": 3.344135046005249, "wall_seconds": 146.33}
{"event": "update", "epoch": 5, "update": 1375, "batch_loss": 0.6486144065856934, "gradient_norm": 2.7409932613372803, "wall_seconds": 148.03}
{"event": "update", "epoch": 5, "update": 1400, "batch_loss": 0.11141344904899597, "gradient_norm": 1.0432318449020386, "wall_seconds": 149.66}
{"event": "update", "epoch": 5, "update": 1425, "batch_loss": 0.09703252464532852, "gradient_norm": 1.0825763940811157, "wall_seconds": 151.29}
{"event": "update", "epoch": 5, "update": 1450, "batch_loss": 0.6505685448646545, "gradient_norm": 1.5457440614700317, "wall_seconds": 152.92}
{"event": "update", "epoch": 5, "update": 1475, "batch_loss": 0.19168555736541748, "gradient_norm": 1.477549433708191, "wall_seconds": 154.54}
{"event": "update", "epoch": 5, "update": 1500, "batch_loss": 0.5497838258743286, "gradient_norm": 10.934882164001465, "wall_seconds": 156.17}
{"event": "update", "epoch": 5, "update": 1525, "batch_loss": 0.16616418957710266, "gradient_norm": 2.686053514480591, "wall_seconds": 157.8}
{"event": "epoch", "epoch": 5, "updates": 1545, "seconds": 20.00625208695419, "learning_rate": 0.0002988450562854644, "loss": 0.3667898294146096, "direction_loss": 0.27069951828951816, "projection_loss": 0.09609031143509202, "wall_seconds": 159.09}
{"event": "evaluation", "split": "train", "epoch": 5, "loss": 0.28826862535585845, "components": {"direction_loss": 0.19691282406719507, "projection_loss": 0.09135580210187254}, "mean_angle": 15.220830235038575, "mean_offset": 0.09383443594009071, "strict_count": 14, "loose_count": 91, "samples": 1234, "selection_score": 13.157999259532968, "wall_seconds": 171.55}
{"event": "evaluation", "split": "val", "epoch": 5, "loss": 0.7793786738471813, "components": {"direction_loss": 0.6420384958324707, "projection_loss": 0.13734018039631557}, "mean_angle": 35.15350842619517, "mean_offset": 0.09837393375416567, "strict_count": 0, "loose_count": 4, "samples": 166, "selection_score": 18.697202241014494, "wall_seconds": 173.22}
{"event": "update", "epoch": 6, "update": 1550, "batch_loss": 0.08803240954875946, "gradient_norm": 1.4131587743759155, "wall_seconds": 173.56}
{"event": "update", "epoch": 6, "update": 1575, "batch_loss": 0.056909482926130295, "gradient_norm": 1.1419798135757446, "wall_seconds": 174.98}
{"event": "update", "epoch": 6, "update": 1600, "batch_loss": 0.4770749807357788, "gradient_norm": 4.77901554107666, "wall_seconds": 176.4}
{"event": "update", "epoch": 6, "update": 1625, "batch_loss": 0.05418543145060539, "gradient_norm": 1.3319566249847412, "wall_seconds": 177.83}
{"event": "update", "epoch": 6, "update": 1650, "batch_loss": 0.13768291473388672, "gradient_norm": 1.4401633739471436, "wall_seconds": 179.24}
{"event": "update", "epoch": 6, "update": 1675, "batch_loss": 0.041106708347797394, "gradient_norm": 0.8015268445014954, "wall_seconds": 180.64}
{"event": "update", "epoch": 6, "update": 1700, "batch_loss": 0.08857934176921844, "gradient_norm": 3.535804510116577, "wall_seconds": 182.05}
{"event": "update", "epoch": 6, "update": 1725, "batch_loss": 0.46408674120903015, "gradient_norm": 8.0088472366333, "wall_seconds": 183.46}
{"event": "update", "epoch": 6, "update": 1750, "batch_loss": 0.08964797854423523, "gradient_norm": 1.507570743560791, "wall_seconds": 184.89}
{"event": "update", "epoch": 6, "update": 1775, "batch_loss": 0.14337444305419922, "gradient_norm": 2.0673069953918457, "wall_seconds": 186.31}
{"event": "update", "epoch": 6, "update": 1800, "batch_loss": 0.17870615422725677, "gradient_norm": 2.5240328311920166, "wall_seconds": 187.73}
{"event": "update", "epoch": 6, "update": 1825, "batch_loss": 0.11872537434101105, "gradient_norm": 2.8179290294647217, "wall_seconds": 189.13}
{"event": "update", "epoch": 6, "update": 1850, "batch_loss": 0.576331377029419, "gradient_norm": 1.8178755044937134, "wall_seconds": 190.54}
{"event": "epoch", "epoch": 6, "updates": 1854, "seconds": 17.48068862501532, "learning_rate": 0.0002983379259803436, "loss": 0.28999295200989544, "direction_loss": 0.20394207727401012, "projection_loss": 0.08605087576569866, "wall_seconds": 190.76}
{"event": "update", "epoch": 7, "update": 1875, "batch_loss": 0.3734760284423828, "gradient_norm": 8.542827606201172, "wall_seconds": 191.96}
{"event": "update", "epoch": 7, "update": 1900, "batch_loss": 0.052565112709999084, "gradient_norm": 1.1282296180725098, "wall_seconds": 193.36}
{"event": "update", "epoch": 7, "update": 1925, "batch_loss": 0.5408352613449097, "gradient_norm": 1.6449365615844727, "wall_seconds": 194.97}
{"event": "update", "epoch": 7, "update": 1950, "batch_loss": 0.21632161736488342, "gradient_norm": 5.416638374328613, "wall_seconds": 196.58}
{"event": "update", "epoch": 7, "update": 1975, "batch_loss": 0.508114755153656, "gradient_norm": 11.074177742004395, "wall_seconds": 198.19}
{"event": "update", "epoch": 7, "update": 2000, "batch_loss": 0.6800485253334045, "gradient_norm": 11.214664459228516, "wall_seconds": 199.78}
{"event": "update", "epoch": 7, "update": 2025, "batch_loss": 0.5600265264511108, "gradient_norm": 5.851133346557617, "wall_seconds": 201.39}
{"event": "update", "epoch": 7, "update": 2050, "batch_loss": 0.5520369410514832, "gradient_norm": 1.3781124353408813, "wall_seconds": 202.99}
{"event": "update", "epoch": 7, "update": 2075, "batch_loss": 0.06595026701688766, "gradient_norm": 0.9209653735160828, "wall_seconds": 204.62}
{"event": "update", "epoch": 7, "update": 2100, "batch_loss": 0.07257287949323654, "gradient_norm": 1.1664752960205078, "wall_seconds": 206.26}
{"event": "update", "epoch": 7, "update": 2125, "batch_loss": 0.7505048513412476, "gradient_norm": 11.268342018127441, "wall_seconds": 207.92}
{"event": "update", "epoch": 7, "update": 2150, "batch_loss": 0.6722164154052734, "gradient_norm": 2.7849245071411133, "wall_seconds": 209.54}
{"event": "epoch", "epoch": 7, "updates": 2163, "seconds": 19.58356113510672, "learning_rate": 0.0002977394125211339, "loss": 0.2799078526588178, "direction_loss": 0.19840747990488486, "projection_loss": 0.08150037303808443, "wall_seconds": 210.37}
{"event": "update", "epoch": 8, "update": 2175, "batch_loss": 0.03394634649157524, "gradient_norm": 0.7309368848800659, "wall_seconds": 211.18}
{"event": "update", "epoch": 8, "update": 2200, "batch_loss": 0.16043226420879364, "gradient_norm": 4.456674575805664, "wall_seconds": 212.79}
{"event": "update", "epoch": 8, "update": 2225, "batch_loss": 0.047059204429388046, "gradient_norm": 0.9202649593353271, "wall_seconds": 214.4}
{"event": "update", "epoch": 8, "update": 2250, "batch_loss": 0.09711851179599762, "gradient_norm": 2.3382225036621094, "wall_seconds": 216.01}
{"event": "update", "epoch": 8, "update": 2275, "batch_loss": 0.5744906067848206, "gradient_norm": 1.4633957147598267, "wall_seconds": 217.63}
{"event": "update", "epoch": 8, "update": 2300, "batch_loss": 0.48366180062294006, "gradient_norm": 7.626267433166504, "wall_seconds": 219.24}
{"event": "update", "epoch": 8, "update": 2325, "batch_loss": 0.026329729706048965, "gradient_norm": 0.6310209035873413, "wall_seconds": 220.85}
{"event": "update", "epoch": 8, "update": 2350, "batch_loss": 0.3225473165512085, "gradient_norm": 4.120551586151123, "wall_seconds": 222.46}
{"event": "update", "epoch": 8, "update": 2375, "batch_loss": 0.41948753595352173, "gradient_norm": 6.7317728996276855, "wall_seconds": 223.93}
{"event": "update", "epoch": 8, "update": 2400, "batch_loss": 0.05992336571216583, "gradient_norm": 0.802764356136322, "wall_seconds": 225.38}
{"event": "update", "epoch": 8, "update": 2425, "batch_loss": 0.13494521379470825, "gradient_norm": 1.1987347602844238, "wall_seconds": 226.82}
{"event": "update", "epoch": 8, "update": 2450, "batch_loss": 0.4575493335723877, "gradient_norm": 6.16287088394165, "wall_seconds": 228.25}
{"event": "epoch", "epoch": 8, "updates": 2472, "seconds": 19.1044308480341, "learning_rate": 0.0002970499260990638, "loss": 0.25895966338280535, "direction_loss": 0.18327152174693717, "projection_loss": 0.0756881410403953, "wall_seconds": 229.51}
{"event": "update", "epoch": 9, "update": 2475, "batch_loss": 0.024699343368411064, "gradient_norm": 0.7385126948356628, "wall_seconds": 229.71}
{"event": "update", "epoch": 9, "update": 2500, "batch_loss": 0.051822490990161896, "gradient_norm": 0.6797996759414673, "wall_seconds": 231.13}
{"event": "update", "epoch": 9, "update": 2525, "batch_loss": 0.07139597088098526, "gradient_norm": 1.069567322731018, "wall_seconds": 232.76}
{"event": "update", "epoch": 9, "update": 2550, "batch_loss": 0.6175934076309204, "gradient_norm": 2.1994166374206543, "wall_seconds": 234.38}
{"event": "update", "epoch": 9, "update": 2575, "batch_loss": 0.2846880555152893, "gradient_norm": 1.8338351249694824, "wall_seconds": 235.99}
{"event": "update", "epoch": 9, "update": 2600, "batch_loss": 0.05350346490740776, "gradient_norm": 0.878243088722229, "wall_seconds": 237.59}
{"event": "update", "epoch": 9, "update": 2625, "batch_loss": 0.19597144424915314, "gradient_norm": 1.0810332298278809, "wall_seconds": 239.2}
{"event": "update", "epoch": 9, "update": 2650, "batch_loss": 0.24943235516548157, "gradient_norm": 12.302520751953125, "wall_seconds": 240.81}
{"event": "update", "epoch": 9, "update": 2675, "batch_loss": 0.12463223934173584, "gradient_norm": 4.533809185028076, "wall_seconds": 242.42}
{"event": "update", "epoch": 9, "update": 2700, "batch_loss": 0.5078309774398804, "gradient_norm": 4.055350303649902, "wall_seconds": 244.03}
{"event": "update", "epoch": 9, "update": 2725, "batch_loss": 0.05127546191215515, "gradient_norm": 1.838069200515747, "wall_seconds": 245.66}
{"event": "update", "epoch": 9, "update": 2750, "batch_loss": 0.8355255722999573, "gradient_norm": 9.685723304748535, "wall_seconds": 247.3}
{"event": "update", "epoch": 9, "update": 2775, "batch_loss": 0.057594142854213715, "gradient_norm": 0.9807783365249634, "wall_seconds": 248.93}
{"event": "epoch", "epoch": 9, "updates": 2781, "seconds": 19.786146761965938, "learning_rate": 0.0002962699392536863, "loss": 0.23056391213010738, "direction_loss": 0.16041694520187763, "projection_loss": 0.07014696690068252, "wall_seconds": 249.32}
{"event": "update", "epoch": 10, "update": 2800, "batch_loss": 0.5559403300285339, "gradient_norm": 2.091850996017456, "wall_seconds": 250.59}
{"event": "update", "epoch": 10, "update": 2825, "batch_loss": 0.5740805864334106, "gradient_norm": 1.6828581094741821, "wall_seconds": 252.22}
{"event": "update", "epoch": 10, "update": 2850, "batch_loss": 0.07653684914112091, "gradient_norm": 1.4503453969955444, "wall_seconds": 253.84}
{"event": "update", "epoch": 10, "update": 2875, "batch_loss": 0.045430347323417664, "gradient_norm": 0.8806059956550598, "wall_seconds": 255.44}
{"event": "update", "epoch": 10, "update": 2900, "batch_loss": 0.0540301650762558, "gradient_norm": 0.694794774055481, "wall_seconds": 257.06}
{"event": "update", "epoch": 10, "update": 2925, "batch_loss": 0.49706119298934937, "gradient_norm": 15.667040824890137, "wall_seconds": 258.67}
{"event": "update", "epoch": 10, "update": 2950, "batch_loss": 0.30067527294158936, "gradient_norm": 10.851630210876465, "wall_seconds": 260.3}
{"event": "update", "epoch": 10, "update": 2975, "batch_loss": 0.06771202385425568, "gradient_norm": 0.9189167022705078, "wall_seconds": 261.93}
{"event": "update", "epoch": 10, "update": 3000, "batch_loss": 0.04289980232715607, "gradient_norm": 1.1590394973754883, "wall_seconds": 263.57}
{"event": "update", "epoch": 10, "update": 3025, "batch_loss": 0.014957834035158157, "gradient_norm": 0.32649490237236023, "wall_seconds": 265.23}
{"event": "update", "epoch": 10, "update": 3050, "batch_loss": 0.06912408769130707, "gradient_norm": 2.478837490081787, "wall_seconds": 266.87}
{"event": "update", "epoch": 10, "update": 3075, "batch_loss": 0.075840525329113, "gradient_norm": 0.9183458685874939, "wall_seconds": 268.51}
{"event": "epoch", "epoch": 10, "updates": 3090, "seconds": 20.140179379028268, "learning_rate": 0.0002953999865490242, "loss": 0.20100484297548932, "direction_loss": 0.1388164735362394, "projection_loss": 0.062188369428778194, "wall_seconds": 269.5}
{"event": "evaluation", "split": "train", "epoch": 10, "loss": 0.1723752574515159, "components": {"direction_loss": 0.11812490682858609, "projection_loss": 0.054250351168408484}, "mean_angle": 9.826476691855266, "mean_offset": 0.06226557502724008, "strict_count": 61, "loose_count": 274, "samples": 1234, "selection_score": 10.219122806333926, "wall_seconds": 282.01}
{"event": "evaluation", "split": "val", "epoch": 10, "loss": 0.815894646592528, "components": {"direction_loss": 0.6834599251370788, "projection_loss": 0.13243472486375327}, "mean_angle": 36.77206190917865, "mean_offset": 0.08803721852895119, "strict_count": 0, "loose_count": 10, "samples": 166, "selection_score": 18.04523862497261, "wall_seconds": 283.63}
{"event": "update", "epoch": 11, "update": 3100, "batch_loss": 0.04550977796316147, "gradient_norm": 0.8089597821235657, "wall_seconds": 284.25}
{"event": "update", "epoch": 11, "update": 3125, "batch_loss": 0.04278895631432533, "gradient_norm": 1.3743999004364014, "wall_seconds": 285.79}
{"event": "update", "epoch": 11, "update": 3150, "batch_loss": 0.073970265686512, "gradient_norm": 2.4381814002990723, "wall_seconds": 287.36}
{"event": "update", "epoch": 11, "update": 3175, "batch_loss": 0.06136245280504227, "gradient_norm": 0.9049650430679321, "wall_seconds": 288.92}
{"event": "update", "epoch": 11, "update": 3200, "batch_loss": 0.04671258106827736, "gradient_norm": 0.8878365159034729, "wall_seconds": 290.49}
{"event": "update", "epoch": 11, "update": 3225, "batch_loss": 0.06945666670799255, "gradient_norm": 1.1850864887237549, "wall_seconds": 292.07}
{"event": "update", "epoch": 11, "update": 3250, "batch_loss": 0.10800804942846298, "gradient_norm": 2.5678658485412598, "wall_seconds": 293.68}
{"event": "update", "epoch": 11, "update": 3275, "batch_loss": 0.05649199336767197, "gradient_norm": 0.7908344864845276, "wall_seconds": 295.3}
{"event": "update", "epoch": 11, "update": 3300, "batch_loss": 0.02183709479868412, "gradient_norm": 0.7699145078659058, "wall_seconds": 296.91}
{"event": "update", "epoch": 11, "update": 3325, "batch_loss": 0.0214990247040987, "gradient_norm": 0.7358885407447815, "wall_seconds": 298.54}
{"event": "update", "epoch": 11, "update": 3350, "batch_loss": 0.05899788439273834, "gradient_norm": 0.9868250489234924, "wall_seconds": 300.2}
{"event": "update", "epoch": 11, "update": 3375, "batch_loss": 0.014850565232336521, "gradient_norm": 0.5286040902137756, "wall_seconds": 301.79}
{"event": "epoch", "epoch": 11, "updates": 3399, "seconds": 19.632541312021203, "learning_rate": 0.00029444066420720603, "loss": 0.20027286956627133, "direction_loss": 0.14091963662093843, "projection_loss": 0.0593532336380701, "wall_seconds": 303.32}
{"event": "update", "epoch": 12, "update": 3400, "batch_loss": 0.025586234405636787, "gradient_norm": 0.8051384091377258, "wall_seconds": 303.42}
{"event": "update", "epoch": 12, "update": 3425, "batch_loss": 0.34464123845100403, "gradient_norm": 3.5102334022521973, "wall_seconds": 305.01}
{"event": "update", "epoch": 12, "update": 3450, "batch_loss": 0.2906615138053894, "gradient_norm": 2.1026575565338135, "wall_seconds": 306.63}
{"event": "update", "epoch": 12, "update": 3475, "batch_loss": 0.019217003136873245, "gradient_norm": 0.5818033218383789, "wall_seconds": 308.24}
{"event": "update", "epoch": 12, "update": 3500, "batch_loss": 0.035841818898916245, "gradient_norm": 0.8027961254119873, "wall_seconds": 309.83}
{"event": "update", "epoch": 12, "update": 3525, "batch_loss": 0.2062990963459015, "gradient_norm": 2.3461973667144775, "wall_seconds": 311.44}
{"event": "update", "epoch": 12, "update": 3550, "batch_loss": 0.03869525343179703, "gradient_norm": 1.0063481330871582, "wall_seconds": 313.08}
{"event": "update", "epoch": 12, "update": 3575, "batch_loss": 0.13926619291305542, "gradient_norm": 0.6747210621833801, "wall_seconds": 314.69}
{"event": "update", "epoch": 12, "update": 3600, "batch_loss": 0.02854117378592491, "gradient_norm": 0.977066695690155, "wall_seconds": 316.29}
{"event": "update", "epoch": 12, "update": 3625, "batch_loss": 0.11916101723909378, "gradient_norm": 1.638791799545288, "wall_seconds": 317.9}
{"event": "update", "epoch": 12, "update": 3650, "batch_loss": 0.03299613296985626, "gradient_norm": 1.0675716400146484, "wall_seconds": 319.5}
{"event": "update", "epoch": 12, "update": 3675, "batch_loss": 0.1558162420988083, "gradient_norm": 1.0681017637252808, "wall_seconds": 321.1}
{"event": "update", "epoch": 12, "update": 3700, "batch_loss": 0.11228077113628387, "gradient_norm": 1.3968727588653564, "wall_seconds": 322.7}
{"event": "epoch", "epoch": 12, "updates": 3708, "seconds": 19.860544409952126, "learning_rate": 0.0002933926296998457, "loss": 0.16537347888178533, "direction_loss": 0.11084004356133385, "projection_loss": 0.054533436046113264, "wall_seconds": 323.21}
{"event": "update", "epoch": 13, "update": 3725, "batch_loss": 0.04031623527407646, "gradient_norm": 0.739240288734436, "wall_seconds": 324.34}
{"event": "update", "epoch": 13, "update": 3750, "batch_loss": 0.06599382311105728, "gradient_norm": 1.285019040107727, "wall_seconds": 325.96}
{"event": "update", "epoch": 13, "update": 3775, "batch_loss": 0.10775505006313324, "gradient_norm": 0.8308899998664856, "wall_seconds": 327.58}
{"event": "update", "epoch": 13, "update": 3800, "batch_loss": 0.033945027738809586, "gradient_norm": 1.2982321977615356, "wall_seconds": 329.18}
{"event": "update", "epoch": 13, "update": 3825, "batch_loss": 0.023001575842499733, "gradient_norm": 0.6120912432670593, "wall_seconds": 330.78}
{"event": "update", "epoch": 13, "update": 3850, "batch_loss": 0.5174731016159058, "gradient_norm": 2.690589189529419, "wall_seconds": 332.38}
{"event": "update", "epoch": 13, "update": 3875, "batch_loss": 0.03337804973125458, "gradient_norm": 0.6763643026351929, "wall_seconds": 333.93}
{"event": "update", "epoch": 13, "update": 3900, "batch_loss": 0.04568226635456085, "gradient_norm": 1.3748012781143188, "wall_seconds": 335.29}
{"event": "update", "epoch": 13, "update": 3925, "batch_loss": 0.07418958842754364, "gradient_norm": 1.0937395095825195, "wall_seconds": 336.7}
{"event": "update", "epoch": 13, "update": 3950, "batch_loss": 0.0778951570391655, "gradient_norm": 1.296550989151001, "wall_seconds": 338.12}
{"event": "update", "epoch": 13, "update": 3975, "batch_loss": 0.11561395227909088, "gradient_norm": 0.7702301144599915, "wall_seconds": 339.54}
{"event": "update", "epoch": 13, "update": 4000, "batch_loss": 0.5599216222763062, "gradient_norm": 11.907570838928223, "wall_seconds": 340.97}
{"event": "epoch", "epoch": 13, "updates": 4017, "seconds": 18.682083352003247, "learning_rate": 0.0002922566012974441, "loss": 0.1519991249160017, "direction_loss": 0.09959453501935023, "projection_loss": 0.05240459075707767, "wall_seconds": 341.93}
{"event": "update", "epoch": 14, "update": 4025, "batch_loss": 0.12063442170619965, "gradient_norm": 1.1811176538467407, "wall_seconds": 342.41}
{"event": "update", "epoch": 14, "update": 4050, "batch_loss": 0.08905887603759766, "gradient_norm": 2.216334104537964, "wall_seconds": 343.82}
{"event": "update", "epoch": 14, "update": 4075, "batch_loss": 0.41660404205322266, "gradient_norm": 3.5212149620056152, "wall_seconds": 345.42}
{"event": "update", "epoch": 14, "update": 4100, "batch_loss": 0.10674066841602325, "gradient_norm": 0.7307513356208801, "wall_seconds": 347.03}
{"event": "update", "epoch": 14, "update": 4125, "batch_loss": 0.5362780094146729, "gradient_norm": 2.2492787837982178, "wall_seconds": 348.64}
{"event": "update", "epoch": 14, "update": 4150, "batch_loss": 0.027754683047533035, "gradient_norm": 0.7293659448623657, "wall_seconds": 350.24}
{"event": "update", "epoch": 14, "update": 4175, "batch_loss": 0.07114343345165253, "gradient_norm": 1.0228842496871948, "wall_seconds": 351.85}
{"event": "update", "epoch": 14, "update": 4200, "batch_loss": 0.013489998877048492, "gradient_norm": 0.3757402002811432, "wall_seconds": 353.46}
{"event": "update", "epoch": 14, "update": 4225, "batch_loss": 0.030479487031698227, "gradient_norm": 0.9236122369766235, "wall_seconds": 355.09}
{"event": "update", "epoch": 14, "update": 4250, "batch_loss": 0.2165396362543106, "gradient_norm": 2.7691967487335205, "wall_seconds": 356.74}
{"event": "update", "epoch": 14, "update": 4275, "batch_loss": 0.025666845962405205, "gradient_norm": 1.080356240272522, "wall_seconds": 358.38}
{"event": "update", "epoch": 14, "update": 4300, "batch_loss": 0.03961722552776337, "gradient_norm": 0.9141135811805725, "wall_seconds": 360.03}
{"event": "update", "epoch": 14, "update": 4325, "batch_loss": 0.019652234390378, "gradient_norm": 0.6457164883613586, "wall_seconds": 361.71}
{"event": "epoch", "epoch": 14, "updates": 4326, "seconds": 19.8235492099775, "learning_rate": 0.0002910333575771222, "loss": 0.14825249745584482, "direction_loss": 0.10078325862756657, "projection_loss": 0.047469238887995334, "wall_seconds": 361.78}
{"event": "update", "epoch": 15, "update": 4350, "batch_loss": 0.020009241998195648, "gradient_norm": 0.5267549753189087, "wall_seconds": 363.38}
{"event": "update", "epoch": 15, "update": 4375, "batch_loss": 0.14999321103096008, "gradient_norm": 9.26644515991211, "wall_seconds": 365.03}
{"event": "update", "epoch": 15, "update": 4400, "batch_loss": 0.042642734944820404, "gradient_norm": 1.1618937253952026, "wall_seconds": 366.65}
{"event": "update", "epoch": 15, "update": 4425, "batch_loss": 0.019984638318419456, "gradient_norm": 0.6954428553581238, "wall_seconds": 368.29}
{"event": "update", "epoch": 15, "update": 4450, "batch_loss": 0.05490417033433914, "gradient_norm": 3.222550868988037, "wall_seconds": 369.93}
{"event": "update", "epoch": 15, "update": 4475, "batch_loss": 0.03601573035120964, "gradient_norm": 1.109285593032837, "wall_seconds": 371.56}
{"event": "update", "epoch": 15, "update": 4500, "batch_loss": 0.02806244231760502, "gradient_norm": 1.0625492334365845, "wall_seconds": 373.19}
{"event": "update", "epoch": 15, "update": 4525, "batch_loss": 0.048851463943719864, "gradient_norm": 1.0194497108459473, "wall_seconds": 374.82}
{"event": "update", "epoch": 15, "update": 4550, "batch_loss": 0.0727366954088211, "gradient_norm": 1.0885741710662842, "wall_seconds": 376.45}
{"event": "update", "epoch": 15, "update": 4575, "batch_loss": 0.08088751882314682, "gradient_norm": 1.1382375955581665, "wall_seconds": 378.07}
{"event": "update", "epoch": 15, "update": 4600, "batch_loss": 0.5370531678199768, "gradient_norm": 32.236759185791016, "wall_seconds": 379.69}
{"event": "update", "epoch": 15, "update": 4625, "batch_loss": 0.026344357058405876, "gradient_norm": 0.7988596558570862, "wall_seconds": 381.33}
{"event": "epoch", "epoch": 15, "updates": 4635, "seconds": 20.197306410991587, "learning_rate": 0.0002897237368890237, "loss": 0.10937299704514263, "direction_loss": 0.06788564457145264, "projection_loss": 0.0414873524651994, "wall_seconds": 382.01}
{"event": "evaluation", "split": "train", "epoch": 15, "loss": 0.09732046026760649, "components": {"direction_loss": 0.056737701957646304, "projection_loss": 0.040582758235644}, "mean_angle": 5.7594969376794865, "mean_offset": 0.04965555613202562, "strict_count": 108, "loose_count": 333, "samples": 1234, "selection_score": 7.518410398088828, "wall_seconds": 394.84}
{"event": "evaluation", "split": "val", "epoch": 15, "loss": 0.6888916830431266, "components": {"direction_loss": 0.5733631530472257, "projection_loss": 0.11552853303321872}, "mean_angle": 30.66563831045326, "mean_offset": 0.08158529492400879, "strict_count": 5, "loose_count": 18, "samples": 166, "selection_score": 16.136914187889126, "wall_seconds": 396.44}
{"event": "update", "epoch": 16, "update": 4650, "batch_loss": 0.012438417412340641, "gradient_norm": 0.4509718120098114, "wall_seconds": 397.35}
{"event": "update", "epoch": 16, "update": 4675, "batch_loss": 0.029387803748250008, "gradient_norm": 0.6456391215324402, "wall_seconds": 398.76}
{"event": "update", "epoch": 16, "update": 4700, "batch_loss": 0.07396738231182098, "gradient_norm": 10.116902351379395, "wall_seconds": 400.17}
{"event": "update", "epoch": 16, "update": 4725, "batch_loss": 0.3650810122489929, "gradient_norm": 5.689022541046143, "wall_seconds": 401.57}
{"event": "update", "epoch": 16, "update": 4750, "batch_loss": 0.02904711291193962, "gradient_norm": 0.5319157242774963, "wall_seconds": 402.99}
{"event": "update", "epoch": 16, "update": 4775, "batch_loss": 0.09111848473548889, "gradient_norm": 2.8128867149353027, "wall_seconds": 404.4}
{"event": "update", "epoch": 16, "update": 4800, "batch_loss": 0.21107161045074463, "gradient_norm": 6.786967754364014, "wall_seconds": 405.81}
{"event": "update", "epoch": 16, "update": 4825, "batch_loss": 0.029910286888480186, "gradient_norm": 0.6490452289581299, "wall_seconds": 407.37}
{"event": "update", "epoch": 16, "update": 4850, "batch_loss": 0.015455725602805614, "gradient_norm": 0.4996306300163269, "wall_seconds": 409.02}
{"event": "update", "epoch": 16, "update": 4875, "batch_loss": 0.17154598236083984, "gradient_norm": 0.7574512958526611, "wall_seconds": 410.62}
{"event": "update", "epoch": 16, "update": 4900, "batch_loss": 0.402192085981369, "gradient_norm": 39.08916091918945, "wall_seconds": 412.24}
{"event": "update", "epoch": 16, "update": 4925, "batch_loss": 0.12387879192829132, "gradient_norm": 9.838556289672852, "wall_seconds": 413.86}
{"event": "epoch", "epoch": 16, "updates": 4944, "seconds": 18.597768228966743, "learning_rate": 0.00028832863678175105, "loss": 0.11056581465602887, "direction_loss": 0.07065098458482934, "projection_loss": 0.03991483013648268, "wall_seconds": 415.1}
{"event": "update", "epoch": 17, "update": 4950, "batch_loss": 0.018505753949284554, "gradient_norm": 0.657755434513092, "wall_seconds": 415.53}
{"event": "update", "epoch": 17, "update": 4975, "batch_loss": 0.07986048609018326, "gradient_norm": 2.924154043197632, "wall_seconds": 417.15}
{"event": "update", "epoch": 17, "update": 5000, "batch_loss": 0.014161041006445885, "gradient_norm": 0.4915259778499603, "wall_seconds": 418.77}
{"event": "update", "epoch": 17, "update": 5025, "batch_loss": 0.024693777784705162, "gradient_norm": 0.8097584247589111, "wall_seconds": 420.44}
{"event": "update", "epoch": 17, "update": 5050, "batch_loss": 0.027949701994657516, "gradient_norm": 0.665917694568634, "wall_seconds": 422.07}
{"event": "update", "epoch": 17, "update": 5075, "batch_loss": 0.03487133979797363, "gradient_norm": 0.9546853303909302, "wall_seconds": 423.71}
{"event": "update", "epoch": 17, "update": 5100, "batch_loss": 0.2146274298429489, "gradient_norm": 1.3846406936645508, "wall_seconds": 425.3}
{"event": "update", "epoch": 17, "update": 5125, "batch_loss": 0.12567351758480072, "gradient_norm": 21.53667640686035, "wall_seconds": 426.92}
{"event": "update", "epoch": 17, "update": 5150, "batch_loss": 0.0619734562933445, "gradient_norm": 1.773298740386963, "wall_seconds": 428.54}
{"event": "update", "epoch": 17, "update": 5175, "batch_loss": 0.0282445065677166, "gradient_norm": 0.9176161885261536, "wall_seconds": 430.15}
{"event": "update", "epoch": 17, "update": 5200, "batch_loss": 0.5627402663230896, "gradient_norm": 7.4228715896606445, "wall_seconds": 431.76}
{"event": "update", "epoch": 17, "update": 5225, "batch_loss": 0.016866322606801987, "gradient_norm": 0.44344255328178406, "wall_seconds": 433.24}
{"event": "update", "epoch": 17, "update": 5250, "batch_loss": 0.01441612932831049, "gradient_norm": 0.4062401354312897, "wall_seconds": 434.67}
{"event": "epoch", "epoch": 17, "updates": 5253, "seconds": 19.704111131024547, "learning_rate": 0.00028684901338723115, "loss": 0.09525449787579006, "direction_loss": 0.05733167103176534, "projection_loss": 0.037922826865793624, "wall_seconds": 434.84}
{"event": "update", "epoch": 18, "update": 5275, "batch_loss": 0.012880141846835613, "gradient_norm": 0.6547602415084839, "wall_seconds": 436.11}
{"event": "update", "epoch": 18, "update": 5300, "batch_loss": 0.021288717165589333, "gradient_norm": 0.5671384334564209, "wall_seconds": 437.5}
{"event": "update", "epoch": 18, "update": 5325, "batch_loss": 0.3994646370410919, "gradient_norm": 7.315789222717285, "wall_seconds": 438.85}
{"event": "update", "epoch": 18, "update": 5350, "batch_loss": 0.017825733870267868, "gradient_norm": 0.8960073590278625, "wall_seconds": 440.23}
{"event": "update", "epoch": 18, "update": 5375, "batch_loss": 0.02681606076657772, "gradient_norm": 0.8002727031707764, "wall_seconds": 441.6}
{"event": "update", "epoch": 18, "update": 5400, "batch_loss": 0.024295831099152565, "gradient_norm": 0.9888361096382141, "wall_seconds": 442.97}
{"event": "update", "epoch": 18, "update": 5425, "batch_loss": 0.01698393002152443, "gradient_norm": 0.47477248311042786, "wall_seconds": 444.34}
{"event": "update", "epoch": 18, "update": 5450, "batch_loss": 0.025418667122721672, "gradient_norm": 0.6486346125602722, "wall_seconds": 445.72}
{"event": "update", "epoch": 18, "update": 5475, "batch_loss": 0.042019978165626526, "gradient_norm": 0.7454186081886292, "wall_seconds": 447.08}
{"event": "update", "epoch": 18, "update": 5500, "batch_loss": 0.5484507083892822, "gradient_norm": 1.7430514097213745, "wall_seconds": 448.48}
{"event": "update", "epoch": 18, "update": 5525, "batch_loss": 0.030061498284339905, "gradient_norm": 0.8844638466835022, "wall_seconds": 449.92}
{"event": "update", "epoch": 18, "update": 5550, "batch_loss": 0.00803417805582285, "gradient_norm": 0.34469959139823914, "wall_seconds": 451.35}
{"event": "epoch", "epoch": 18, "updates": 5562, "seconds": 17.16284237196669, "learning_rate": 0.0002852858807654296, "loss": 0.08341122698718063, "direction_loss": 0.049027356096204504, "projection_loss": 0.03438387080163633, "wall_seconds": 452.03}
{"event": "update", "epoch": 19, "update": 5575, "batch_loss": 0.12018470466136932, "gradient_norm": 4.063388347625732, "wall_seconds": 452.79}
{"event": "update", "epoch": 19, "update": 5600, "batch_loss": 0.04550429433584213, "gradient_norm": 0.751118540763855, "wall_seconds": 454.2}
{"event": "update", "epoch": 19, "update": 5625, "batch_loss": 0.02838514931499958, "gradient_norm": 1.0888453722000122, "wall_seconds": 455.6}
{"event": "update", "epoch": 19, "update": 5650, "batch_loss": 0.5217539668083191, "gradient_norm": 3.850454807281494, "wall_seconds": 457.01}
{"event": "update", "epoch": 19, "update": 5675, "batch_loss": 0.01700001396238804, "gradient_norm": 0.681647777557373, "wall_seconds": 458.43}
{"event": "update", "epoch": 19, "update": 5700, "batch_loss": 0.5243180394172668, "gradient_norm": 1.3001248836517334, "wall_seconds": 459.85}
{"event": "update", "epoch": 19, "update": 5725, "batch_loss": 0.11495867371559143, "gradient_norm": 2.196033477783203, "wall_seconds": 461.29}
{"event": "update", "epoch": 19, "update": 5750, "batch_loss": 0.047651778906583786, "gradient_norm": 1.1392053365707397, "wall_seconds": 462.71}
{"event": "update", "epoch": 19, "update": 5775, "batch_loss": 0.012393475510179996, "gradient_norm": 0.5414390563964844, "wall_seconds": 464.15}
{"event": "update", "epoch": 19, "update": 5800, "batch_loss": 0.014066120609641075, "gradient_norm": 0.6720739603042603, "wall_seconds": 465.6}
{"event": "update", "epoch": 19, "update": 5825, "batch_loss": 0.042975474148988724, "gradient_norm": 1.0868831872940063, "wall_seconds": 467.08}
{"event": "update", "epoch": 19, "update": 5850, "batch_loss": 0.05635705962777138, "gradient_norm": 0.9902048110961914, "wall_seconds": 468.75}
{"event": "epoch", "epoch": 19, "updates": 5871, "seconds": 18.076063087093644, "learning_rate": 0.00028364031020936524, "loss": 0.08305144282374863, "direction_loss": 0.05054054458315142, "projection_loss": 0.032510898293356745, "wall_seconds": 470.13}
{"event": "update", "epoch": 20, "update": 5875, "batch_loss": 0.012797233648598194, "gradient_norm": 0.5465223789215088, "wall_seconds": 470.43}
{"event": "update", "epoch": 20, "update": 5900, "batch_loss": 0.1511373072862625, "gradient_norm": 0.9450550675392151, "wall_seconds": 472.06}
{"event": "update", "epoch": 20, "update": 5925, "batch_loss": 0.3826226592063904, "gradient_norm": 4.829786777496338, "wall_seconds": 473.69}
{"event": "update", "epoch": 20, "update": 5950, "batch_loss": 0.02318853884935379, "gradient_norm": 0.9966902136802673, "wall_seconds": 475.33}
{"event": "update", "epoch": 20, "update": 5975, "batch_loss": 0.02121216617524624, "gradient_norm": 0.6423337459564209, "wall_seconds": 476.95}
{"event": "update", "epoch": 20, "update": 6000, "batch_loss": 0.038182057440280914, "gradient_norm": 1.1689231395721436, "wall_seconds": 478.58}
{"event": "update", "epoch": 20, "update": 6025, "batch_loss": 0.035500600934028625, "gradient_norm": 1.614171028137207, "wall_seconds": 480.21}
{"event": "update", "epoch": 20, "update": 6050, "batch_loss": 0.02204604260623455, "gradient_norm": 0.6682966351509094, "wall_seconds": 481.83}
{"event": "update", "epoch": 20, "update": 6075, "batch_loss": 0.012064144015312195, "gradient_norm": 0.4280378520488739, "wall_seconds": 483.47}
{"event": "update", "epoch": 20, "update": 6100, "batch_loss": 0.503740668296814, "gradient_norm": 2.2559878826141357, "wall_seconds": 485.09}
{"event": "update", "epoch": 20, "update": 6125, "batch_loss": 0.05305347219109535, "gradient_norm": 1.180930495262146, "wall_seconds": 486.75}
{"event": "update", "epoch": 20, "update": 6150, "batch_loss": 0.06215347349643707, "gradient_norm": 3.9359819889068604, "wall_seconds": 488.37}
{"event": "update", "epoch": 20, "update": 6175, "batch_loss": 0.04404691979289055, "gradient_norm": 0.9193826913833618, "wall_seconds": 490.02}
{"event": "epoch", "epoch": 20, "updates": 6180, "seconds": 20.191533869015984, "learning_rate": 0.00028191342951089913, "loss": 0.0745072453139377, "direction_loss": 0.04259693016625663, "projection_loss": 0.031910314905416445, "wall_seconds": 490.36}
{"event": "evaluation", "split": "train", "epoch": 20, "loss": 0.053428342572686596, "components": {"direction_loss": 0.02782957419569395, "projection_loss": 0.02559876852748822}, "mean_angle": 3.267592303557518, "mean_offset": 0.03530824527000941, "strict_count": 251, "loose_count": 581, "samples": 1234, "selection_score": 5.004738043495375, "wall_seconds": 502.58}
{"event": "evaluation", "split": "val", "epoch": 20, "loss": 0.7292884327695671, "components": {"direction_loss": 0.6156709183018699, "projection_loss": 0.11361751409180193}, "mean_angle": 32.57968976420452, "mean_offset": 0.07054156404274729, "strict_count": 12, "loose_count": 28, "samples": 166, "selection_score": 14.640901272103624, "wall_seconds": 504.17}
{"event": "update", "epoch": 21, "update": 6200, "batch_loss": 0.03916019946336746, "gradient_norm": 1.228075385093689, "wall_seconds": 505.34}
{"event": "update", "epoch": 21, "update": 6225, "batch_loss": 0.5655168294906616, "gradient_norm": 1.0182675123214722, "wall_seconds": 506.77}
{"event": "update", "epoch": 21, "update": 6250, "batch_loss": 0.014477867633104324, "gradient_norm": 0.7017729878425598, "wall_seconds": 508.19}
{"event": "update", "epoch": 21, "update": 6275, "batch_loss": 0.013486471027135849, "gradient_norm": 0.44185003638267517, "wall_seconds": 509.63}
{"event": "update", "epoch": 21, "update": 6300, "batch_loss": 0.03237272426486015, "gradient_norm": 0.798730194568634, "wall_seconds": 511.04}
{"event": "update", "epoch": 21, "update": 6325, "batch_loss": 0.01454354077577591, "gradient_norm": 0.6527986526489258, "wall_seconds": 512.46}
{"event": "update", "epoch": 21, "update": 6350, "batch_loss": 0.21049171686172485, "gradient_norm": 51.607421875, "wall_seconds": 513.87}
{"event": "update", "epoch": 21, "update": 6375, "batch_loss": 0.00867293868213892, "gradient_norm": 0.43300479650497437, "wall_seconds": 515.3}
{"event": "update", "epoch": 21, "update": 6400, "batch_loss": 0.24857178330421448, "gradient_norm": 4.492073059082031, "wall_seconds": 516.72}
{"event": "update", "epoch": 21, "update": 6425, "batch_loss": 0.05418271943926811, "gradient_norm": 0.4220532178878784, "wall_seconds": 518.13}
{"event": "update", "epoch": 21, "update": 6450, "batch_loss": 0.01672523282468319, "gradient_norm": 0.7762606143951416, "wall_seconds": 519.55}
{"event": "update", "epoch": 21, "update": 6475, "batch_loss": 0.01659180037677288, "gradient_norm": 0.7565531730651855, "wall_seconds": 520.97}
{"event": "epoch", "epoch": 21, "updates": 6489, "seconds": 17.53430469101295, "learning_rate": 0.0002801064221878023, "loss": 0.06369410665944292, "direction_loss": 0.03544509739413042, "projection_loss": 0.028249009595383894, "wall_seconds": 521.76}
{"event": "update", "epoch": 22, "update": 6500, "batch_loss": 0.11545977741479874, "gradient_norm": 3.308462381362915, "wall_seconds": 522.42}
{"event": "update", "epoch": 22, "update": 6525, "batch_loss": 0.01057248841971159, "gradient_norm": 0.7423171401023865, "wall_seconds": 523.83}
{"event": "update", "epoch": 22, "update": 6550, "batch_loss": 0.03642749413847923, "gradient_norm": 0.9129915237426758, "wall_seconds": 525.26}
{"event": "update", "epoch": 22, "update": 6575, "batch_loss": 0.013717195019125938, "gradient_norm": 0.6055608987808228, "wall_seconds": 526.7}
{"event": "update", "epoch": 22, "update": 6600, "batch_loss": 0.08510801196098328, "gradient_norm": 1.7731486558914185, "wall_seconds": 528.13}
{"event": "update", "epoch": 22, "update": 6625, "batch_loss": 0.01966654136776924, "gradient_norm": 0.7085814476013184, "wall_seconds": 529.73}
{"event": "update", "epoch": 22, "update": 6650, "batch_loss": 0.031251195818185806, "gradient_norm": 1.0937358140945435, "wall_seconds": 531.35}
{"event": "update", "epoch": 22, "update": 6675, "batch_loss": 0.012270761653780937, "gradient_norm": 0.6456059813499451, "wall_seconds": 532.95}
{"event": "update", "epoch": 22, "update": 6700, "batch_loss": 0.02907225489616394, "gradient_norm": 0.8194067478179932, "wall_seconds": 534.56}
{"event": "update", "epoch": 22, "update": 6725, "batch_loss": 0.045386217534542084, "gradient_norm": 1.2237026691436768, "wall_seconds": 536.18}
{"event": "update", "epoch": 22, "update": 6750, "batch_loss": 0.030868735164403915, "gradient_norm": 0.7731280326843262, "wall_seconds": 537.67}
{"event": "update", "epoch": 22, "update": 6775, "batch_loss": 0.010672337375581264, "gradient_norm": 0.5849488973617554, "wall_seconds": 539.09}
{"event": "epoch", "epoch": 22, "updates": 6798, "seconds": 18.60884490411263, "learning_rate": 0.00027822052667263213, "loss": 0.06510247246058871, "direction_loss": 0.03696282363084079, "projection_loss": 0.028139648480549142, "wall_seconds": 540.4}
{"event": "update", "epoch": 23, "update": 6800, "batch_loss": 0.046229202300310135, "gradient_norm": 1.4246734380722046, "wall_seconds": 540.54}
{"event": "update", "epoch": 23, "update": 6825, "batch_loss": 0.01415977068245411, "gradient_norm": 0.6955220103263855, "wall_seconds": 541.97}
{"event": "update", "epoch": 23, "update": 6850, "batch_loss": 0.12306258082389832, "gradient_norm": 0.682956874370575, "wall_seconds": 543.42}
{"event": "update", "epoch": 23, "update": 6875, "batch_loss": 0.01807357370853424, "gradient_norm": 0.7475540637969971, "wall_seconds": 544.83}
{"event": "update", "epoch": 23, "update": 6900, "batch_loss": 0.010019681416451931, "gradient_norm": 0.6199019551277161, "wall_seconds": 546.24}
{"event": "update", "epoch": 23, "update": 6925, "batch_loss": 0.012424536980688572, "gradient_norm": 0.6346704959869385, "wall_seconds": 547.68}
{"event": "update", "epoch": 23, "update": 6950, "batch_loss": 0.010612927377223969, "gradient_norm": 0.6264026165008545, "wall_seconds": 549.1}
{"event": "update", "epoch": 23, "update": 6975, "batch_loss": 0.007669553160667419, "gradient_norm": 0.395630419254303, "wall_seconds": 550.65}
{"event": "update", "epoch": 23, "update": 7000, "batch_loss": 0.015596999786794186, "gradient_norm": 0.5943096280097961, "wall_seconds": 552.07}
{"event": "update", "epoch": 23, "update": 7025, "batch_loss": 0.011126145720481873, "gradient_norm": 0.5756885409355164, "wall_seconds": 553.5}
{"event": "update", "epoch": 23, "update": 7050, "batch_loss": 0.014462745748460293, "gradient_norm": 0.7097179293632507, "wall_seconds": 554.92}
{"event": "update", "epoch": 23, "update": 7075, "batch_loss": 0.050838373601436615, "gradient_norm": 2.673860788345337, "wall_seconds": 556.43}
{"event": "update", "epoch": 23, "update": 7100, "batch_loss": 0.025512106716632843, "gradient_norm": 0.6662236452102661, "wall_seconds": 558.06}
{"event": "epoch", "epoch": 23, "updates": 7107, "seconds": 18.08487805898767, "learning_rate": 0.000276257035463972, "loss": 0.05969581439203584, "direction_loss": 0.03347985007010019, "projection_loss": 0.026215964187135864, "wall_seconds": 558.51}
{"event": "update", "epoch": 24, "update": 7125, "batch_loss": 0.038671430200338364, "gradient_norm": 0.7718513607978821, "wall_seconds": 559.71}
{"event": "update", "epoch": 24, "update": 7150, "batch_loss": 0.01880721189081669, "gradient_norm": 0.8181934952735901, "wall_seconds": 561.31}
{"event": "update", "epoch": 24, "update": 7175, "batch_loss": 0.006821989081799984, "gradient_norm": 0.3339141607284546, "wall_seconds": 562.92}
{"event": "update", "epoch": 24, "update": 7200, "batch_loss": 0.019280679523944855, "gradient_norm": 0.864223837852478, "wall_seconds": 564.51}
{"event": "update", "epoch": 24, "update": 7225, "batch_loss": 0.02052786760032177, "gradient_norm": 0.49412474036216736, "wall_seconds": 565.92}
{"event": "update", "epoch": 24, "update": 7250, "batch_loss": 0.006682719569653273, "gradient_norm": 0.46691858768463135, "wall_seconds": 567.35}
{"event": "update", "epoch": 24, "update": 7275, "batch_loss": 0.007727193180471659, "gradient_norm": 0.3692857623100281, "wall_seconds": 568.81}
{"event": "update", "epoch": 24, "update": 7300, "batch_loss": 0.049020469188690186, "gradient_norm": 1.190669298171997, "wall_seconds": 570.26}
{"event": "update", "epoch": 24, "update": 7325, "batch_loss": 0.0825323835015297, "gradient_norm": 2.4826486110687256, "wall_seconds": 571.7}
{"event": "update", "epoch": 24, "update": 7350, "batch_loss": 0.011555276811122894, "gradient_norm": 0.5940681099891663, "wall_seconds": 573.13}
{"event": "update", "epoch": 24, "update": 7375, "batch_loss": 0.0033012167550623417, "gradient_norm": 0.2209194451570511, "wall_seconds": 574.58}
{"event": "update", "epoch": 24, "update": 7400, "batch_loss": 0.010215861722826958, "gradient_norm": 0.3333168625831604, "wall_seconds": 576.02}
{"event": "epoch", "epoch": 24, "updates": 7416, "seconds": 18.394438732997514, "learning_rate": 0.0002742172942406178, "loss": 0.051019716866743094, "direction_loss": 0.028377518903308325, "projection_loss": 0.0226421981296733, "wall_seconds": 576.94}
{"event": "update", "epoch": 25, "update": 7425, "batch_loss": 0.042593780905008316, "gradient_norm": 0.6934865117073059, "wall_seconds": 577.49}
{"event": "update", "epoch": 25, "update": 7450, "batch_loss": 0.045433469116687775, "gradient_norm": 1.1770461797714233, "wall_seconds": 578.92}
{"event": "update", "epoch": 25, "update": 7475, "batch_loss": 0.00844107661396265, "gradient_norm": 0.4113439619541168, "wall_seconds": 580.54}
{"event": "update", "epoch": 25, "update": 7500, "batch_loss": 0.6657893061637878, "gradient_norm": 3.7807376384735107, "wall_seconds": 582.2}
{"event": "update", "epoch": 25, "update": 7525, "batch_loss": 0.005314656998962164, "gradient_norm": 0.3173406422138214, "wall_seconds": 583.83}
{"event": "update", "epoch": 25, "update": 7550, "batch_loss": 0.05169307813048363, "gradient_norm": 0.9715633988380432, "wall_seconds": 585.37}
{"event": "update", "epoch": 25, "update": 7575, "batch_loss": 0.13833177089691162, "gradient_norm": 2.9053163528442383, "wall_seconds": 586.81}
{"event": "update", "epoch": 25, "update": 7600, "batch_loss": 0.010883640497922897, "gradient_norm": 0.8566309809684753, "wall_seconds": 588.24}
{"event": "update", "epoch": 25, "update": 7625, "batch_loss": 0.02549092285335064, "gradient_norm": 0.9123013019561768, "wall_seconds": 589.7}
{"event": "update", "epoch": 25, "update": 7650, "batch_loss": 0.02210376411676407, "gradient_norm": 1.009193778038025, "wall_seconds": 591.18}
{"event": "update", "epoch": 25, "update": 7675, "batch_loss": 0.4496552050113678, "gradient_norm": 22.96550178527832, "wall_seconds": 592.57}
{"event": "update", "epoch": 25, "update": 7700, "batch_loss": 0.016232866793870926, "gradient_norm": 0.8872634768486023, "wall_seconds": 593.93}
{"event": "update", "epoch": 25, "update": 7725, "batch_loss": 0.015955058857798576, "gradient_norm": 1.3586353063583374, "wall_seconds": 595.3}
{"event": "epoch", "epoch": 25, "updates": 7725, "seconds": 18.33063539804425, "learning_rate": 0.00027210270093931666, "loss": 0.05202613489753665, "direction_loss": 0.02843467235544596, "projection_loss": 0.023591462184631266, "wall_seconds": 595.3}
{"event": "evaluation", "split": "train", "epoch": 25, "loss": 0.03832948540082289, "components": {"direction_loss": 0.018359613281151946, "projection_loss": 0.019969872229942384}, "mean_angle": 2.5784560923843465, "mean_offset": 0.031790509545007485, "strict_count": 159, "loose_count": 491, "samples": 1234, "selection_score": 3.8834120429586596, "wall_seconds": 607.22}
{"event": "evaluation", "split": "val", "epoch": 25, "loss": 0.5790243596736208, "components": {"direction_loss": 0.47907997518483303, "projection_loss": 0.09994438337723174}, "mean_angle": 27.080016346513688, "mean_offset": 0.0738020858310825, "strict_count": 6, "loose_count": 16, "samples": 166, "selection_score": 13.563791781051526, "wall_seconds": 608.86}
{"event": "update", "epoch": 26, "update": 7750, "batch_loss": 0.012002566829323769, "gradient_norm": 0.6470838785171509, "wall_seconds": 610.47}
{"event": "update", "epoch": 26, "update": 7775, "batch_loss": 0.46727779507637024, "gradient_norm": 14.787862777709961, "wall_seconds": 612.02}
{"event": "update", "epoch": 26, "update": 7800, "batch_loss": 0.008980370126664639, "gradient_norm": 0.5300188064575195, "wall_seconds": 613.57}
{"event": "update", "epoch": 26, "update": 7825, "batch_loss": 0.007894630543887615, "gradient_norm": 0.3525983691215515, "wall_seconds": 615.12}
{"event": "update", "epoch": 26, "update": 7850, "batch_loss": 0.007360813673585653, "gradient_norm": 0.44031020998954773, "wall_seconds": 616.68}
{"event": "update", "epoch": 26, "update": 7875, "batch_loss": 0.012151496484875679, "gradient_norm": 0.6098852753639221, "wall_seconds": 618.23}
{"event": "update", "epoch": 26, "update": 7900, "batch_loss": 0.03579378500580788, "gradient_norm": 0.9163615703582764, "wall_seconds": 619.77}
{"event": "update", "epoch": 26, "update": 7925, "batch_loss": 0.060875821858644485, "gradient_norm": 0.7232579588890076, "wall_seconds": 621.33}
{"event": "update", "epoch": 26, "update": 7950, "batch_loss": 0.03141321986913681, "gradient_norm": 0.6631450057029724, "wall_seconds": 622.89}
{"event": "update", "epoch": 26, "update": 7975, "batch_loss": 0.015332930721342564, "gradient_norm": 0.4513516128063202, "wall_seconds": 624.47}
{"event": "update", "epoch": 26, "update": 8000, "batch_loss": 0.014550738036632538, "gradient_norm": 0.5005176663398743, "wall_seconds": 626.0}
{"event": "update", "epoch": 26, "update": 8025, "batch_loss": 0.09455177187919617, "gradient_norm": 0.8407731056213379, "wall_seconds": 627.37}
{"event": "epoch", "epoch": 26, "updates": 8034, "seconds": 18.944699336076155, "learning_rate": 0.000269914704796691, "loss": 0.04395856887986657, "direction_loss": 0.023406710857193393, "projection_loss": 0.02055185798305046, "wall_seconds": 627.87}
{"event": "update", "epoch": 27, "update": 8050, "batch_loss": 0.007149145472794771, "gradient_norm": 0.4470360577106476, "wall_seconds": 628.77}
{"event": "update", "epoch": 27, "update": 8075, "batch_loss": 0.0213471669703722, "gradient_norm": 0.6015395522117615, "wall_seconds": 630.12}
{"event": "update", "epoch": 27, "update": 8100, "batch_loss": 0.012446329928934574, "gradient_norm": 0.48673608899116516, "wall_seconds": 631.5}
{"event": "update", "epoch": 27, "update": 8125, "batch_loss": 0.014307422563433647, "gradient_norm": 0.5019670724868774, "wall_seconds": 632.86}
{"event": "update", "epoch": 27, "update": 8150, "batch_loss": 0.009528853930532932, "gradient_norm": 0.6347333788871765, "wall_seconds": 634.2}
{"event": "update", "epoch": 27, "update": 8175, "batch_loss": 0.01287003979086876, "gradient_norm": 0.4641667604446411, "wall_seconds": 635.55}
{"event": "update", "epoch": 27, "update": 8200, "batch_loss": 0.05951344221830368, "gradient_norm": 1.415343999862671, "wall_seconds": 636.92}
{"event": "update", "epoch": 27, "update": 8225, "batch_loss": 0.016210801899433136, "gradient_norm": 0.5920307040214539, "wall_seconds": 638.28}
{"event": "update", "epoch": 27, "update": 8250, "batch_loss": 0.02377210557460785, "gradient_norm": 0.7363311052322388, "wall_seconds": 639.63}
{"event": "update", "epoch": 27, "update": 8275, "batch_loss": 0.017728528007864952, "gradient_norm": 0.643692135810852, "wall_seconds": 640.98}
{"event": "update", "epoch": 27, "update": 8300, "batch_loss": 0.011907714419066906, "gradient_norm": 0.6307375431060791, "wall_seconds": 642.33}
{"event": "update", "epoch": 27, "update": 8325, "batch_loss": 0.011638783849775791, "gradient_norm": 0.655082643032074, "wall_seconds": 643.68}
{"event": "epoch", "epoch": 27, "updates": 8343, "seconds": 16.759291897993535, "learning_rate": 0.00026765480535600414, "loss": 0.037160627952983645, "direction_loss": 0.017452752721024038, "projection_loss": 0.019707875185143473, "wall_seconds": 644.66}
{"event": "update", "epoch": 28, "update": 8350, "batch_loss": 0.014300385490059853, "gradient_norm": 0.5971889495849609, "wall_seconds": 645.07}
{"event": "update", "epoch": 28, "update": 8375, "batch_loss": 0.02266964502632618, "gradient_norm": 0.6472586989402771, "wall_seconds": 646.41}
{"event": "update", "epoch": 28, "update": 8400, "batch_loss": 0.19956538081169128, "gradient_norm": 7.312222957611084, "wall_seconds": 647.79}
{"event": "update", "epoch": 28, "update": 8425, "batch_loss": 0.013431278988718987, "gradient_norm": 0.696872353553772, "wall_seconds": 649.14}
{"event": "update", "epoch": 28, "update": 8450, "batch_loss": 0.04621369019150734, "gradient_norm": 0.7433684468269348, "wall_seconds": 650.52}
{"event": "update", "epoch": 28, "update": 8475, "batch_loss": 0.01045211125165224, "gradient_norm": 0.5768337249755859, "wall_seconds": 651.89}
{"event": "update", "epoch": 28, "update": 8500, "batch_loss": 0.567451000213623, "gradient_norm": 1.6254892349243164, "wall_seconds": 653.45}
{"event": "update", "epoch": 28, "update": 8525, "batch_loss": 0.024589605629444122, "gradient_norm": 0.6460888385772705, "wall_seconds": 655.02}
{"event": "update", "epoch": 28, "update": 8550, "batch_loss": 0.010587033815681934, "gradient_norm": 0.6757938861846924, "wall_seconds": 656.58}
{"event": "update", "epoch": 28, "update": 8575, "batch_loss": 0.09380488097667694, "gradient_norm": 1.2684175968170166, "wall_seconds": 658.14}
{"event": "update", "epoch": 28, "update": 8600, "batch_loss": 0.01917271874845028, "gradient_norm": 0.5473779439926147, "wall_seconds": 659.69}
{"event": "update", "epoch": 28, "update": 8625, "batch_loss": 0.0114148473367095, "gradient_norm": 0.49850142002105713, "wall_seconds": 661.25}
{"event": "update", "epoch": 28, "update": 8650, "batch_loss": 0.05077742040157318, "gradient_norm": 0.9391264319419861, "wall_seconds": 662.8}
{"event": "epoch", "epoch": 28, "updates": 8652, "seconds": 18.23688845790457, "learning_rate": 0.0002653245514394482, "loss": 0.046508598585901374, "direction_loss": 0.02690840688436628, "projection_loss": 0.019600192061512214, "wall_seconds": 662.92}
{"event": "update", "epoch": 29, "update": 8675, "batch_loss": 0.021961525082588196, "gradient_norm": 0.7970603704452515, "wall_seconds": 664.4}
{"event": "update", "epoch": 29, "update": 8700, "batch_loss": 0.010936878621578217, "gradient_norm": 0.8286378979682922, "wall_seconds": 666.11}
{"event": "update", "epoch": 29, "update": 8725, "batch_loss": 0.026034673675894737, "gradient_norm": 0.8583621978759766, "wall_seconds": 667.86}
{"event": "update", "epoch": 29, "update": 8750, "batch_loss": 0.16949546337127686, "gradient_norm": 3.1931161880493164, "wall_seconds": 669.5}
{"event": "update", "epoch": 29, "update": 8775, "batch_loss": 0.0074271452613174915, "gradient_norm": 0.3929669260978699, "wall_seconds": 671.08}
{"event": "update", "epoch": 29, "update": 8800, "batch_loss": 0.01707816682755947, "gradient_norm": 0.9496707320213318, "wall_seconds": 672.69}
{"event": "update", "epoch": 29, "update": 8825, "batch_loss": 0.01165009755641222, "gradient_norm": 0.67539381980896, "wall_seconds": 674.32}
{"event": "update", "epoch": 29, "update": 8850, "batch_loss": 0.15934722125530243, "gradient_norm": 6.495328903198242, "wall_seconds": 675.86}
{"event": "update", "epoch": 29, "update": 8875, "batch_loss": 0.007924125529825687, "gradient_norm": 0.46140632033348083, "wall_seconds": 677.47}
{"event": "update", "epoch": 29, "update": 8900, "batch_loss": 0.028300009667873383, "gradient_norm": 0.6615495085716248, "wall_seconds": 679.0}
{"event": "update", "epoch": 29, "update": 8925, "batch_loss": 0.060991235077381134, "gradient_norm": 1.5455189943313599, "wall_seconds": 680.42}
{"event": "update", "epoch": 29, "update": 8950, "batch_loss": 0.026339612901210785, "gradient_norm": 0.7933902740478516, "wall_seconds": 681.83}
{"event": "epoch", "epoch": 29, "updates": 8961, "seconds": 19.509849286056124, "learning_rate": 0.0002629255400866588, "loss": 0.04389833527537156, "direction_loss": 0.02468426752112704, "projection_loss": 0.01921406802245849, "wall_seconds": 682.46}
{"event": "update", "epoch": 30, "update": 8975, "batch_loss": 0.009902994148433208, "gradient_norm": 0.48806577920913696, "wall_seconds": 683.3}
{"event": "update", "epoch": 30, "update": 9000, "batch_loss": 0.014038298279047012, "gradient_norm": 1.2997463941574097, "wall_seconds": 684.72}
{"event": "update", "epoch": 30, "update": 9025, "batch_loss": 0.003248359775170684, "gradient_norm": 0.2425648719072342, "wall_seconds": 686.16}
{"event": "update", "epoch": 30, "update": 9050, "batch_loss": 0.01583937741816044, "gradient_norm": 0.6739705204963684, "wall_seconds": 687.6}
{"event": "update", "epoch": 30, "update": 9075, "batch_loss": 0.007338562048971653, "gradient_norm": 0.5646941065788269, "wall_seconds": 689.03}
{"event": "update", "epoch": 30, "update": 9100, "batch_loss": 0.014742029830813408, "gradient_norm": 0.7623255848884583, "wall_seconds": 690.46}
{"event": "update", "epoch": 30, "update": 9125, "batch_loss": 0.010861823335289955, "gradient_norm": 0.3293997049331665, "wall_seconds": 691.88}
{"event": "update", "epoch": 30, "update": 9150, "batch_loss": 0.009202905930578709, "gradient_norm": 0.42042532563209534, "wall_seconds": 693.32}
{"event": "update", "epoch": 30, "update": 9175, "batch_loss": 0.005584353115409613, "gradient_norm": 0.3958021104335785, "wall_seconds": 694.76}
{"event": "update", "epoch": 30, "update": 9200, "batch_loss": 0.005616696551442146, "gradient_norm": 0.26347923278808594, "wall_seconds": 696.04}
{"event": "update", "epoch": 30, "update": 9225, "batch_loss": 0.043688684701919556, "gradient_norm": 1.2053964138031006, "wall_seconds": 697.31}
{"event": "update", "epoch": 30, "update": 9250, "batch_loss": 0.020181624218821526, "gradient_norm": 0.5913633108139038, "wall_seconds": 698.59}
{"event": "epoch", "epoch": 30, "updates": 9270, "seconds": 17.136163910967298, "learning_rate": 0.0002604594154601839, "loss": 0.0329430987084861, "direction_loss": 0.01556446274910975, "projection_loss": 0.017378636039612358, "wall_seconds": 699.63}
{"event": "evaluation", "split": "train", "epoch": 30, "loss": 0.02443824591404929, "components": {"direction_loss": 0.012807792438959912, "projection_loss": 0.011630453436516188}, "mean_angle": 1.8025855064770204, "mean_offset": 0.02094678309317029, "strict_count": 401, "loose_count": 863, "samples": 1234, "selection_score": 2.9240812626550774, "wall_seconds": 711.59}
{"event": "evaluation", "split": "val", "epoch": 30, "loss": 0.5879940345703837, "components": {"direction_loss": 0.4918461996369086, "projection_loss": 0.0961478358381484}, "mean_angle": 27.582008162670466, "mean_offset": 0.06163757496389998, "strict_count": 13, "loose_count": 32, "samples": 166, "selection_score": 12.861760952050922, "wall_seconds": 713.21}
{"event": "update", "epoch": 31, "update": 9275, "batch_loss": 0.006774669047445059, "gradient_norm": 0.432829886674881, "wall_seconds": 713.52}
{"event": "update", "epoch": 31, "update": 9300, "batch_loss": 0.018693631514906883, "gradient_norm": 0.7568782567977905, "wall_seconds": 714.8}
{"event": "update", "epoch": 31, "update": 9325, "batch_loss": 0.010658355429768562, "gradient_norm": 0.46518373489379883, "wall_seconds": 716.07}
{"event": "update", "epoch": 31, "update": 9350, "batch_loss": 0.005324593745172024, "gradient_norm": 0.3337312936782837, "wall_seconds": 717.34}
{"event": "update", "epoch": 31, "update": 9375, "batch_loss": 0.015243999660015106, "gradient_norm": 0.8334786891937256, "wall_seconds": 718.61}
{"event": "update", "epoch": 31, "update": 9400, "batch_loss": 0.02632618322968483, "gradient_norm": 0.43833988904953003, "wall_seconds": 719.91}
{"event": "update", "epoch": 31, "update": 9425, "batch_loss": 0.02524801716208458, "gradient_norm": 0.8274513483047485, "wall_seconds": 721.34}
{"event": "update", "epoch": 31, "update": 9450, "batch_loss": 0.045547522604465485, "gradient_norm": 0.7444578409194946, "wall_seconds": 722.76}
{"event": "update", "epoch": 31, "update": 9475, "batch_loss": 0.10040462017059326, "gradient_norm": 7.209153652191162, "wall_seconds": 724.19}
{"event": "update", "epoch": 31, "update": 9500, "batch_loss": 0.005110534839332104, "gradient_norm": 0.32495519518852234, "wall_seconds": 725.62}
{"event": "update", "epoch": 31, "update": 9525, "batch_loss": 0.008088147267699242, "gradient_norm": 0.3791261613368988, "wall_seconds": 727.1}
{"event": "update", "epoch": 31, "update": 9550, "batch_loss": 0.010645370930433273, "gradient_norm": 0.61430424451828, "wall_seconds": 728.7}
{"event": "update", "epoch": 31, "update": 9575, "batch_loss": 0.01313046831637621, "gradient_norm": 0.43639102578163147, "wall_seconds": 730.31}
{"event": "epoch", "epoch": 31, "updates": 9579, "seconds": 17.304082931019366, "learning_rate": 0.0002579278677186568, "loss": 0.0346540982376126, "direction_loss": 0.01908691398362697, "projection_loss": 0.01556718422815421, "wall_seconds": 730.57}
{"event": "update", "epoch": 32, "update": 9600, "batch_loss": 0.024744320660829544, "gradient_norm": 0.9525948166847229, "wall_seconds": 731.97}
{"event": "update", "epoch": 32, "update": 9625, "batch_loss": 0.006387247238308191, "gradient_norm": 0.28003719449043274, "wall_seconds": 733.59}
{"event": "update", "epoch": 32, "update": 9650, "batch_loss": 0.014870166778564453, "gradient_norm": 0.6770771145820618, "wall_seconds": 735.19}
{"event": "update", "epoch": 32, "update": 9675, "batch_loss": 0.005857490934431553, "gradient_norm": 0.4606190323829651, "wall_seconds": 736.8}
{"event": "update", "epoch": 32, "update": 9700, "batch_loss": 0.005776761099696159, "gradient_norm": 0.4644889235496521, "wall_seconds": 738.39}
{"event": "update", "epoch": 32, "update": 9725, "batch_loss": 0.0048501212149858475, "gradient_norm": 0.31189554929733276, "wall_seconds": 740.0}
{"event": "update", "epoch": 32, "update": 9750, "batch_loss": 0.016012748703360558, "gradient_norm": 0.6295337080955505, "wall_seconds": 741.6}
{"event": "update", "epoch": 32, "update": 9775, "batch_loss": 0.012959014624357224, "gradient_norm": 0.456651896238327, "wall_seconds": 743.19}
{"event": "update", "epoch": 32, "update": 9800, "batch_loss": 0.008000103756785393, "gradient_norm": 0.48771142959594727, "wall_seconds": 744.79}
{"event": "update", "epoch": 32, "update": 9825, "batch_loss": 0.013466574251651764, "gradient_norm": 0.9572696685791016, "wall_seconds": 746.43}
{"event": "update", "epoch": 32, "update": 9850, "batch_loss": 0.025706281885504723, "gradient_norm": 0.8932403922080994, "wall_seconds": 748.04}
{"event": "update", "epoch": 32, "update": 9875, "batch_loss": 0.005902429111301899, "gradient_norm": 0.3584625720977783, "wall_seconds": 749.66}
{"event": "epoch", "epoch": 32, "updates": 9888, "seconds": 19.897707084892318, "learning_rate": 0.00025533263185844587, "loss": 0.02632811517081853, "direction_loss": 0.010685179140610514, "projection_loss": 0.015642936142973567, "wall_seconds": 750.5}
{"event": "update", "epoch": 33, "update": 9900, "batch_loss": 0.034529201686382294, "gradient_norm": 0.9328277707099915, "wall_seconds": 751.31}
{"event": "update", "epoch": 33, "update": 9925, "batch_loss": 0.0073332758620381355, "gradient_norm": 0.4847552180290222, "wall_seconds": 752.93}
{"event": "update", "epoch": 33, "update": 9950, "batch_loss": 0.017934177070856094, "gradient_norm": 0.7101073861122131, "wall_seconds": 754.49}
{"event": "update", "epoch": 33, "update": 9975, "batch_loss": 0.010628432966768742, "gradient_norm": 0.7212595343589783, "wall_seconds": 756.04}
{"event": "update", "epoch": 33, "update": 10000, "batch_loss": 0.5389647483825684, "gradient_norm": 11.270183563232422, "wall_seconds": 757.59}
{"event": "update", "epoch": 33, "update": 10025, "batch_loss": 0.011775177903473377, "gradient_norm": 0.5948415994644165, "wall_seconds": 759.17}
{"event": "update", "epoch": 33, "update": 10050, "batch_loss": 0.01952281966805458, "gradient_norm": 0.7743481993675232, "wall_seconds": 760.77}
{"event": "update", "epoch": 33, "update": 10075, "batch_loss": 0.008334972895681858, "gradient_norm": 0.48142093420028687, "wall_seconds": 762.33}
{"event": "update", "epoch": 33, "update": 10100, "batch_loss": 0.020794427022337914, "gradient_norm": 0.8571162819862366, "wall_seconds": 763.93}
{"event": "update", "epoch": 33, "update": 10125, "batch_loss": 0.02688826434314251, "gradient_norm": 0.9479987621307373, "wall_seconds": 765.47}
{"event": "update", "epoch": 33, "update": 10150, "batch_loss": 0.013086233288049698, "gradient_norm": 0.5385977029800415, "wall_seconds": 767.01}
{"event": "update", "epoch": 33, "update": 10175, "batch_loss": 0.006273294799029827, "gradient_norm": 0.37234050035476685, "wall_seconds": 768.56}
{"event": "epoch", "epoch": 33, "updates": 10197, "seconds": 19.38629278296139, "learning_rate": 0.0002526754865245748, "loss": 0.03196099857426878, "direction_loss": 0.016105462424131602, "projection_loss": 0.01585553627388742, "wall_seconds": 769.92}
{"event": "update", "epoch": 34, "update": 10200, "batch_loss": 0.0032832662109285593, "gradient_norm": 0.33442121744155884, "wall_seconds": 770.14}
{"event": "update", "epoch": 34, "update": 10225, "batch_loss": 0.02436843328177929, "gradient_norm": 0.9450418949127197, "wall_seconds": 771.68}
{"event": "update", "epoch": 34, "update": 10250, "batch_loss": 0.004927138797938824, "gradient_norm": 0.4704069495201111, "wall_seconds": 773.23}
{"event": "update", "epoch": 34, "update": 10275, "batch_loss": 0.04089585319161415, "gradient_norm": 2.2515790462493896, "wall_seconds": 774.81}
{"event": "update", "epoch": 34, "update": 10300, "batch_loss": 0.015702472999691963, "gradient_norm": 0.5116586089134216, "wall_seconds": 776.44}
{"event": "update", "epoch": 34, "update": 10325, "batch_loss": 0.004700057208538055, "gradient_norm": 0.2735021114349365, "wall_seconds": 778.06}
{"event": "update", "epoch": 34, "update": 10350, "batch_loss": 0.08000719547271729, "gradient_norm": 0.6973230838775635, "wall_seconds": 779.66}
{"event": "update", "epoch": 34, "update": 10375, "batch_loss": 0.010767255909740925, "gradient_norm": 0.6332674026489258, "wall_seconds": 781.28}
{"event": "update", "epoch": 34, "update": 10400, "batch_loss": 0.014621758833527565, "gradient_norm": 0.7631757259368896, "wall_seconds": 782.9}
{"event": "update", "epoch": 34, "update": 10425, "batch_loss": 0.021672308444976807, "gradient_norm": 0.9564402103424072, "wall_seconds": 784.51}
{"event": "update", "epoch": 34, "update": 10450, "batch_loss": 0.02005203813314438, "gradient_norm": 0.7923460006713867, "wall_seconds": 786.12}
{"event": "update", "epoch": 34, "update": 10475, "batch_loss": 0.0056917704641819, "gradient_norm": 0.34033527970314026, "wall_seconds": 787.73}
{"event": "update", "epoch": 34, "update": 10500, "batch_loss": 0.016849851235747337, "gradient_norm": 0.7130997776985168, "wall_seconds": 789.34}
{"event": "epoch", "epoch": 34, "updates": 10506, "seconds": 19.771324733970687, "learning_rate": 0.0002499582527917281, "loss": 0.02375575095397002, "direction_loss": 0.009734321665775874, "projection_loss": 0.014021429354007955, "wall_seconds": 789.72}
{"event": "update", "epoch": 35, "update": 10525, "batch_loss": 0.004680932965129614, "gradient_norm": 0.3114941716194153, "wall_seconds": 791.0}
{"event": "update", "epoch": 35, "update": 10550, "batch_loss": 0.007702800445258617, "gradient_norm": 0.6044628620147705, "wall_seconds": 792.63}
{"event": "update", "epoch": 35, "update": 10575, "batch_loss": 0.015501528978347778, "gradient_norm": 0.8199064135551453, "wall_seconds": 794.26}
{"event": "update", "epoch": 35, "update": 10600, "batch_loss": 0.004849519580602646, "gradient_norm": 0.42532476782798767, "wall_seconds": 795.9}
{"event": "update", "epoch": 35, "update": 10625, "batch_loss": 0.009877635166049004, "gradient_norm": 0.41739916801452637, "wall_seconds": 797.51}
{"event": "update", "epoch": 35, "update": 10650, "batch_loss": 0.012181136757135391, "gradient_norm": 0.7297598719596863, "wall_seconds": 799.14}
{"event": "update", "epoch": 35, "update": 10675, "batch_loss": 0.019371936097741127, "gradient_norm": 1.0194348096847534, "wall_seconds": 800.78}
{"event": "update", "epoch": 35, "update": 10700, "batch_loss": 0.023566005751490593, "gradient_norm": 0.5351912379264832, "wall_seconds": 802.42}
{"event": "update", "epoch": 35, "update": 10725, "batch_loss": 0.006244697142392397, "gradient_norm": 0.37254998087882996, "wall_seconds": 804.08}
{"event": "update", "epoch": 35, "update": 10750, "batch_loss": 0.013833772391080856, "gradient_norm": 0.5686715245246887, "wall_seconds": 805.71}
{"event": "update", "epoch": 35, "update": 10775, "batch_loss": 0.03190501034259796, "gradient_norm": 0.8571004867553711, "wall_seconds": 807.35}
{"event": "update", "epoch": 35, "update": 10800, "batch_loss": 0.00800237525254488, "gradient_norm": 0.47243815660476685, "wall_seconds": 808.99}
{"event": "epoch", "epoch": 35, "updates": 10815, "seconds": 20.22318884404376, "learning_rate": 0.00024718279291617736, "loss": 0.02061766599806107, "direction_loss": 0.0079617568658965, "projection_loss": 0.01265590900941669, "wall_seconds": 809.98}
{"event": "evaluation", "split": "train", "epoch": 35, "loss": 0.015396820423170634, "components": {"direction_loss": 0.0047040317769017565, "projection_loss": 0.010692788647243231}, "mean_angle": 1.2809078958658335, "mean_offset": 0.021730842727967208, "strict_count": 278, "loose_count": 747, "samples": 1234, "selection_score": 2.777024765529846, "wall_seconds": 822.4}
{"event": "evaluation", "split": "val", "epoch": 35, "loss": 0.6220046472455184, "components": {"direction_loss": 0.5273329962995387, "projection_loss": 0.0946716535387628}, "mean_angle": 27.84203230091427, "mean_offset": 0.060742978566236436, "strict_count": 10, "loose_count": 38, "samples": 166, "selection_score": 13.076808504383393, "wall_seconds": 824.05}
{"event": "update", "epoch": 36, "update": 10825, "batch_loss": 0.017549267038702965, "gradient_norm": 0.9081218242645264, "wall_seconds": 824.66}
{"event": "update", "epoch": 36, "update": 10850, "batch_loss": 0.007353628985583782, "gradient_norm": 0.29973486065864563, "wall_seconds": 826.13}
{"event": "update", "epoch": 36, "update": 10875, "batch_loss": 0.01071983017027378, "gradient_norm": 0.7095321416854858, "wall_seconds": 827.56}
{"event": "update", "epoch": 36, "update": 10900, "batch_loss": 0.17469334602355957, "gradient_norm": 27.605051040649414, "wall_seconds": 829.0}
{"event": "update", "epoch": 36, "update": 10925, "batch_loss": 0.020885270088911057, "gradient_norm": 0.6911501884460449, "wall_seconds": 830.42}
{"event": "update", "epoch": 36, "update": 10950, "batch_loss": 0.006102242041379213, "gradient_norm": 0.4104224443435669, "wall_seconds": 831.84}
{"event": "update", "epoch": 36, "update": 10975, "batch_loss": 0.027585770934820175, "gradient_norm": 0.6757691502571106, "wall_seconds": 833.26}
{"event": "update", "epoch": 36, "update": 11000, "batch_loss": 0.005688580218702555, "gradient_norm": 0.32200291752815247, "wall_seconds": 834.68}
{"event": "update", "epoch": 36, "update": 11025, "batch_loss": 0.01679762452840805, "gradient_norm": 0.7358889579772949, "wall_seconds": 836.09}
{"event": "update", "epoch": 36, "update": 11050, "batch_loss": 0.007165798917412758, "gradient_norm": 0.41801130771636963, "wall_seconds": 837.5}
{"event": "update", "epoch": 36, "update": 11075, "batch_loss": 0.02518397755920887, "gradient_norm": 0.8519808650016785, "wall_seconds": 838.93}
{"event": "update", "epoch": 36, "update": 11100, "batch_loss": 0.01690700091421604, "gradient_norm": 0.6926007866859436, "wall_seconds": 840.35}
{"event": "epoch", "epoch": 36, "updates": 11124, "seconds": 17.642852946999483, "learning_rate": 0.000244351009059484, "loss": 0.017993007569213064, "direction_loss": 0.0059593250271402914, "projection_loss": 0.012033682533900587, "wall_seconds": 841.72}
{"event": "update", "epoch": 37, "update": 11125, "batch_loss": 0.01616550423204899, "gradient_norm": 0.6522239446640015, "wall_seconds": 841.81}
{"event": "update", "epoch": 37, "update": 11150, "batch_loss": 0.008469883352518082, "gradient_norm": 0.47181230783462524, "wall_seconds": 843.11}
{"event": "update", "epoch": 37, "update": 11175, "batch_loss": 0.007721287664026022, "gradient_norm": 0.5550870299339294, "wall_seconds": 844.39}
{"event": "update", "epoch": 37, "update": 11200, "batch_loss": 0.029786868020892143, "gradient_norm": 3.221665143966675, "wall_seconds": 845.76}
{"event": "update", "epoch": 37, "update": 11225, "batch_loss": 0.03348302096128464, "gradient_norm": 1.043210744857788, "wall_seconds": 847.13}
{"event": "update", "epoch": 37, "update": 11250, "batch_loss": 0.010549374856054783, "gradient_norm": 0.7010089755058289, "wall_seconds": 848.41}
{"event": "update", "epoch": 37, "update": 11275, "batch_loss": 0.04451300948858261, "gradient_norm": 6.732201099395752, "wall_seconds": 849.68}
{"event": "update", "epoch": 37, "update": 11300, "batch_loss": 0.008645000867545605, "gradient_norm": 0.3692217469215393, "wall_seconds": 850.94}
{"event": "update", "epoch": 37, "update": 11325, "batch_loss": 0.006710920482873917, "gradient_norm": 0.40472206473350525, "wall_seconds": 852.21}
{"event": "update", "epoch": 37, "update": 11350, "batch_loss": 0.012226431630551815, "gradient_norm": 0.6517789363861084, "wall_seconds": 853.47}
{"event": "update", "epoch": 37, "update": 11375, "batch_loss": 0.0945795327425003, "gradient_norm": 1.2325397729873657, "wall_seconds": 854.74}
{"event": "update", "epoch": 37, "update": 11400, "batch_loss": 0.12266901135444641, "gradient_norm": 23.606271743774414, "wall_seconds": 856.01}
{"event": "update", "epoch": 37, "update": 11425, "batch_loss": 0.015851715579628944, "gradient_norm": 0.5766440033912659, "wall_seconds": 857.28}
{"event": "epoch", "epoch": 37, "updates": 11433, "seconds": 15.937983102048747, "learning_rate": 0.00024146484198485252, "loss": 0.018687074899830444, "direction_loss": 0.007053329277116839, "projection_loss": 0.011633745624836251, "wall_seconds": 857.69}
{"event": "update", "epoch": 38, "update": 11450, "batch_loss": 0.017478013411164284, "gradient_norm": 0.6524805426597595, "wall_seconds": 858.57}
{"event": "update", "epoch": 38, "update": 11475, "batch_loss": 0.019473057240247726, "gradient_norm": 0.6273313164710999, "wall_seconds": 859.84}
{"event": "update", "epoch": 38, "update": 11500, "batch_loss": 0.01986599713563919, "gradient_norm": 1.341320276260376, "wall_seconds": 861.11}
{"event": "update", "epoch": 38, "update": 11525, "batch_loss": 0.01411451119929552, "gradient_norm": 0.9878974556922913, "wall_seconds": 862.49}
{"event": "update", "epoch": 38, "update": 11550, "batch_loss": 0.015212712809443474, "gradient_norm": 0.5411236882209778, "wall_seconds": 863.91}
{"event": "update", "epoch": 38, "update": 11575, "batch_loss": 0.009278464131057262, "gradient_norm": 0.517175018787384, "wall_seconds": 865.34}
{"event": "update", "epoch": 38, "update": 11600, "batch_loss": 0.004660535138100386, "gradient_norm": 0.4021717607975006, "wall_seconds": 866.73}
{"event": "update", "epoch": 38, "update": 11625, "batch_loss": 0.024222876876592636, "gradient_norm": 0.7524194717407227, "wall_seconds": 867.99}
{"event": "update", "epoch": 38, "update": 11650, "batch_loss": 0.008125976659357548, "gradient_norm": 0.5154743194580078, "wall_seconds": 869.26}
{"event": "update", "epoch": 38, "update": 11675, "batch_loss": 0.018696462735533714, "gradient_norm": 0.8253175616264343, "wall_seconds": 870.52}
{"event": "update", "epoch": 38, "update": 11700, "batch_loss": 0.0034148350823670626, "gradient_norm": 0.24360744655132294, "wall_seconds": 871.78}
{"event": "update", "epoch": 38, "update": 11725, "batch_loss": 0.013434664346277714, "gradient_norm": 0.5082102417945862, "wall_seconds": 873.05}
{"event": "epoch", "epoch": 38, "updates": 11742, "seconds": 16.40010758698918, "learning_rate": 0.00023852626972702874, "loss": 0.018802243181484688, "direction_loss": 0.0070435950871164735, "projection_loss": 0.011758648062870511, "wall_seconds": 874.11}
{"event": "update", "epoch": 39, "update": 11750, "batch_loss": 0.003853956703096628, "gradient_norm": 0.18997955322265625, "wall_seconds": 874.64}
{"event": "update", "epoch": 39, "update": 11775, "batch_loss": 0.005628305021673441, "gradient_norm": 0.43920645117759705, "wall_seconds": 876.2}
{"event": "update", "epoch": 39, "update": 11800, "batch_loss": 0.002576034050434828, "gradient_norm": 0.2115027904510498, "wall_seconds": 877.76}
{"event": "update", "epoch": 39, "update": 11825, "batch_loss": 0.010416538454592228, "gradient_norm": 0.7183654308319092, "wall_seconds": 879.31}
{"event": "update", "epoch": 39, "update": 11850, "batch_loss": 0.006458695977926254, "gradient_norm": 0.5348031520843506, "wall_seconds": 880.89}
{"event": "update", "epoch": 39, "update": 11875, "batch_loss": 0.0028568606358021498, "gradient_norm": 0.19480033218860626, "wall_seconds": 882.53}
{"event": "update", "epoch": 39, "update": 11900, "batch_loss": 0.0050013018772006035, "gradient_norm": 0.486500084400177, "wall_seconds": 884.15}
{"event": "update", "epoch": 39, "update": 11925, "batch_loss": 0.012268234975636005, "gradient_norm": 0.44281160831451416, "wall_seconds": 885.8}
{"event": "update", "epoch": 39, "update": 11950, "batch_loss": 0.02856096252799034, "gradient_norm": 0.7991442680358887, "wall_seconds": 887.54}
{"event": "update", "epoch": 39, "update": 11975, "batch_loss": 0.00816328078508377, "gradient_norm": 0.6678212881088257, "wall_seconds": 889.22}
{"event": "update", "epoch": 39, "update": 12000, "batch_loss": 0.0066189514473080635, "gradient_norm": 0.5052509307861328, "wall_seconds": 890.71}
{"event": "update", "epoch": 39, "update": 12025, "batch_loss": 0.01255993265658617, "gradient_norm": 0.647163987159729, "wall_seconds": 892.21}
{"event": "update", "epoch": 39, "update": 12050, "batch_loss": 0.009330924600362778, "gradient_norm": 0.5802107453346252, "wall_seconds": 893.84}
{"event": "epoch", "epoch": 39, "updates": 12051, "seconds": 19.76158334198408, "learning_rate": 0.00023553730623665316, "loss": 0.012766600774776196, "direction_loss": 0.002608019094802995, "projection_loss": 0.01015858168221672, "wall_seconds": 893.91}
{"event": "update", "epoch": 40, "update": 12075, "batch_loss": 0.008114553987979889, "gradient_norm": 0.5718602538108826, "wall_seconds": 895.5}
{"event": "update", "epoch": 40, "update": 12100, "batch_loss": 0.006426217034459114, "gradient_norm": 0.5852707624435425, "wall_seconds": 897.13}
{"event": "update", "epoch": 40, "update": 12125, "batch_loss": 0.018051810562610626, "gradient_norm": 0.7867681384086609, "wall_seconds": 898.74}
{"event": "update", "epoch": 40, "update": 12150, "batch_loss": 0.011801050044596195, "gradient_norm": 0.41170814633369446, "wall_seconds": 900.36}
{"event": "update", "epoch": 40, "update": 12175, "batch_loss": 0.0063227820210158825, "gradient_norm": 0.5787662267684937, "wall_seconds": 902.0}
{"event": "update", "epoch": 40, "update": 12200, "batch_loss": 0.003905197372660041, "gradient_norm": 0.28865358233451843, "wall_seconds": 903.64}
{"event": "update", "epoch": 40, "update": 12225, "batch_loss": 0.00416637072339654, "gradient_norm": 0.3116244375705719, "wall_seconds": 905.31}
{"event": "update", "epoch": 40, "update": 12250, "batch_loss": 0.010406536981463432, "gradient_norm": 0.5676044821739197, "wall_seconds": 906.93}
{"event": "update", "epoch": 40, "update": 12275, "batch_loss": 0.003922422416508198, "gradient_norm": 0.3557891547679901, "wall_seconds": 908.54}
{"event": "update", "epoch": 40, "update": 12300, "batch_loss": 0.004889179952442646, "gradient_norm": 0.22679303586483002, "wall_seconds": 910.16}
{"event": "update", "epoch": 40, "update": 12325, "batch_loss": 0.004815294872969389, "gradient_norm": 0.2146880328655243, "wall_seconds": 911.77}
{"event": "update", "epoch": 40, "update": 12350, "batch_loss": 0.012036832980811596, "gradient_norm": 0.6140906810760498, "wall_seconds": 913.41}
{"event": "epoch", "epoch": 40, "updates": 12360, "seconds": 20.120189659995958, "learning_rate": 0.00023250000000000007, "loss": 0.018453694750951842, "direction_loss": 0.007372496606067407, "projection_loss": 0.01108119832283879, "wall_seconds": 914.06}
{"event": "evaluation", "split": "train", "epoch": 40, "loss": 0.011874849556355075, "components": {"direction_loss": 0.0026922698298258653, "projection_loss": 0.009182579696896929}, "mean_angle": 1.0104232195367044, "mean_offset": 0.020580545979015367, "strict_count": 245, "loose_count": 792, "samples": 1234, "selection_score": 2.6451425169706475, "wall_seconds": 926.36}
{"event": "evaluation", "split": "val", "epoch": 40, "loss": 0.6262762967766409, "components": {"direction_loss": 0.5284069751993141, "projection_loss": 0.09786931856209974}, "mean_angle": 28.090138934216046, "mean_offset": 0.06456952779946556, "strict_count": 12, "loose_count": 31, "samples": 166, "selection_score": 12.624360291143878, "wall_seconds": 928.18}
{"event": "update", "epoch": 41, "update": 12375, "batch_loss": 0.04050649702548981, "gradient_norm": 1.0159040689468384, "wall_seconds": 929.23}
{"event": "update", "epoch": 41, "update": 12400, "batch_loss": 0.039529863744974136, "gradient_norm": 1.1917897462844849, "wall_seconds": 930.84}
{"event": "update", "epoch": 41, "update": 12425, "batch_loss": 0.006038114428520203, "gradient_norm": 0.43844926357269287, "wall_seconds": 932.46}
{"event": "update", "epoch": 41, "update": 12450, "batch_loss": 0.013468774035573006, "gradient_norm": 0.8242209553718567, "wall_seconds": 934.09}
{"event": "update", "epoch": 41, "update": 12475, "batch_loss": 0.019574811682105064, "gradient_norm": 0.8040159344673157, "wall_seconds": 935.7}
{"event": "update", "epoch": 41, "update": 12500, "batch_loss": 0.01054091565310955, "gradient_norm": 0.5060322880744934, "wall_seconds": 937.32}
{"event": "update", "epoch": 41, "update": 12525, "batch_loss": 0.007648274302482605, "gradient_norm": 0.759276807308197, "wall_seconds": 938.93}
{"event": "update", "epoch": 41, "update": 12550, "batch_loss": 0.006431189365684986, "gradient_norm": 0.39954298734664917, "wall_seconds": 940.54}
{"event": "update", "epoch": 41, "update": 12575, "batch_loss": 0.0062347291968762875, "gradient_norm": 0.3557698726654053, "wall_seconds": 942.16}
{"event": "update", "epoch": 41, "update": 12600, "batch_loss": 0.013745586387813091, "gradient_norm": 0.35064348578453064, "wall_seconds": 943.79}
{"event": "update", "epoch": 41, "update": 12625, "batch_loss": 0.014703908935189247, "gradient_norm": 0.8928449153900146, "wall_seconds": 945.38}
{"event": "update", "epoch": 41, "update": 12650, "batch_loss": 0.03592649847269058, "gradient_norm": 1.0764509439468384, "wall_seconds": 946.94}
{"event": "epoch", "epoch": 41, "updates": 12669, "seconds": 19.854186875978485, "learning_rate": 0.00022941643263504723, "loss": 0.02243511921332204, "direction_loss": 0.011352752894916671, "projection_loss": 0.01108236637757412, "wall_seconds": 948.11}
{"event": "update", "epoch": 42, "update": 12675, "batch_loss": 0.008301020599901676, "gradient_norm": 0.5026324391365051, "wall_seconds": 948.52}
{"event": "update", "epoch": 42, "update": 12700, "batch_loss": 0.04649508371949196, "gradient_norm": 0.9871345162391663, "wall_seconds": 950.07}
{"event": "update", "epoch": 42, "update": 12725, "batch_loss": 0.007938023656606674, "gradient_norm": 0.4557114839553833, "wall_seconds": 951.62}
{"event": "update", "epoch": 42, "update": 12750, "batch_loss": 0.00422251271083951, "gradient_norm": 0.5294225215911865, "wall_seconds": 953.16}
{"event": "update", "epoch": 42, "update": 12775, "batch_loss": 0.00290009961463511, "gradient_norm": 0.3434848487377167, "wall_seconds": 954.71}
{"event": "update", "epoch": 42, "update": 12800, "batch_loss": 0.004917027894407511, "gradient_norm": 0.35120874643325806, "wall_seconds": 956.24}
{"event": "update", "epoch": 42, "update": 12825, "batch_loss": 0.00548052741214633, "gradient_norm": 0.5168730616569519, "wall_seconds": 957.66}
{"event": "update", "epoch": 42, "update": 12850, "batch_loss": 0.0055754901841282845, "gradient_norm": 0.47562119364738464, "wall_seconds": 959.03}
{"event": "update", "epoch": 42, "update": 12875, "batch_loss": 0.01456882618367672, "gradient_norm": 0.5745678544044495, "wall_seconds": 960.45}
{"event": "update", "epoch": 42, "update": 12900, "batch_loss": 0.011911554262042046, "gradient_norm": 0.5262756943702698, "wall_seconds": 961.85}
{"event": "update", "epoch": 42, "update": 12925, "batch_loss": 0.004108026158064604, "gradient_norm": 0.4312397241592407, "wall_seconds": 963.21}
{"event": "update", "epoch": 42, "update": 12950, "batch_loss": 0.019527290016412735, "gradient_norm": 1.0024319887161255, "wall_seconds": 964.57}
{"event": "update", "epoch": 42, "update": 12975, "batch_loss": 0.008316313847899437, "gradient_norm": 0.3692161440849304, "wall_seconds": 965.94}
{"event": "epoch", "epoch": 42, "updates": 12978, "seconds": 17.962947951979004, "learning_rate": 0.00022628871746483887, "loss": 0.01309002099167767, "direction_loss": 0.002776311698046132, "projection_loss": 0.010313709251389415, "wall_seconds": 966.1}
{"event": "update", "epoch": 43, "update": 13000, "batch_loss": 0.019589513540267944, "gradient_norm": 0.6879754662513733, "wall_seconds": 967.35}
{"event": "update", "epoch": 43, "update": 13025, "batch_loss": 0.007091747596859932, "gradient_norm": 0.2638097405433655, "wall_seconds": 968.88}
{"event": "update", "epoch": 43, "update": 13050, "batch_loss": 0.016555892303586006, "gradient_norm": 1.048206090927124, "wall_seconds": 970.46}
{"event": "update", "epoch": 43, "update": 13075, "batch_loss": 0.0068049803376197815, "gradient_norm": 0.43329381942749023, "wall_seconds": 972.06}
{"event": "update", "epoch": 43, "update": 13100, "batch_loss": 0.01209496334195137, "gradient_norm": 0.4875268042087555, "wall_seconds": 973.67}
{"event": "update", "epoch": 43, "update": 13125, "batch_loss": 0.004694520961493254, "gradient_norm": 0.3179362118244171, "wall_seconds": 975.28}
{"event": "update", "epoch": 43, "update": 13150, "batch_loss": 0.029185641556978226, "gradient_norm": 0.6535047292709351, "wall_seconds": 976.88}
{"event": "update", "epoch": 43, "update": 13175, "batch_loss": 0.004201977048069239, "gradient_norm": 0.1472078412771225, "wall_seconds": 978.5}
{"event": "update", "epoch": 43, "update": 13200, "batch_loss": 0.009479116648435593, "gradient_norm": 0.5993959903717041, "wall_seconds": 980.11}
{"event": "update", "epoch": 43, "update": 13225, "batch_loss": 0.018878156319260597, "gradient_norm": 0.7201057076454163, "wall_seconds": 981.71}
{"event": "update", "epoch": 43, "update": 13250, "batch_loss": 0.002795333741232753, "gradient_norm": 0.32956358790397644, "wall_seconds": 983.35}
{"event": "update", "epoch": 43, "update": 13275, "batch_loss": 0.00951848179101944, "gradient_norm": 0.408882200717926, "wall_seconds": 984.96}
{"event": "epoch", "epoch": 43, "updates": 13287, "seconds": 19.62255450093653, "learning_rate": 0.0002231189980691199, "loss": 0.017770306741580293, "direction_loss": 0.007612060109499428, "projection_loss": 0.010158246619297822, "wall_seconds": 985.75}
{"event": "update", "epoch": 44, "update": 13300, "batch_loss": 0.017906641587615013, "gradient_norm": 0.5376060605049133, "wall_seconds": 986.62}
{"event": "update", "epoch": 44, "update": 13325, "batch_loss": 0.008108481764793396, "gradient_norm": 0.36451202630996704, "wall_seconds": 988.22}
{"event": "update", "epoch": 44, "update": 13350, "batch_loss": 0.007587247993797064, "gradient_norm": 0.5620984435081482, "wall_seconds": 989.8}
{"event": "update", "epoch": 44, "update": 13375, "batch_loss": 0.021764297038316727, "gradient_norm": 0.636451005935669, "wall_seconds": 991.41}
{"event": "update", "epoch": 44, "update": 13400, "batch_loss": 0.005908221006393433, "gradient_norm": 0.4328116774559021, "wall_seconds": 993.03}
{"event": "update", "epoch": 44, "update": 13425, "batch_loss": 0.005495353601872921, "gradient_norm": 0.7436575889587402, "wall_seconds": 994.65}
{"event": "update", "epoch": 44, "update": 13450, "batch_loss": 0.0033383911941200495, "gradient_norm": 0.19240699708461761, "wall_seconds": 996.26}
{"event": "update", "epoch": 44, "update": 13475, "batch_loss": 0.08974429965019226, "gradient_norm": 1.5812880992889404, "wall_seconds": 997.87}
{"event": "update", "epoch": 44, "update": 13500, "batch_loss": 0.007128384429961443, "gradient_norm": 0.6826655864715576, "wall_seconds": 999.47}
{"event": "update", "epoch": 44, "update": 13525, "batch_loss": 0.006900891195982695, "gradient_norm": 0.6645922064781189, "wall_seconds": 1001.05}
{"event": "update", "epoch": 44, "update": 13550, "batch_loss": 0.009423820301890373, "gradient_norm": 0.6176264882087708, "wall_seconds": 1002.68}
{"event": "update", "epoch": 44, "update": 13575, "batch_loss": 0.01000280398875475, "gradient_norm": 0.45822083950042725, "wall_seconds": 1004.27}
{"event": "epoch", "epoch": 44, "updates": 13596, "seconds": 19.854785588919185, "learning_rate": 0.0002199094468152331, "loss": 0.020699846036762386, "direction_loss": 0.010551233335052005, "projection_loss": 0.010148612727264675, "wall_seconds": 1005.64}
{"event": "update", "epoch": 45, "update": 13600, "batch_loss": 0.030944954603910446, "gradient_norm": 0.8912995457649231, "wall_seconds": 1005.93}
{"event": "update", "epoch": 45, "update": 13625, "batch_loss": 0.006190671119838953, "gradient_norm": 0.5565857887268066, "wall_seconds": 1007.51}
{"event": "update", "epoch": 45, "update": 13650, "batch_loss": 0.05854322388768196, "gradient_norm": 1.37078857421875, "wall_seconds": 1009.1}
{"event": "update", "epoch": 45, "update": 13675, "batch_loss": 0.07743921130895615, "gradient_norm": 0.9807356595993042, "wall_seconds": 1010.7}
{"event": "update", "epoch": 45, "update": 13700, "batch_loss": 0.007835534401237965, "gradient_norm": 0.6184338927268982, "wall_seconds": 1012.31}
{"event": "update", "epoch": 45, "update": 13725, "batch_loss": 0.055342502892017365, "gradient_norm": 2.635331153869629, "wall_seconds": 1013.93}
{"event": "update", "epoch": 45, "update": 13750, "batch_loss": 0.0064521366730332375, "gradient_norm": 0.6479440927505493, "wall_seconds": 1015.55}
{"event": "update", "epoch": 45, "update": 13775, "batch_loss": 0.0032025394029915333, "gradient_norm": 0.32812052965164185, "wall_seconds": 1017.16}
{"event": "update", "epoch": 45, "update": 13800, "batch_loss": 0.0037274693604558706, "gradient_norm": 0.28807175159454346, "wall_seconds": 1018.76}
{"event": "update", "epoch": 45, "update": 13825, "batch_loss": 0.006505243480205536, "gradient_norm": 0.502575159072876, "wall_seconds": 1020.36}
{"event": "update", "epoch": 45, "update": 13850, "batch_loss": 0.007943452335894108, "gradient_norm": 0.515692412853241, "wall_seconds": 1021.95}
{"event": "update", "epoch": 45, "update": 13875, "batch_loss": 0.017993569374084473, "gradient_norm": 0.8994497060775757, "wall_seconds": 1023.58}
{"event": "update", "epoch": 45, "update": 13900, "batch_loss": 0.003728719661012292, "gradient_norm": 0.35679683089256287, "wall_seconds": 1025.2}
{"event": "epoch", "epoch": 45, "updates": 13905, "seconds": 19.853313021012582, "learning_rate": 0.0002166622633692872, "loss": 0.01554869159201773, "direction_loss": 0.006375731354248386, "projection_loss": 0.009172960243382561, "wall_seconds": 1025.53}
{"event": "evaluation", "split": "train", "epoch": 45, "loss": 0.013493424850158284, "components": {"direction_loss": 0.006150058558865284, "projection_loss": 0.007343366385152265}, "mean_angle": 1.0459059127327206, "mean_offset": 0.015931724618321395, "strict_count": 517, "loose_count": 942, "samples": 1234, "selection_score": 1.9345058010291871, "wall_seconds": 1037.86}
{"event": "evaluation", "split": "val", "epoch": 45, "loss": 0.6812109190140323, "components": {"direction_loss": 0.5829496712235213, "projection_loss": 0.09826124746756382}, "mean_angle": 30.5457997561309, "mean_offset": 0.06578424455477373, "strict_count": 12, "loose_count": 39, "samples": 166, "selection_score": 14.303272911566399, "wall_seconds": 1039.5}
{"event": "update", "epoch": 46, "update": 13925, "batch_loss": 0.0025792003143578768, "gradient_norm": 0.24713696539402008, "wall_seconds": 1040.63}
{"event": "update", "epoch": 46, "update": 13950, "batch_loss": 0.011042904108762741, "gradient_norm": 0.575535774230957, "wall_seconds": 1041.99}
{"event": "update", "epoch": 46, "update": 13975, "batch_loss": 0.017526697367429733, "gradient_norm": 0.8455246090888977, "wall_seconds": 1043.42}
{"event": "update", "epoch": 46, "update": 14000, "batch_loss": 0.00765154417604208, "gradient_norm": 0.8295666575431824, "wall_seconds": 1044.8}
{"event": "update", "epoch": 46, "update": 14025, "batch_loss": 0.010601731948554516, "gradient_norm": 0.3412586748600006, "wall_seconds": 1046.3}
{"event": "update", "epoch": 46, "update": 14050, "batch_loss": 0.006651220843195915, "gradient_norm": 0.3239132761955261, "wall_seconds": 1047.72}
{"event": "update", "epoch": 46, "update": 14075, "batch_loss": 0.022352231666445732, "gradient_norm": 0.6386995911598206, "wall_seconds": 1049.14}
{"event": "update", "epoch": 46, "update": 14100, "batch_loss": 0.0015907584456726909, "gradient_norm": 0.1718585044145584, "wall_seconds": 1050.55}
{"event": "update", "epoch": 46, "update": 14125, "batch_loss": 0.01508365385234356, "gradient_norm": 0.6354666948318481, "wall_seconds": 1051.97}
{"event": "update", "epoch": 46, "update": 14150, "batch_loss": 0.0060052392072975636, "gradient_norm": 0.44068071246147156, "wall_seconds": 1053.37}
{"event": "update", "epoch": 46, "update": 14175, "batch_loss": 0.00456569017842412, "gradient_norm": 0.3633211851119995, "wall_seconds": 1054.77}
{"event": "update", "epoch": 46, "update": 14200, "batch_loss": 0.003603933146223426, "gradient_norm": 0.22052770853042603, "wall_seconds": 1056.17}
{"event": "epoch", "epoch": 46, "updates": 14214, "seconds": 17.421016292995773, "learning_rate": 0.00021337967318861562, "loss": 0.011972087613537883, "direction_loss": 0.0036003895482405045, "projection_loss": 0.008371698068578636, "wall_seconds": 1056.95}
{"event": "update", "epoch": 47, "update": 14225, "batch_loss": 0.10588230937719345, "gradient_norm": 11.975533485412598, "wall_seconds": 1057.59}
{"event": "update", "epoch": 47, "update": 14250, "batch_loss": 0.0034328566398471594, "gradient_norm": 0.3508036434650421, "wall_seconds": 1058.97}
{"event": "update", "epoch": 47, "update": 14275, "batch_loss": 0.014803840778768063, "gradient_norm": 0.8966790437698364, "wall_seconds": 1060.39}
{"event": "update", "epoch": 47, "update": 14300, "batch_loss": 0.0082718376070261, "gradient_norm": 0.49140116572380066, "wall_seconds": 1061.78}
{"event": "update", "epoch": 47, "update": 14325, "batch_loss": 0.013574833981692791, "gradient_norm": 0.6508878469467163, "wall_seconds": 1063.19}
{"event": "update", "epoch": 47, "update": 14350, "batch_loss": 0.007422012742608786, "gradient_norm": 0.2868715226650238, "wall_seconds": 1064.6}
{"event": "update", "epoch": 47, "update": 14375, "batch_loss": 0.00656363507732749, "gradient_norm": 0.582301676273346, "wall_seconds": 1066.02}
{"event": "update", "epoch": 47, "update": 14400, "batch_loss": 0.006015462335199118, "gradient_norm": 0.4221450984477997, "wall_seconds": 1067.54}
{"event": "update", "epoch": 47, "update": 14425, "batch_loss": 0.007648635655641556, "gradient_norm": 0.44489070773124695, "wall_seconds": 1068.93}
{"event": "update", "epoch": 47, "update": 14450, "batch_loss": 0.016046397387981415, "gradient_norm": 0.814255952835083, "wall_seconds": 1070.33}
{"event": "update", "epoch": 47, "update": 14475, "batch_loss": 0.002385174622759223, "gradient_norm": 0.28873538970947266, "wall_seconds": 1071.78}
{"event": "update", "epoch": 47, "update": 14500, "batch_loss": 0.003101196838542819, "gradient_norm": 0.20700117945671082, "wall_seconds": 1073.17}
{"event": "epoch", "epoch": 47, "updates": 14523, "seconds": 17.45587956206873, "learning_rate": 0.0002100639259965591, "loss": 0.008798475255751967, "direction_loss": 0.001235905438560779, "projection_loss": 0.007562569866516903, "wall_seconds": 1074.43}
{"event": "update", "epoch": 48, "update": 14525, "batch_loss": 0.0028827174101024866, "gradient_norm": 0.2968197166919708, "wall_seconds": 1074.57}
{"event": "update", "epoch": 48, "update": 14550, "batch_loss": 0.0272035114467144, "gradient_norm": 0.6568818688392639, "wall_seconds": 1075.95}
{"event": "update", "epoch": 48, "update": 14575, "batch_loss": 0.017933007329702377, "gradient_norm": 0.6182681322097778, "wall_seconds": 1077.33}
{"event": "update", "epoch": 48, "update": 14600, "batch_loss": 0.008546034805476665, "gradient_norm": 0.785859227180481, "wall_seconds": 1078.72}
{"event": "update", "epoch": 48, "update": 14625, "batch_loss": 0.010155915282666683, "gradient_norm": 0.6011846661567688, "wall_seconds": 1080.23}
{"event": "update", "epoch": 48, "update": 14650, "batch_loss": 0.007525767665356398, "gradient_norm": 0.47436678409576416, "wall_seconds": 1081.81}
{"event": "update", "epoch": 48, "update": 14675, "batch_loss": 0.006828818004578352, "gradient_norm": 0.44528576731681824, "wall_seconds": 1083.27}
{"event": "update", "epoch": 48, "update": 14700, "batch_loss": 0.016628805547952652, "gradient_norm": 0.5305484533309937, "wall_seconds": 1084.64}
{"event": "update", "epoch": 48, "update": 14725, "batch_loss": 0.0014482312835752964, "gradient_norm": 0.17950955033302307, "wall_seconds": 1086.06}
{"event": "update", "epoch": 48, "update": 14750, "batch_loss": 0.003877862822264433, "gradient_norm": 0.407646507024765, "wall_seconds": 1087.47}
{"event": "update", "epoch": 48, "update": 14775, "batch_loss": 0.023947635665535927, "gradient_norm": 0.8391858339309692, "wall_seconds": 1088.87}
{"event": "update", "epoch": 48, "update": 14800, "batch_loss": 0.005724908318370581, "gradient_norm": 0.41964831948280334, "wall_seconds": 1090.26}
{"event": "update", "epoch": 48, "update": 14825, "batch_loss": 0.00761204631999135, "gradient_norm": 0.5316931009292603, "wall_seconds": 1091.65}
{"event": "epoch", "epoch": 48, "updates": 14832, "seconds": 17.586245047976263, "learning_rate": 0.00020671729424061793, "loss": 0.00729764192410393, "direction_loss": 0.0006237933885485271, "projection_loss": 0.006673848540997631, "wall_seconds": 1092.04}
{"event": "update", "epoch": 49, "update": 14850, "batch_loss": 0.014327771961688995, "gradient_norm": 0.6952705979347229, "wall_seconds": 1093.06}
{"event": "update", "epoch": 49, "update": 14875, "batch_loss": 0.0029606432653963566, "gradient_norm": 0.285543292760849, "wall_seconds": 1094.43}
{"event": "update", "epoch": 49, "update": 14900, "batch_loss": 0.016571281477808952, "gradient_norm": 0.5947869420051575, "wall_seconds": 1095.81}
{"event": "update", "epoch": 49, "update": 14925, "batch_loss": 0.0056923250667750835, "gradient_norm": 0.37128666043281555, "wall_seconds": 1097.2}
{"event": "update", "epoch": 49, "update": 14950, "batch_loss": 0.0038029025308787823, "gradient_norm": 0.40817710757255554, "wall_seconds": 1098.58}
{"event": "update", "epoch": 49, "update": 14975, "batch_loss": 0.01930239610373974, "gradient_norm": 0.6528365015983582, "wall_seconds": 1099.96}
{"event": "update", "epoch": 49, "update": 15000, "batch_loss": 0.00830519013106823, "gradient_norm": 0.5390400290489197, "wall_seconds": 1101.34}
{"event": "update", "epoch": 49, "update": 15025, "batch_loss": 0.010708581656217575, "gradient_norm": 0.7315220832824707, "wall_seconds": 1102.76}
{"event": "update", "epoch": 49, "update": 15050, "batch_loss": 0.02213582582771778, "gradient_norm": 0.5958192944526672, "wall_seconds": 1104.15}
{"event": "update", "epoch": 49, "update": 15075, "batch_loss": 0.0026713479310274124, "gradient_norm": 0.24661050736904144, "wall_seconds": 1105.57}
{"event": "update", "epoch": 49, "update": 15100, "batch_loss": 0.0030946354381740093, "gradient_norm": 0.41620108485221863, "wall_seconds": 1106.96}
{"event": "update", "epoch": 49, "update": 15125, "batch_loss": 0.0023448660504072905, "gradient_norm": 0.1925240457057953, "wall_seconds": 1108.36}
{"event": "epoch", "epoch": 49, "updates": 15141, "seconds": 17.188100641942583, "learning_rate": 0.00020334207153502963, "loss": 0.0076719461125133006, "direction_loss": 0.0008762862406464513, "projection_loss": 0.006795659883180256, "wall_seconds": 1109.26}
{"event": "update", "epoch": 50, "update": 15150, "batch_loss": 0.019247418269515038, "gradient_norm": 0.6464806199073792, "wall_seconds": 1109.79}
{"event": "update", "epoch": 50, "update": 15175, "batch_loss": 0.0117929857224226, "gradient_norm": 0.6235124468803406, "wall_seconds": 1111.17}
{"event": "update", "epoch": 50, "update": 15200, "batch_loss": 0.01249200850725174, "gradient_norm": 0.32332438230514526, "wall_seconds": 1112.53}
{"event": "update", "epoch": 50, "update": 15225, "batch_loss": 0.005575419403612614, "gradient_norm": 0.3836432099342346, "wall_seconds": 1113.92}
{"event": "update", "epoch": 50, "update": 15250, "batch_loss": 0.006024272181093693, "gradient_norm": 0.5274389982223511, "wall_seconds": 1115.31}
{"event": "update", "epoch": 50, "update": 15275, "batch_loss": 0.0034064094070345163, "gradient_norm": 0.19795604050159454, "wall_seconds": 1116.69}
{"event": "update", "epoch": 50, "update": 15300, "batch_loss": 0.005726784933358431, "gradient_norm": 0.4768613874912262, "wall_seconds": 1118.17}
{"event": "update", "epoch": 50, "update": 15325, "batch_loss": 0.019554730504751205, "gradient_norm": 0.7791426777839661, "wall_seconds": 1119.76}
{"event": "update", "epoch": 50, "update": 15350, "batch_loss": 0.025006860494613647, "gradient_norm": 0.683215856552124, "wall_seconds": 1121.34}
{"event": "update", "epoch": 50, "update": 15375, "batch_loss": 0.003396588144823909, "gradient_norm": 0.3609921634197235, "wall_seconds": 1122.95}
{"event": "update", "epoch": 50, "update": 15400, "batch_loss": 0.019740596413612366, "gradient_norm": 0.6645278334617615, "wall_seconds": 1124.54}
{"event": "update", "epoch": 50, "update": 15425, "batch_loss": 0.007396663539111614, "gradient_norm": 0.3485792875289917, "wall_seconds": 1126.15}
{"event": "update", "epoch": 50, "update": 15450, "batch_loss": 0.013036977499723434, "gradient_norm": 0.7111950516700745, "wall_seconds": 1127.76}
{"event": "epoch", "epoch": 50, "updates": 15450, "seconds": 18.479052879964, "learning_rate": 0.00019994057108884035, "loss": 0.008088403000651799, "direction_loss": 0.000977165380416002, "projection_loss": 0.0071112375919264855, "wall_seconds": 1127.76}
{"event": "evaluation", "split": "train", "epoch": 50, "loss": 0.009001980322855412, "components": {"direction_loss": 0.0025063098302424433, "projection_loss": 0.006495670442064889}, "mean_angle": 0.8829936596774005, "mean_offset": 0.016381269579147994, "strict_count": 461, "loose_count": 927, "samples": 1234, "selection_score": 2.1122057062350357, "wall_seconds": 1139.94}
{"event": "evaluation", "split": "val", "epoch": 50, "loss": 0.58251822017223, "components": {"direction_loss": 0.4947534458219433, "projection_loss": 0.08776477897113347}, "mean_angle": 26.102411281362354, "mean_offset": 0.059110875014939446, "strict_count": 19, "loose_count": 38, "samples": 166, "selection_score": 12.478748706131299, "wall_seconds": 1141.52}
{"event": "update", "epoch": 51, "update": 15475, "batch_loss": 0.010204900056123734, "gradient_norm": 0.5712918043136597, "wall_seconds": 1143.14}
{"event": "update", "epoch": 51, "update": 15500, "batch_loss": 0.0023206735495477915, "gradient_norm": 0.2580725848674774, "wall_seconds": 1144.76}
{"event": "update", "epoch": 51, "update": 15525, "batch_loss": 0.005561233032494783, "gradient_norm": 0.44877439737319946, "wall_seconds": 1146.38}
{"event": "update", "epoch": 51, "update": 15550, "batch_loss": 0.011896131560206413, "gradient_norm": 0.3469933867454529, "wall_seconds": 1147.97}
{"event": "update", "epoch": 51, "update": 15575, "batch_loss": 0.004100416321307421, "gradient_norm": 0.38763362169265747, "wall_seconds": 1149.38}
{"event": "update", "epoch": 51, "update": 15600, "batch_loss": 0.011437889188528061, "gradient_norm": 0.4495832622051239, "wall_seconds": 1150.76}
{"event": "update", "epoch": 51, "update": 15625, "batch_loss": 0.006594503298401833, "gradient_norm": 0.7759711146354675, "wall_seconds": 1152.13}
{"event": "update", "epoch": 51, "update": 15650, "batch_loss": 0.004077032208442688, "gradient_norm": 0.25524353981018066, "wall_seconds": 1153.5}
{"event": "update", "epoch": 51, "update": 15675, "batch_loss": 0.005491964984685183, "gradient_norm": 0.4530196487903595, "wall_seconds": 1154.87}
{"event": "update", "epoch": 51, "update": 15700, "batch_loss": 0.01721048355102539, "gradient_norm": 0.7370583415031433, "wall_seconds": 1156.26}
{"event": "update", "epoch": 51, "update": 15725, "batch_loss": 0.0025516857858747244, "gradient_norm": 0.2129056453704834, "wall_seconds": 1157.64}
{"event": "update", "epoch": 51, "update": 15750, "batch_loss": 0.010665408335626125, "gradient_norm": 0.6120717525482178, "wall_seconds": 1159.0}
{"event": "epoch", "epoch": 51, "updates": 15759, "seconds": 17.89445939299185, "learning_rate": 0.00019651512412054728, "loss": 0.009320482810524501, "direction_loss": 0.0026348482034060836, "projection_loss": 0.006685634610443897, "wall_seconds": 1159.48}
{"event": "update", "epoch": 52, "update": 15775, "batch_loss": 0.006288070231676102, "gradient_norm": 0.6634819507598877, "wall_seconds": 1160.34}
{"event": "update", "epoch": 52, "update": 15800, "batch_loss": 0.028432931751012802, "gradient_norm": 0.9265490174293518, "wall_seconds": 1161.66}
{"event": "update", "epoch": 52, "update": 15825, "batch_loss": 0.005811807233840227, "gradient_norm": 0.5973381996154785, "wall_seconds": 1162.94}
{"event": "update", "epoch": 52, "update": 15850, "batch_loss": 0.005858809687197208, "gradient_norm": 0.4401863217353821, "wall_seconds": 1164.26}
{"event": "update", "epoch": 52, "update": 15875, "batch_loss": 0.005697139538824558, "gradient_norm": 0.4046156108379364, "wall_seconds": 1165.58}
{"event": "update", "epoch": 52, "update": 15900, "batch_loss": 0.004392797127366066, "gradient_norm": 0.29934200644493103, "wall_seconds": 1166.86}
{"event": "update", "epoch": 52, "update": 15925, "batch_loss": 0.005985485389828682, "gradient_norm": 0.41500726342201233, "wall_seconds": 1168.14}
{"event": "update", "epoch": 52, "update": 15950, "batch_loss": 0.00989119615405798, "gradient_norm": 0.4982950687408447, "wall_seconds": 1169.44}
{"event": "update", "epoch": 52, "update": 15975, "batch_loss": 0.002838615095242858, "gradient_norm": 0.3419550955295563, "wall_seconds": 1170.73}
{"event": "update", "epoch": 52, "update": 16000, "batch_loss": 0.0052344175055623055, "gradient_norm": 0.4922245442867279, "wall_seconds": 1172.04}
{"event": "update", "epoch": 52, "update": 16025, "batch_loss": 0.002707606414332986, "gradient_norm": 0.3087814450263977, "wall_seconds": 1173.36}
{"event": "update", "epoch": 52, "update": 16050, "batch_loss": 0.0034510865807533264, "gradient_norm": 0.3384760320186615, "wall_seconds": 1174.7}
{"event": "epoch", "epoch": 52, "updates": 16068, "seconds": 16.15158554003574, "learning_rate": 0.00019306807826039753, "loss": 0.007539350112275231, "direction_loss": 0.000527859655220513, "projection_loss": 0.007011490460595409, "wall_seconds": 1175.66}
{"event": "update", "epoch": 53, "update": 16075, "batch_loss": 0.0051490021869540215, "gradient_norm": 0.39852267503738403, "wall_seconds": 1176.06}
{"event": "update", "epoch": 53, "update": 16100, "batch_loss": 0.009714027866721153, "gradient_norm": 0.6451186537742615, "wall_seconds": 1177.41}
{"event": "update", "epoch": 53, "update": 16125, "batch_loss": 0.01671731099486351, "gradient_norm": 0.8437463641166687, "wall_seconds": 1178.75}
{"event": "update", "epoch": 53, "update": 16150, "batch_loss": 0.007106836885213852, "gradient_norm": 0.6768481731414795, "wall_seconds": 1180.12}
{"event": "update", "epoch": 53, "update": 16175, "batch_loss": 0.002125045284628868, "gradient_norm": 0.21013347804546356, "wall_seconds": 1181.64}
{"event": "update", "epoch": 53, "update": 16200, "batch_loss": 0.023259978741407394, "gradient_norm": 0.7212471961975098, "wall_seconds": 1183.16}
{"event": "update", "epoch": 53, "update": 16225, "batch_loss": 0.0031891337130218744, "gradient_norm": 0.28092336654663086, "wall_seconds": 1184.7}
{"event": "update", "epoch": 53, "update": 16250, "batch_loss": 0.005359360948204994, "gradient_norm": 0.35413312911987305, "wall_seconds": 1186.22}
{"event": "update", "epoch": 53, "update": 16275, "batch_loss": 0.003158572595566511, "gradient_norm": 0.30127856135368347, "wall_seconds": 1187.75}
{"event": "update", "epoch": 53, "update": 16300, "batch_loss": 0.001753311837092042, "gradient_norm": 0.15034212172031403, "wall_seconds": 1189.35}
{"event": "update", "epoch": 53, "update": 16325, "batch_loss": 0.0016850673127919436, "gradient_norm": 0.22328536212444305, "wall_seconds": 1190.9}
{"event": "update", "epoch": 53, "update": 16350, "batch_loss": 0.07254934310913086, "gradient_norm": 7.556768417358398, "wall_seconds": 1192.46}
{"event": "update", "epoch": 53, "update": 16375, "batch_loss": 0.0026747439987957478, "gradient_norm": 0.16702352464199066, "wall_seconds": 1194.0}
{"event": "epoch", "epoch": 53, "updates": 16377, "seconds": 18.43131858110428, "learning_rate": 0.00018960179594143994, "loss": 0.00790727818520616, "direction_loss": 0.0022578259479990146, "projection_loss": 0.0056494521705442785, "wall_seconds": 1194.12}
{"event": "update", "epoch": 54, "update": 16400, "batch_loss": 0.0018133459379896522, "gradient_norm": 0.18319937586784363, "wall_seconds": 1195.58}
{"event": "update", "epoch": 54, "update": 16425, "batch_loss": 0.012609188444912434, "gradient_norm": 0.5296470522880554, "wall_seconds": 1197.14}
{"event": "update", "epoch": 54, "update": 16450, "batch_loss": 0.0041305203922092915, "gradient_norm": 0.38051649928092957, "wall_seconds": 1198.69}
{"event": "update", "epoch": 54, "update": 16475, "batch_loss": 0.005377998575568199, "gradient_norm": 0.3865516185760498, "wall_seconds": 1200.22}
{"event": "update", "epoch": 54, "update": 16500, "batch_loss": 0.0048957206308841705, "gradient_norm": 0.32611241936683655, "wall_seconds": 1201.73}
{"event": "update", "epoch": 54, "update": 16525, "batch_loss": 0.003057786263525486, "gradient_norm": 0.3681717813014984, "wall_seconds": 1203.27}
{"event": "update", "epoch": 54, "update": 16550, "batch_loss": 0.004200545605272055, "gradient_norm": 0.3728008270263672, "wall_seconds": 1204.8}
{"event": "update", "epoch": 54, "update": 16575, "batch_loss": 0.005667399149388075, "gradient_norm": 0.401782363653183, "wall_seconds": 1206.33}
{"event": "update", "epoch": 54, "update": 16600, "batch_loss": 0.003887154860422015, "gradient_norm": 0.5025434494018555, "wall_seconds": 1207.88}
{"event": "update", "epoch": 54, "update": 16625, "batch_loss": 0.00291781616397202, "gradient_norm": 0.33386775851249695, "wall_seconds": 1209.41}
{"event": "update", "epoch": 54, "update": 16650, "batch_loss": 0.003528895555064082, "gradient_norm": 0.37823763489723206, "wall_seconds": 1210.93}
{"event": "update", "epoch": 54, "update": 16675, "batch_loss": 0.007063388358801603, "gradient_norm": 0.5260478258132935, "wall_seconds": 1212.44}
{"event": "epoch", "epoch": 54, "updates": 16686, "seconds": 18.958808876923285, "learning_rate": 0.0001861186527804312, "loss": 0.012103152736444842, "direction_loss": 0.0058074650048509455, "projection_loss": 0.006295687873354197, "wall_seconds": 1213.1}
{"event": "update", "epoch": 55, "update": 16700, "batch_loss": 0.0025331429205834866, "gradient_norm": 0.22066566348075867, "wall_seconds": 1213.98}
{"event": "update", "epoch": 55, "update": 16725, "batch_loss": 0.014258690178394318, "gradient_norm": 1.1125677824020386, "wall_seconds": 1215.51}
{"event": "update", "epoch": 55, "update": 16750, "batch_loss": 0.01911008544266224, "gradient_norm": 0.9370586276054382, "wall_seconds": 1217.05}
{"event": "update", "epoch": 55, "update": 16775, "batch_loss": 0.002955499105155468, "gradient_norm": 0.4750998616218567, "wall_seconds": 1218.59}
{"event": "update", "epoch": 55, "update": 16800, "batch_loss": 0.011385850608348846, "gradient_norm": 0.7139200568199158, "wall_seconds": 1220.12}
{"event": "update", "epoch": 55, "update": 16825, "batch_loss": 0.0024111114908009768, "gradient_norm": 0.20596948266029358, "wall_seconds": 1221.64}
{"event": "update", "epoch": 55, "update": 16850, "batch_loss": 0.007375009823590517, "gradient_norm": 0.8583034873008728, "wall_seconds": 1223.18}
{"event": "update", "epoch": 55, "update": 16875, "batch_loss": 0.0030585217755287886, "gradient_norm": 0.3149794936180115, "wall_seconds": 1224.68}
{"event": "update", "epoch": 55, "update": 16900, "batch_loss": 0.009063618257641792, "gradient_norm": 0.42758360505104065, "wall_seconds": 1226.2}
{"event": "update", "epoch": 55, "update": 16925, "batch_loss": 0.013747500255703926, "gradient_norm": 0.44067439436912537, "wall_seconds": 1227.7}
{"event": "update", "epoch": 55, "update": 16950, "batch_loss": 0.003979652188718319, "gradient_norm": 0.39104360342025757, "wall_seconds": 1229.21}
{"event": "update", "epoch": 55, "update": 16975, "batch_loss": 0.00568316038697958, "gradient_norm": 0.4200623631477356, "wall_seconds": 1230.72}
{"event": "epoch", "epoch": 55, "updates": 16995, "seconds": 18.800215820083395, "learning_rate": 0.000182621035949707, "loss": 0.007133031039418747, "direction_loss": 0.0009165434531235522, "projection_loss": 0.006216487577456733, "wall_seconds": 1231.93}
{"event": "evaluation", "split": "train", "epoch": 55, "loss": 0.00654811107359579, "components": {"direction_loss": 0.0006239226331849286, "projection_loss": 0.005924188442878437}, "mean_angle": 0.634562096214737, "mean_offset": 0.015262983453007584, "strict_count": 580, "loose_count": 965, "samples": 1234, "selection_score": 1.9139080933810895, "wall_seconds": 1243.76}
{"event": "evaluation", "split": "val", "epoch": 55, "loss": 0.5780600178201335, "components": {"direction_loss": 0.4804892259148856, "projection_loss": 0.09757079456719649}, "mean_angle": 26.414273077352757, "mean_offset": 0.06849258604665646, "strict_count": 18, "loose_count": 31, "samples": 166, "selection_score": 13.309128867797828, "wall_seconds": 1245.32}
{"event": "update", "epoch": 56, "update": 17000, "batch_loss": 0.008894491009414196, "gradient_norm": 0.6214221119880676, "wall_seconds": 1245.61}
{"event": "update", "epoch": 56, "update": 17025, "batch_loss": 0.01011057011783123, "gradient_norm": 0.7147522568702698, "wall_seconds": 1246.93}
{"event": "update", "epoch": 56, "update": 17050, "batch_loss": 0.009067285805940628, "gradient_norm": 0.6991727352142334, "wall_seconds": 1248.23}
{"event": "update", "epoch": 56, "update": 17075, "batch_loss": 0.003616891335695982, "gradient_norm": 0.33342117071151733, "wall_seconds": 1249.54}
{"event": "update", "epoch": 56, "update": 17100, "batch_loss": 0.005797796882688999, "gradient_norm": 0.41469186544418335, "wall_seconds": 1250.84}
{"event": "update", "epoch": 56, "update": 17125, "batch_loss": 0.0015866955509409308, "gradient_norm": 0.17272110283374786, "wall_seconds": 1252.14}
{"event": "update", "epoch": 56, "update": 17150, "batch_loss": 0.003565917257219553, "gradient_norm": 0.18990002572536469, "wall_seconds": 1253.46}
{"event": "update", "epoch": 56, "update": 17175, "batch_loss": 0.0034080820623785257, "gradient_norm": 0.3864428699016571, "wall_seconds": 1254.8}
{"event": "update", "epoch": 56, "update": 17200, "batch_loss": 0.003092412604019046, "gradient_norm": 0.3057114779949188, "wall_seconds": 1256.13}
{"event": "update", "epoch": 56, "update": 17225, "batch_loss": 0.027364710345864296, "gradient_norm": 0.9375107884407043, "wall_seconds": 1257.47}
{"event": "update", "epoch": 56, "update": 17250, "batch_loss": 0.002743750810623169, "gradient_norm": 0.2143060564994812, "wall_seconds": 1258.79}
{"event": "update", "epoch": 56, "update": 17275, "batch_loss": 0.0014959265245124698, "gradient_norm": 0.12642043828964233, "wall_seconds": 1260.1}
{"event": "update", "epoch": 56, "update": 17300, "batch_loss": 0.006060165353119373, "gradient_norm": 0.6131467819213867, "wall_seconds": 1261.42}
{"event": "epoch", "epoch": 56, "updates": 17304, "seconds": 16.280590016045608, "learning_rate": 0.00017911134254113326, "loss": 0.006787351828266231, "direction_loss": 0.0008977791923731522, "projection_loss": 0.005889572630896017, "wall_seconds": 1261.63}
{"event": "update", "epoch": 57, "update": 17325, "batch_loss": 0.002946076914668083, "gradient_norm": 0.2520231008529663, "wall_seconds": 1262.75}
{"event": "update", "epoch": 57, "update": 17350, "batch_loss": 0.0035637137480080128, "gradient_norm": 0.311985582113266, "wall_seconds": 1264.05}
{"event": "update", "epoch": 57, "update": 17375, "batch_loss": 0.0013107514241710305, "gradient_norm": 0.17043860256671906, "wall_seconds": 1265.34}
{"event": "update", "epoch": 57, "update": 17400, "batch_loss": 0.00878164917230606, "gradient_norm": 0.6032583713531494, "wall_seconds": 1266.64}
{"event": "update", "epoch": 57, "update": 17425, "batch_loss": 0.006972547620534897, "gradient_norm": 0.5970106720924377, "wall_seconds": 1267.94}
{"event": "update", "epoch": 57, "update": 17450, "batch_loss": 0.00540776876732707, "gradient_norm": 0.5226035714149475, "wall_seconds": 1269.25}
{"event": "update", "epoch": 57, "update": 17475, "batch_loss": 0.003068709746003151, "gradient_norm": 0.2051788866519928, "wall_seconds": 1270.55}
{"event": "update", "epoch": 57, "update": 17500, "batch_loss": 0.004550025332719088, "gradient_norm": 0.34196698665618896, "wall_seconds": 1271.86}
{"event": "update", "epoch": 57, "update": 17525, "batch_loss": 0.0009663450764492154, "gradient_norm": 0.11179135739803314, "wall_seconds": 1273.18}
{"event": "update", "epoch": 57, "update": 17550, "batch_loss": 0.009043848142027855, "gradient_norm": 0.521119236946106, "wall_seconds": 1274.5}
{"event": "update", "epoch": 57, "update": 17575, "batch_loss": 0.003403856186196208, "gradient_norm": 0.30970343947410583, "wall_seconds": 1275.84}
{"event": "update", "epoch": 57, "update": 17600, "batch_loss": 0.002996665658429265, "gradient_norm": 0.137324720621109, "wall_seconds": 1277.15}
{"event": "epoch", "epoch": 57, "updates": 17613, "seconds": 16.188465613988228, "learning_rate": 0.00017559197792325911, "loss": 0.00479500312218518, "direction_loss": 0.00041620208399671823, "projection_loss": 0.004378801049827636, "wall_seconds": 1277.84}
{"event": "update", "epoch": 58, "update": 17625, "batch_loss": 0.002502993680536747, "gradient_norm": 0.2822413444519043, "wall_seconds": 1278.51}
{"event": "update", "epoch": 58, "update": 17650, "batch_loss": 0.002102605067193508, "gradient_norm": 0.24348120391368866, "wall_seconds": 1279.86}
{"event": "update", "epoch": 58, "update": 17675, "batch_loss": 0.005731226410716772, "gradient_norm": 0.48589715361595154, "wall_seconds": 1281.16}
{"event": "update", "epoch": 58, "update": 17700, "batch_loss": 0.0033858686219900846, "gradient_norm": 0.2682192921638489, "wall_seconds": 1282.46}
{"event": "update", "epoch": 58, "update": 17725, "batch_loss": 0.0010754677932709455, "gradient_norm": 0.11061351001262665, "wall_seconds": 1283.78}
{"event": "update", "epoch": 58, "update": 17750, "batch_loss": 0.0022019580937922, "gradient_norm": 0.2395738959312439, "wall_seconds": 1285.12}
{"event": "update", "epoch": 58, "update": 17775, "batch_loss": 0.0015827978495508432, "gradient_norm": 0.1925501674413681, "wall_seconds": 1286.44}
{"event": "update", "epoch": 58, "update": 17800, "batch_loss": 0.004637531004846096, "gradient_norm": 0.30593088269233704, "wall_seconds": 1287.74}
{"event": "update", "epoch": 58, "update": 17825, "batch_loss": 0.005770103074610233, "gradient_norm": 0.405321329832077, "wall_seconds": 1289.05}
{"event": "update", "epoch": 58, "update": 17850, "batch_loss": 0.00253572640940547, "gradient_norm": 0.35308292508125305, "wall_seconds": 1290.37}
{"event": "update", "epoch": 58, "update": 17875, "batch_loss": 0.001698362291790545, "gradient_norm": 0.20410430431365967, "wall_seconds": 1291.7}
{"event": "update", "epoch": 58, "update": 17900, "batch_loss": 0.001852070796303451, "gradient_norm": 0.2748556435108185, "wall_seconds": 1293.04}
{"event": "epoch", "epoch": 58, "updates": 17922, "seconds": 16.351595086045563, "learning_rate": 0.00017206535409279743, "loss": 0.005022197934448707, "direction_loss": 0.00041912379483501663, "projection_loss": 0.004603074152042223, "wall_seconds": 1294.22}
{"event": "update", "epoch": 59, "update": 17925, "batch_loss": 0.02030734159052372, "gradient_norm": 1.0855247974395752, "wall_seconds": 1294.41}
{"event": "update", "epoch": 59, "update": 17950, "batch_loss": 0.007270283531397581, "gradient_norm": 0.5556119680404663, "wall_seconds": 1295.73}
{"event": "update", "epoch": 59, "update": 17975, "batch_loss": 0.009388054721057415, "gradient_norm": 0.5623321533203125, "wall_seconds": 1297.06}
{"event": "update", "epoch": 59, "update": 18000, "batch_loss": 0.0026892099995166063, "gradient_norm": 0.374786376953125, "wall_seconds": 1298.4}
{"event": "update", "epoch": 59, "update": 18025, "batch_loss": 0.004053907468914986, "gradient_norm": 0.4695303440093994, "wall_seconds": 1300.05}
{"event": "update", "epoch": 59, "update": 18050, "batch_loss": 0.004500085953623056, "gradient_norm": 0.45646563172340393, "wall_seconds": 1301.62}
{"event": "update", "epoch": 59, "update": 18075, "batch_loss": 0.0017207491910085082, "gradient_norm": 0.1804325431585312, "wall_seconds": 1303.22}
{"event": "update", "epoch": 59, "update": 18100, "batch_loss": 0.007546170614659786, "gradient_norm": 0.5211683511734009, "wall_seconds": 1304.73}
{"event": "update", "epoch": 59, "update": 18125, "batch_loss": 0.0037522483617067337, "gradient_norm": 0.36842358112335205, "wall_seconds": 1306.05}
{"event": "update", "epoch": 59, "update": 18150, "batch_loss": 0.004860862158238888, "gradient_norm": 0.3449956178665161, "wall_seconds": 1307.57}
{"event": "update", "epoch": 59, "update": 18175, "batch_loss": 0.002819774206727743, "gradient_norm": 0.23913832008838654, "wall_seconds": 1309.11}
{"event": "update", "epoch": 59, "update": 18200, "batch_loss": 0.0013257486280053854, "gradient_norm": 0.12144286930561066, "wall_seconds": 1310.67}
{"event": "update", "epoch": 59, "update": 18225, "batch_loss": 0.003137548454105854, "gradient_norm": 0.34605640172958374, "wall_seconds": 1312.22}
{"event": "epoch", "epoch": 59, "updates": 18231, "seconds": 18.29846745892428, "learning_rate": 0.0001685338880215629, "loss": 0.004643458337560779, "direction_loss": 0.0003927054571613848, "projection_loss": 0.004250752880740639, "wall_seconds": 1312.54}
{"event": "update", "epoch": 60, "update": 18250, "batch_loss": 0.013304938562214375, "gradient_norm": 1.888353943824768, "wall_seconds": 1313.6}
{"event": "update", "epoch": 60, "update": 18275, "batch_loss": 0.0036455923691391945, "gradient_norm": 0.5519872903823853, "wall_seconds": 1314.93}
{"event": "update", "epoch": 60, "update": 18300, "batch_loss": 0.001339599839411676, "gradient_norm": 0.21188946068286896, "wall_seconds": 1316.31}
{"event": "update", "epoch": 60, "update": 18325, "batch_loss": 0.0029617338441312313, "gradient_norm": 0.368399053812027, "wall_seconds": 1317.64}
{"event": "update", "epoch": 60, "update": 18350, "batch_loss": 0.0016721977153792977, "gradient_norm": 0.2035800963640213, "wall_seconds": 1318.96}
{"event": "update", "epoch": 60, "update": 18375, "batch_loss": 0.0020808549597859383, "gradient_norm": 0.27165859937667847, "wall_seconds": 1320.29}
{"event": "update", "epoch": 60, "update": 18400, "batch_loss": 0.0018110668752342463, "gradient_norm": 0.22655867040157318, "wall_seconds": 1321.65}
{"event": "update", "epoch": 60, "update": 18425, "batch_loss": 0.01814894564449787, "gradient_norm": 0.6579604744911194, "wall_seconds": 1322.99}
{"event": "update", "epoch": 60, "update": 18450, "batch_loss": 0.011153941042721272, "gradient_norm": 0.7616176605224609, "wall_seconds": 1324.32}
{"event": "update", "epoch": 60, "update": 18475, "batch_loss": 0.007217183709144592, "gradient_norm": 0.5190752744674683, "wall_seconds": 1325.66}
{"event": "update", "epoch": 60, "update": 18500, "batch_loss": 0.0020901309326291084, "gradient_norm": 0.2127072811126709, "wall_seconds": 1326.99}
{"event": "update", "epoch": 60, "update": 18525, "batch_loss": 0.0031691123731434345, "gradient_norm": 0.20218713581562042, "wall_seconds": 1328.32}
{"event": "epoch", "epoch": 60, "updates": 18540, "seconds": 16.54869937209878, "learning_rate": 0.00016500000000000005, "loss": 0.005737913407180066, "direction_loss": 0.0006116748601698787, "projection_loss": 0.005126238578320685, "wall_seconds": 1329.11}
{"event": "evaluation", "split": "train", "epoch": 60, "loss": 0.009420283982527217, "components": {"direction_loss": 0.0027410010316980832, "projection_loss": 0.0066792829527490966}, "mean_angle": 0.7687649486410603, "mean_offset": 0.017529960593452635, "strict_count": 408, "loose_count": 883, "samples": 1234, "selection_score": 1.9988655973478755, "wall_seconds": 1340.67}
{"event": "evaluation", "split": "val", "epoch": 60, "loss": 0.5742837198258165, "components": {"direction_loss": 0.48662221401129324, "projection_loss": 0.08766150784241147}, "mean_angle": 26.400750596143574, "mean_offset": 0.061163797498405746, "strict_count": 16, "loose_count": 35, "samples": 166, "selection_score": 12.847909536393917, "wall_seconds": 1342.22}
{"event": "update", "epoch": 61, "update": 18550, "batch_loss": 0.006724467501044273, "gradient_norm": 0.523423969745636, "wall_seconds": 1342.78}
{"event": "update", "epoch": 61, "update": 18575, "batch_loss": 0.004111275542527437, "gradient_norm": 0.3486480414867401, "wall_seconds": 1344.1}
{"event": "update", "epoch": 61, "update": 18600, "batch_loss": 0.005682479124516249, "gradient_norm": 0.44125789403915405, "wall_seconds": 1345.42}
{"event": "update", "epoch": 61, "update": 18625, "batch_loss": 0.002263830043375492, "gradient_norm": 0.19044683873653412, "wall_seconds": 1346.73}
{"event": "update", "epoch": 61, "update": 18650, "batch_loss": 0.0011562753934413195, "gradient_norm": 0.11975706368684769, "wall_seconds": 1348.05}
{"event": "update", "epoch": 61, "update": 18675, "batch_loss": 0.002915043383836746, "gradient_norm": 0.224262073636055, "wall_seconds": 1349.41}
{"event": "update", "epoch": 61, "update": 18700, "batch_loss": 0.0035745685454458, "gradient_norm": 0.4515683948993683, "wall_seconds": 1350.74}
{"event": "update", "epoch": 61, "update": 18725, "batch_loss": 0.005945015233010054, "gradient_norm": 0.30197837948799133, "wall_seconds": 1352.08}
{"event": "update", "epoch": 61, "update": 18750, "batch_loss": 0.003796044737100601, "gradient_norm": 0.48388585448265076, "wall_seconds": 1353.41}
{"event": "update", "epoch": 61, "update": 18775, "batch_loss": 0.007221990264952183, "gradient_norm": 0.5336794853210449, "wall_seconds": 1354.73}
{"event": "update", "epoch": 61, "update": 18800, "batch_loss": 0.0012982917251065373, "gradient_norm": 0.14306777715682983, "wall_seconds": 1356.05}
{"event": "update", "epoch": 61, "update": 18825, "batch_loss": 0.005783680360764265, "gradient_norm": 0.4940556287765503, "wall_seconds": 1357.37}
{"event": "epoch", "epoch": 61, "updates": 18849, "seconds": 16.38355141109787, "learning_rate": 0.00016146611197843716, "loss": 0.01023042343090465, "direction_loss": 0.004555323454879348, "projection_loss": 0.005675099992549509, "wall_seconds": 1358.63}
{"event": "update", "epoch": 62, "update": 18850, "batch_loss": 0.0026527740992605686, "gradient_norm": 0.2728540003299713, "wall_seconds": 1358.71}
{"event": "update", "epoch": 62, "update": 18875, "batch_loss": 0.0034872712567448616, "gradient_norm": 0.2164873480796814, "wall_seconds": 1360.02}
{"event": "update", "epoch": 62, "update": 18900, "batch_loss": 0.009708862751722336, "gradient_norm": 0.3795061409473419, "wall_seconds": 1361.33}
{"event": "update", "epoch": 62, "update": 18925, "batch_loss": 0.0015917555429041386, "gradient_norm": 0.15478986501693726, "wall_seconds": 1362.65}
{"event": "update", "epoch": 62, "update": 18950, "batch_loss": 0.003320397576317191, "gradient_norm": 0.2478388398885727, "wall_seconds": 1363.96}
{"event": "update", "epoch": 62, "update": 18975, "batch_loss": 0.0037368894554674625, "gradient_norm": 0.24773851037025452, "wall_seconds": 1365.28}
{"event": "update", "epoch": 62, "update": 19000, "batch_loss": 0.0016766415210440755, "gradient_norm": 0.18427737057209015, "wall_seconds": 1366.59}
{"event": "update", "epoch": 62, "update": 19025, "batch_loss": 0.2425050437450409, "gradient_norm": 13.291879653930664, "wall_seconds": 1367.94}
{"event": "update", "epoch": 62, "update": 19050, "batch_loss": 0.493376761674881, "gradient_norm": 0.9155124425888062, "wall_seconds": 1369.26}
{"event": "update", "epoch": 62, "update": 19075, "batch_loss": 0.00791780836880207, "gradient_norm": 0.5354906320571899, "wall_seconds": 1370.59}
{"event": "update", "epoch": 62, "update": 19100, "batch_loss": 0.004744377918541431, "gradient_norm": 0.38257959485054016, "wall_seconds": 1372.13}
{"event": "update", "epoch": 62, "update": 19125, "batch_loss": 0.014697525650262833, "gradient_norm": 0.5579851865768433, "wall_seconds": 1373.65}
{"event": "update", "epoch": 62, "update": 19150, "batch_loss": 0.01081343274563551, "gradient_norm": 0.5288304686546326, "wall_seconds": 1375.15}
{"event": "epoch", "epoch": 62, "updates": 19158, "seconds": 16.981648918008432, "learning_rate": 0.00015793464590720262, "loss": 0.04188496037914661, "direction_loss": 0.03451830594417405, "projection_loss": 0.00736665444537647, "wall_seconds": 1375.64}
{"event": "update", "epoch": 63, "update": 19175, "batch_loss": 0.007131511811167002, "gradient_norm": 0.6078454852104187, "wall_seconds": 1376.7}
{"event": "update", "epoch": 63, "update": 19200, "batch_loss": 0.004276227205991745, "gradient_norm": 0.4547608494758606, "wall_seconds": 1378.22}
{"event": "update", "epoch": 63, "update": 19225, "batch_loss": 0.004086547996848822, "gradient_norm": 0.4399101436138153, "wall_seconds": 1379.73}
{"event": "update", "epoch": 63, "update": 19250, "batch_loss": 0.002102174563333392, "gradient_norm": 0.1461392045021057, "wall_seconds": 1381.24}
{"event": "update", "epoch": 63, "update": 19275, "batch_loss": 0.0105819096788764, "gradient_norm": 1.2239404916763306, "wall_seconds": 1382.75}
{"event": "update", "epoch": 63, "update": 19300, "batch_loss": 0.0018513920949772, "gradient_norm": 0.2538388967514038, "wall_seconds": 1384.2}
{"event": "update", "epoch": 63, "update": 19325, "batch_loss": 0.00593605125322938, "gradient_norm": 0.338269978761673, "wall_seconds": 1385.51}
{"event": "update", "epoch": 63, "update": 19350, "batch_loss": 0.00915873795747757, "gradient_norm": 0.404328852891922, "wall_seconds": 1386.84}
{"event": "update", "epoch": 63, "update": 19375, "batch_loss": 0.001184652210213244, "gradient_norm": 0.14804384112358093, "wall_seconds": 1388.15}
{"event": "update", "epoch": 63, "update": 19400, "batch_loss": 0.018310533836483955, "gradient_norm": 1.0541473627090454, "wall_seconds": 1389.49}
{"event": "update", "epoch": 63, "update": 19425, "batch_loss": 0.002114742761477828, "gradient_norm": 0.2339230477809906, "wall_seconds": 1390.81}
{"event": "update", "epoch": 63, "update": 19450, "batch_loss": 0.006840300280600786, "gradient_norm": 0.5840470194816589, "wall_seconds": 1392.18}
{"event": "epoch", "epoch": 63, "updates": 19467, "seconds": 17.403735955012962, "learning_rate": 0.00015440802207674096, "loss": 0.010498716608195518, "direction_loss": 0.005196900688861796, "projection_loss": 0.005301815810095597, "wall_seconds": 1393.08}
{"event": "update", "epoch": 64, "update": 19475, "batch_loss": 0.0390995517373085, "gradient_norm": 0.8700735569000244, "wall_seconds": 1393.53}
{"event": "update", "epoch": 64, "update": 19500, "batch_loss": 0.013773001730442047, "gradient_norm": 0.8608841300010681, "wall_seconds": 1394.84}
{"event": "update", "epoch": 64, "update": 19525, "batch_loss": 0.024569567292928696, "gradient_norm": 0.523895800113678, "wall_seconds": 1396.16}
{"event": "update", "epoch": 64, "update": 19550, "batch_loss": 0.011747151613235474, "gradient_norm": 0.6353232860565186, "wall_seconds": 1397.48}
{"event": "update", "epoch": 64, "update": 19575, "batch_loss": 0.0025631857570260763, "gradient_norm": 0.2615358233451843, "wall_seconds": 1398.81}
{"event": "update", "epoch": 64, "update": 19600, "batch_loss": 0.00402143644168973, "gradient_norm": 0.691105306148529, "wall_seconds": 1400.16}
{"event": "update", "epoch": 64, "update": 19625, "batch_loss": 0.0021505027543753386, "gradient_norm": 0.2301626205444336, "wall_seconds": 1401.5}
{"event": "update", "epoch": 64, "update": 19650, "batch_loss": 0.0022089004050940275, "gradient_norm": 0.22640015184879303, "wall_seconds": 1402.84}
{"event": "update", "epoch": 64, "update": 19675, "batch_loss": 0.00649559311568737, "gradient_norm": 0.215524822473526, "wall_seconds": 1404.18}
{"event": "update", "epoch": 64, "update": 19700, "batch_loss": 0.00336015154607594, "gradient_norm": 0.334660142660141, "wall_seconds": 1405.51}
{"event": "update", "epoch": 64, "update": 19725, "batch_loss": 0.0017621599836274981, "gradient_norm": 0.21143889427185059, "wall_seconds": 1406.86}
{"event": "update", "epoch": 64, "update": 19750, "batch_loss": 0.001998047111555934, "gradient_norm": 0.2456481009721756, "wall_seconds": 1408.19}
{"event": "update", "epoch": 64, "update": 19775, "batch_loss": 0.001974229235202074, "gradient_norm": 0.2005324512720108, "wall_seconds": 1409.72}
{"event": "epoch", "epoch": 64, "updates": 19776, "seconds": 16.675693277968094, "learning_rate": 0.00015088865745886682, "loss": 0.007055996266620858, "direction_loss": 0.003128802463722262, "projection_loss": 0.003927193878284947, "wall_seconds": 1409.78}
{"event": "update", "epoch": 65, "update": 19800, "batch_loss": 0.008530345745384693, "gradient_norm": 0.4934622049331665, "wall_seconds": 1411.14}
{"event": "update", "epoch": 65, "update": 19825, "batch_loss": 0.0021112007088959217, "gradient_norm": 0.31385189294815063, "wall_seconds": 1412.45}
{"event": "update", "epoch": 65, "update": 19850, "batch_loss": 0.021920107305049896, "gradient_norm": 1.2394895553588867, "wall_seconds": 1413.75}
{"event": "update", "epoch": 65, "update": 19875, "batch_loss": 0.0022424072958528996, "gradient_norm": 0.30439677834510803, "wall_seconds": 1415.06}
{"event": "update", "epoch": 65, "update": 19900, "batch_loss": 0.001413991441950202, "gradient_norm": 0.17447316646575928, "wall_seconds": 1416.38}
{"event": "update", "epoch": 65, "update": 19925, "batch_loss": 0.004316994454711676, "gradient_norm": 0.43497246503829956, "wall_seconds": 1417.69}
{"event": "update", "epoch": 65, "update": 19950, "batch_loss": 0.007046310696750879, "gradient_norm": 0.5673125386238098, "wall_seconds": 1419.01}
{"event": "update", "epoch": 65, "update": 19975, "batch_loss": 0.002183842472732067, "gradient_norm": 0.13854584097862244, "wall_seconds": 1420.32}
{"event": "update", "epoch": 65, "update": 20000, "batch_loss": 0.004344990011304617, "gradient_norm": 0.4356273114681244, "wall_seconds": 1421.64}
{"event": "update", "epoch": 65, "update": 20025, "batch_loss": 0.006060805171728134, "gradient_norm": 0.5371894240379333, "wall_seconds": 1422.96}
{"event": "update", "epoch": 65, "update": 20050, "batch_loss": 0.0038169659674167633, "gradient_norm": 0.2987512946128845, "wall_seconds": 1424.29}
{"event": "update", "epoch": 65, "update": 20075, "batch_loss": 0.002855429658666253, "gradient_norm": 0.18429340422153473, "wall_seconds": 1425.62}
{"event": "epoch", "epoch": 65, "updates": 20085, "seconds": 16.343751428066753, "learning_rate": 0.00014737896405029308, "loss": 0.007509449524978535, "direction_loss": 0.0033873202004855193, "projection_loss": 0.0041221293212839885, "wall_seconds": 1426.15}
{"event": "evaluation", "split": "train", "epoch": 65, "loss": 0.003550471638924045, "components": {"direction_loss": 0.0002475097798221716, "projection_loss": 0.003302961855547916}, "mean_angle": 0.47542106886122626, "mean_offset": 0.011038162445699882, "strict_count": 756, "loose_count": 1079, "samples": 1234, "selection_score": 1.2839043500532785, "wall_seconds": 1437.93}
{"event": "evaluation", "split": "val", "epoch": 65, "loss": 0.530820779446288, "components": {"direction_loss": 0.44579552137130746, "projection_loss": 0.0850252552317029}, "mean_angle": 24.832688593703985, "mean_offset": 0.06027945778746416, "strict_count": 14, "loose_count": 45, "samples": 166, "selection_score": 12.0211289055859, "wall_seconds": 1439.73}
{"event": "update", "epoch": 66, "update": 20100, "batch_loss": 0.004565217066556215, "gradient_norm": 0.42093634605407715, "wall_seconds": 1440.59}
{"event": "update", "epoch": 66, "update": 20125, "batch_loss": 0.0021441876888275146, "gradient_norm": 0.15472102165222168, "wall_seconds": 1441.95}
{"event": "update", "epoch": 66, "update": 20150, "batch_loss": 0.0016260179691016674, "gradient_norm": 0.226430743932724, "wall_seconds": 1443.49}
{"event": "update", "epoch": 66, "update": 20175, "batch_loss": 0.0015510458033531904, "gradient_norm": 0.21172021329402924, "wall_seconds": 1445.03}
{"event": "update", "epoch": 66, "update": 20200, "batch_loss": 0.006117668934166431, "gradient_norm": 0.5363191366195679, "wall_seconds": 1446.58}
{"event": "update", "epoch": 66, "update": 20225, "batch_loss": 0.001793472096323967, "gradient_norm": 0.2807582914829254, "wall_seconds": 1448.12}
{"event": "update", "epoch": 66, "update": 20250, "batch_loss": 0.001828417181968689, "gradient_norm": 0.22783781588077545, "wall_seconds": 1449.65}
{"event": "update", "epoch": 66, "update": 20275, "batch_loss": 0.017374441027641296, "gradient_norm": 4.454333782196045, "wall_seconds": 1451.18}
{"event": "update", "epoch": 66, "update": 20300, "batch_loss": 0.0014616867993026972, "gradient_norm": 0.1681065708398819, "wall_seconds": 1452.7}
{"event": "update", "epoch": 66, "update": 20325, "batch_loss": 0.005919056478887796, "gradient_norm": 0.6324486136436462, "wall_seconds": 1454.22}
{"event": "update", "epoch": 66, "update": 20350, "batch_loss": 0.0031885833013802767, "gradient_norm": 0.19075198471546173, "wall_seconds": 1455.76}
{"event": "update", "epoch": 66, "update": 20375, "batch_loss": 0.002379168989136815, "gradient_norm": 0.19027772545814514, "wall_seconds": 1457.3}
{"event": "epoch", "epoch": 66, "updates": 20394, "seconds": 18.69256176392082, "learning_rate": 0.00014388134721956885, "loss": 0.003972748799756701, "direction_loss": 0.0003141524067452435, "projection_loss": 0.003658596398135288, "wall_seconds": 1458.47}
{"event": "update", "epoch": 67, "update": 20400, "batch_loss": 0.001896878588013351, "gradient_norm": 0.20932021737098694, "wall_seconds": 1458.87}
{"event": "update", "epoch": 67, "update": 20425, "batch_loss": 0.001832369016483426, "gradient_norm": 0.2166678011417389, "wall_seconds": 1460.4}
{"event": "update", "epoch": 67, "update": 20450, "batch_loss": 0.0038926852867007256, "gradient_norm": 0.34419137239456177, "wall_seconds": 1461.92}
{"event": "update", "epoch": 67, "update": 20475, "batch_loss": 0.006571854930371046, "gradient_norm": 0.6804431676864624, "wall_seconds": 1463.45}
{"event": "update", "epoch": 67, "update": 20500, "batch_loss": 0.0010489928536117077, "gradient_norm": 0.14350709319114685, "wall_seconds": 1464.98}
{"event": "update", "epoch": 67, "update": 20525, "batch_loss": 0.003341458737850189, "gradient_norm": 0.3420948386192322, "wall_seconds": 1466.53}
{"event": "update", "epoch": 67, "update": 20550, "batch_loss": 0.0047220103442668915, "gradient_norm": 0.46410736441612244, "wall_seconds": 1468.04}
{"event": "update", "epoch": 67, "update": 20575, "batch_loss": 0.008477670140564442, "gradient_norm": 0.5814634561538696, "wall_seconds": 1469.54}
{"event": "update", "epoch": 67, "update": 20600, "batch_loss": 0.003363632597029209, "gradient_norm": 0.26378005743026733, "wall_seconds": 1470.92}
{"event": "update", "epoch": 67, "update": 20625, "batch_loss": 0.008243944495916367, "gradient_norm": 0.42823755741119385, "wall_seconds": 1472.21}
{"event": "update", "epoch": 67, "update": 20650, "batch_loss": 0.001965409843251109, "gradient_norm": 0.26575997471809387, "wall_seconds": 1473.5}
{"event": "update", "epoch": 67, "update": 20675, "batch_loss": 0.002792559564113617, "gradient_norm": 0.26238304376602173, "wall_seconds": 1474.81}
{"event": "update", "epoch": 67, "update": 20700, "batch_loss": 0.016795296221971512, "gradient_norm": 0.788743793964386, "wall_seconds": 1476.1}
{"event": "epoch", "epoch": 67, "updates": 20703, "seconds": 17.754612316028215, "learning_rate": 0.00014039820405856014, "loss": 0.004949848413259105, "direction_loss": 0.001463723981436564, "projection_loss": 0.0034861244629944767, "wall_seconds": 1476.26}
{"event": "update", "epoch": 68, "update": 20725, "batch_loss": 0.006660753861069679, "gradient_norm": 0.3578440845012665, "wall_seconds": 1477.43}
{"event": "update", "epoch": 68, "update": 20750, "batch_loss": 0.0016749995993450284, "gradient_norm": 0.13331963121891022, "wall_seconds": 1478.73}
{"event": "update", "epoch": 68, "update": 20775, "batch_loss": 0.0014542116550728679, "gradient_norm": 0.22738416492938995, "wall_seconds": 1480.07}
{"event": "update", "epoch": 68, "update": 20800, "batch_loss": 0.0014480754034593701, "gradient_norm": 0.19024357199668884, "wall_seconds": 1481.58}
{"event": "update", "epoch": 68, "update": 20825, "batch_loss": 0.00206292187795043, "gradient_norm": 0.23894894123077393, "wall_seconds": 1483.11}
{"event": "update", "epoch": 68, "update": 20850, "batch_loss": 0.002295572543516755, "gradient_norm": 0.2828230857849121, "wall_seconds": 1484.64}
{"event": "update", "epoch": 68, "update": 20875, "batch_loss": 0.004222028888761997, "gradient_norm": 0.5142943263053894, "wall_seconds": 1486.14}
{"event": "update", "epoch": 68, "update": 20900, "batch_loss": 0.010092820972204208, "gradient_norm": 1.01897394657135, "wall_seconds": 1487.66}
{"event": "update", "epoch": 68, "update": 20925, "batch_loss": 0.003000563243404031, "gradient_norm": 0.3684466779232025, "wall_seconds": 1489.16}
{"event": "update", "epoch": 68, "update": 20950, "batch_loss": 0.0018354366766288877, "gradient_norm": 0.23922091722488403, "wall_seconds": 1490.67}
{"event": "update", "epoch": 68, "update": 20975, "batch_loss": 0.004529033787548542, "gradient_norm": 0.4036117494106293, "wall_seconds": 1492.17}
{"event": "update", "epoch": 68, "update": 21000, "batch_loss": 0.005657532252371311, "gradient_norm": 0.34798896312713623, "wall_seconds": 1493.68}
{"event": "epoch", "epoch": 68, "updates": 21012, "seconds": 18.116174033028074, "learning_rate": 0.0001369319217396025, "loss": 0.0033648087351765585, "direction_loss": 0.000252913625671485, "projection_loss": 0.0031118951200143808, "wall_seconds": 1494.4}
{"event": "update", "epoch": 69, "update": 21025, "batch_loss": 0.00237693777307868, "gradient_norm": 0.19788546860218048, "wall_seconds": 1495.22}
{"event": "update", "epoch": 69, "update": 21050, "batch_loss": 0.0013580291997641325, "gradient_norm": 0.16460490226745605, "wall_seconds": 1496.73}
{"event": "update", "epoch": 69, "update": 21075, "batch_loss": 0.0010120708029717207, "gradient_norm": 0.13820838928222656, "wall_seconds": 1498.19}
{"event": "update", "epoch": 69, "update": 21100, "batch_loss": 0.0018662430811673403, "gradient_norm": 0.2819703221321106, "wall_seconds": 1499.52}
{"event": "update", "epoch": 69, "update": 21125, "batch_loss": 0.0028731441125273705, "gradient_norm": 0.2803618609905243, "wall_seconds": 1500.84}
{"event": "update", "epoch": 69, "update": 21150, "batch_loss": 0.0020499080419540405, "gradient_norm": 0.32964950799942017, "wall_seconds": 1502.16}
{"event": "update", "epoch": 69, "update": 21175, "batch_loss": 0.0019161165691912174, "gradient_norm": 0.2446705549955368, "wall_seconds": 1503.48}
{"event": "update", "epoch": 69, "update": 21200, "batch_loss": 0.0013262303546071053, "gradient_norm": 0.18565602600574493, "wall_seconds": 1504.8}
{"event": "update", "epoch": 69, "update": 21225, "batch_loss": 0.004058780148625374, "gradient_norm": 0.20684537291526794, "wall_seconds": 1506.11}
{"event": "update", "epoch": 69, "update": 21250, "batch_loss": 0.002799235051497817, "gradient_norm": 0.2632504105567932, "wall_seconds": 1507.42}
{"event": "update", "epoch": 69, "update": 21275, "batch_loss": 0.0033962519373744726, "gradient_norm": 0.534108579158783, "wall_seconds": 1508.73}
{"event": "update", "epoch": 69, "update": 21300, "batch_loss": 0.000943186751101166, "gradient_norm": 0.17083579301834106, "wall_seconds": 1510.12}
{"event": "epoch", "epoch": 69, "updates": 21321, "seconds": 16.95674390392378, "learning_rate": 0.0001334848758794528, "loss": 0.0029687480597245103, "direction_loss": 0.00023934946644537465, "projection_loss": 0.0027293985925774832, "wall_seconds": 1511.39}
{"event": "update", "epoch": 70, "update": 21325, "batch_loss": 0.0011536098318174481, "gradient_norm": 0.17631538212299347, "wall_seconds": 1511.66}
{"event": "update", "epoch": 70, "update": 21350, "batch_loss": 0.0047765024937689304, "gradient_norm": 0.41040825843811035, "wall_seconds": 1513.18}
{"event": "update", "epoch": 70, "update": 21375, "batch_loss": 0.004600719548761845, "gradient_norm": 0.29740265011787415, "wall_seconds": 1514.69}
{"event": "update", "epoch": 70, "update": 21400, "batch_loss": 0.006389308255165815, "gradient_norm": 0.2811889052391052, "wall_seconds": 1516.23}
{"event": "update", "epoch": 70, "update": 21425, "batch_loss": 0.0009433722007088363, "gradient_norm": 0.0976390540599823, "wall_seconds": 1517.76}
{"event": "update", "epoch": 70, "update": 21450, "batch_loss": 0.002005052287131548, "gradient_norm": 0.206487774848938, "wall_seconds": 1519.31}
{"event": "update", "epoch": 70, "update": 21475, "batch_loss": 0.0012008051853626966, "gradient_norm": 0.11948759108781815, "wall_seconds": 1520.84}
{"event": "update", "epoch": 70, "update": 21500, "batch_loss": 0.0009848886402323842, "gradient_norm": 0.09354574978351593, "wall_seconds": 1522.38}
{"event": "update", "epoch": 70, "update": 21525, "batch_loss": 0.0008529102778993547, "gradient_norm": 0.120554618537426, "wall_seconds": 1523.89}
{"event": "update", "epoch": 70, "update": 21550, "batch_loss": 0.0007946914993226528, "gradient_norm": 0.09129943698644638, "wall_seconds": 1525.38}
{"event": "update", "epoch": 70, "update": 21575, "batch_loss": 0.00721031753346324, "gradient_norm": 0.8382551074028015, "wall_seconds": 1526.89}
{"event": "update", "epoch": 70, "update": 21600, "batch_loss": 0.0015743337571620941, "gradient_norm": 0.24726030230522156, "wall_seconds": 1528.41}
{"event": "update", "epoch": 70, "update": 21625, "batch_loss": 0.0033180457539856434, "gradient_norm": 0.20567716658115387, "wall_seconds": 1529.93}
{"event": "epoch", "epoch": 70, "updates": 21630, "seconds": 18.806076310924254, "learning_rate": 0.00013005942891115973, "loss": 0.0032145798704820887, "direction_loss": 0.0002903777084879926, "projection_loss": 0.0029242021542810795, "wall_seconds": 1530.23}
{"event": "evaluation", "split": "train", "epoch": 70, "loss": 0.002698242319808183, "components": {"direction_loss": 0.00012518927033414583, "projection_loss": 0.002573053055175699}, "mean_angle": 0.353534706115777, "mean_offset": 0.009665739248392148, "strict_count": 847, "loose_count": 1124, "samples": 1234, "selection_score": 1.1216563007675922, "wall_seconds": 1542.03}
{"event": "evaluation", "split": "val", "epoch": 70, "loss": 0.5692670435072428, "components": {"direction_loss": 0.4801660376976641, "projection_loss": 0.08910100583929613}, "mean_angle": 25.968833635146, "mean_offset": 0.06078967038020969, "strict_count": 18, "loose_count": 41, "samples": 166, "selection_score": 13.186625662296546, "wall_seconds": 1543.59}
{"event": "update", "epoch": 71, "update": 21650, "batch_loss": 0.00133218162227422, "gradient_norm": 0.17867635190486908, "wall_seconds": 1544.69}
{"event": "update", "epoch": 71, "update": 21675, "batch_loss": 0.003316240618005395, "gradient_norm": 0.5040045380592346, "wall_seconds": 1546.0}
{"event": "update", "epoch": 71, "update": 21700, "batch_loss": 0.009772105142474174, "gradient_norm": 0.5908945798873901, "wall_seconds": 1547.32}
{"event": "update", "epoch": 71, "update": 21725, "batch_loss": 0.001180068007670343, "gradient_norm": 0.1253419667482376, "wall_seconds": 1548.63}
{"event": "update", "epoch": 71, "update": 21750, "batch_loss": 0.001428034040145576, "gradient_norm": 0.145134836435318, "wall_seconds": 1549.95}
{"event": "update", "epoch": 71, "update": 21775, "batch_loss": 0.009247580543160439, "gradient_norm": 0.9077462553977966, "wall_seconds": 1551.25}
{"event": "update", "epoch": 71, "update": 21800, "batch_loss": 0.0065111927688121796, "gradient_norm": 0.539771556854248, "wall_seconds": 1552.57}
{"event": "update", "epoch": 71, "update": 21825, "batch_loss": 0.003955597523599863, "gradient_norm": 0.33068764209747314, "wall_seconds": 1553.89}
{"event": "update", "epoch": 71, "update": 21850, "batch_loss": 0.002631339943036437, "gradient_norm": 0.1651095151901245, "wall_seconds": 1555.2}
{"event": "update", "epoch": 71, "update": 21875, "batch_loss": 0.001667454605922103, "gradient_norm": 0.1832679957151413, "wall_seconds": 1556.54}
{"event": "update", "epoch": 71, "update": 21900, "batch_loss": 0.0017570158233866096, "gradient_norm": 0.19075685739517212, "wall_seconds": 1557.87}
{"event": "update", "epoch": 71, "update": 21925, "batch_loss": 0.0015556768048554659, "gradient_norm": 0.22637221217155457, "wall_seconds": 1559.2}
{"event": "epoch", "epoch": 71, "updates": 21939, "seconds": 16.31943272508215, "learning_rate": 0.00012665792846497045, "loss": 0.0030755276683826645, "direction_loss": 0.00015514066138946304, "projection_loss": 0.002920387003901362, "wall_seconds": 1559.94}
{"event": "update", "epoch": 72, "update": 21950, "batch_loss": 0.001489777467213571, "gradient_norm": 0.18075931072235107, "wall_seconds": 1560.54}
{"event": "update", "epoch": 72, "update": 21975, "batch_loss": 0.009675194509327412, "gradient_norm": 0.6341471076011658, "wall_seconds": 1561.87}
{"event": "update", "epoch": 72, "update": 22000, "batch_loss": 0.002486417070031166, "gradient_norm": 0.2307639718055725, "wall_seconds": 1563.19}
{"event": "update", "epoch": 72, "update": 22025, "batch_loss": 0.0026856001932173967, "gradient_norm": 0.30916762351989746, "wall_seconds": 1564.65}
{"event": "update", "epoch": 72, "update": 22050, "batch_loss": 0.0023252489045262337, "gradient_norm": 0.16379231214523315, "wall_seconds": 1565.99}
{"event": "update", "epoch": 72, "update": 22075, "batch_loss": 0.006435952614992857, "gradient_norm": 0.41476505994796753, "wall_seconds": 1567.32}
{"event": "update", "epoch": 72, "update": 22100, "batch_loss": 0.004097831901162863, "gradient_norm": 0.3484730124473572, "wall_seconds": 1568.66}
{"event": "update", "epoch": 72, "update": 22125, "batch_loss": 0.0016295932000502944, "gradient_norm": 0.18349015712738037, "wall_seconds": 1570.0}
{"event": "update", "epoch": 72, "update": 22150, "batch_loss": 0.003133967285975814, "gradient_norm": 0.3065251410007477, "wall_seconds": 1571.42}
{"event": "update", "epoch": 72, "update": 22175, "batch_loss": 0.0024689261335879564, "gradient_norm": 0.36643388867378235, "wall_seconds": 1572.95}
{"event": "update", "epoch": 72, "update": 22200, "batch_loss": 0.002205456607043743, "gradient_norm": 0.274009108543396, "wall_seconds": 1574.5}
{"event": "update", "epoch": 72, "update": 22225, "batch_loss": 0.0014295822475105524, "gradient_norm": 0.24084636569023132, "wall_seconds": 1576.02}
{"event": "epoch", "epoch": 72, "updates": 22248, "seconds": 17.476415446959436, "learning_rate": 0.00012328270575938212, "loss": 0.004593848448259548, "direction_loss": 0.0010327107191503127, "projection_loss": 0.003561137703540199, "wall_seconds": 1577.44}
{"event": "update", "epoch": 73, "update": 22250, "batch_loss": 0.0011065819999203086, "gradient_norm": 0.11873842775821686, "wall_seconds": 1577.6}
{"event": "update", "epoch": 73, "update": 22275, "batch_loss": 0.005374687258154154, "gradient_norm": 0.45739391446113586, "wall_seconds": 1579.12}
{"event": "update", "epoch": 73, "update": 22300, "batch_loss": 0.0016817437717691064, "gradient_norm": 0.19435161352157593, "wall_seconds": 1580.65}
{"event": "update", "epoch": 73, "update": 22325, "batch_loss": 0.0021106121130287647, "gradient_norm": 0.18839645385742188, "wall_seconds": 1582.19}
{"event": "update", "epoch": 73, "update": 22350, "batch_loss": 0.004476477857679129, "gradient_norm": 0.37062618136405945, "wall_seconds": 1583.72}
{"event": "update", "epoch": 73, "update": 22375, "batch_loss": 0.005598325282335281, "gradient_norm": 0.6360021233558655, "wall_seconds": 1585.25}
{"event": "update", "epoch": 73, "update": 22400, "batch_loss": 0.003028396749868989, "gradient_norm": 0.2935582101345062, "wall_seconds": 1586.84}
{"event": "update", "epoch": 73, "update": 22425, "batch_loss": 0.0012225607642903924, "gradient_norm": 0.21710389852523804, "wall_seconds": 1588.36}
{"event": "update", "epoch": 73, "update": 22450, "batch_loss": 0.0012676307233050466, "gradient_norm": 0.17237025499343872, "wall_seconds": 1589.91}
{"event": "update", "epoch": 73, "update": 22475, "batch_loss": 0.0023741978220641613, "gradient_norm": 0.17547395825386047, "wall_seconds": 1591.43}
{"event": "update", "epoch": 73, "update": 22500, "batch_loss": 0.0016329354839399457, "gradient_norm": 0.27400311827659607, "wall_seconds": 1592.95}
{"event": "update", "epoch": 73, "update": 22525, "batch_loss": 0.005817323923110962, "gradient_norm": 0.5226538181304932, "wall_seconds": 1594.48}
{"event": "update", "epoch": 73, "update": 22550, "batch_loss": 0.001718549057841301, "gradient_norm": 0.164486363530159, "wall_seconds": 1596.02}
{"event": "epoch", "epoch": 73, "updates": 22557, "seconds": 18.978112445911393, "learning_rate": 0.00011993607400344095, "loss": 0.003552707478010082, "direction_loss": 0.0003294858526744074, "projection_loss": 0.003223221628501033, "wall_seconds": 1596.45}
{"event": "update", "epoch": 74, "update": 22575, "batch_loss": 0.0017503662966191769, "gradient_norm": 0.21688196063041687, "wall_seconds": 1597.57}
{"event": "update", "epoch": 74, "update": 22600, "batch_loss": 0.011858679354190826, "gradient_norm": 0.9762283563613892, "wall_seconds": 1599.09}
{"event": "update", "epoch": 74, "update": 22625, "batch_loss": 0.0015929508954286575, "gradient_norm": 0.2563782036304474, "wall_seconds": 1600.62}
{"event": "update", "epoch": 74, "update": 22650, "batch_loss": 0.01033773459494114, "gradient_norm": 0.8491033911705017, "wall_seconds": 1602.15}
{"event": "update", "epoch": 74, "update": 22675, "batch_loss": 0.0014522409765049815, "gradient_norm": 0.24793221056461334, "wall_seconds": 1603.68}
{"event": "update", "epoch": 74, "update": 22700, "batch_loss": 0.008782175369560719, "gradient_norm": 1.0664308071136475, "wall_seconds": 1605.21}
{"event": "update", "epoch": 74, "update": 22725, "batch_loss": 0.0018195647280663252, "gradient_norm": 0.22874236106872559, "wall_seconds": 1606.75}
{"event": "update", "epoch": 74, "update": 22750, "batch_loss": 0.002799516310915351, "gradient_norm": 0.29462096095085144, "wall_seconds": 1608.4}
{"event": "update", "epoch": 74, "update": 22775, "batch_loss": 0.0037172099109739065, "gradient_norm": 0.3735698461532593, "wall_seconds": 1609.99}
{"event": "update", "epoch": 74, "update": 22800, "batch_loss": 0.0012523119803518057, "gradient_norm": 0.2766284942626953, "wall_seconds": 1611.54}
{"event": "update", "epoch": 74, "update": 22825, "batch_loss": 0.009428753517568111, "gradient_norm": 0.43334829807281494, "wall_seconds": 1613.07}
{"event": "update", "epoch": 74, "update": 22850, "batch_loss": 0.0009913003304973245, "gradient_norm": 0.15566205978393555, "wall_seconds": 1614.6}
{"event": "epoch", "epoch": 74, "updates": 22866, "seconds": 19.11499432194978, "learning_rate": 0.00011662032681138448, "loss": 0.0028831130229510257, "direction_loss": 0.00019210713954698522, "projection_loss": 0.002691005879346692, "wall_seconds": 1615.6}
{"event": "update", "epoch": 75, "update": 22875, "batch_loss": 0.002623365493491292, "gradient_norm": 0.25791263580322266, "wall_seconds": 1616.18}
{"event": "update", "epoch": 75, "update": 22900, "batch_loss": 0.000949302630033344, "gradient_norm": 0.15769131481647491, "wall_seconds": 1617.72}
{"event": "update", "epoch": 75, "update": 22925, "batch_loss": 0.005241026636213064, "gradient_norm": 0.39592236280441284, "wall_seconds": 1619.25}
{"event": "update", "epoch": 75, "update": 22950, "batch_loss": 0.004001536872237921, "gradient_norm": 0.5600271224975586, "wall_seconds": 1620.78}
{"event": "update", "epoch": 75, "update": 22975, "batch_loss": 0.001593140885233879, "gradient_norm": 0.24564379453659058, "wall_seconds": 1622.31}
{"event": "update", "epoch": 75, "update": 23000, "batch_loss": 0.005975326057523489, "gradient_norm": 0.5002286434173584, "wall_seconds": 1623.85}
{"event": "update", "epoch": 75, "update": 23025, "batch_loss": 0.005337320733815432, "gradient_norm": 0.5705784559249878, "wall_seconds": 1625.38}
{"event": "update", "epoch": 75, "update": 23050, "batch_loss": 0.001078087487258017, "gradient_norm": 0.11396510899066925, "wall_seconds": 1626.91}
{"event": "update", "epoch": 75, "update": 23075, "batch_loss": 0.007320863660424948, "gradient_norm": 0.514620840549469, "wall_seconds": 1628.46}
{"event": "update", "epoch": 75, "update": 23100, "batch_loss": 0.0021703941747546196, "gradient_norm": 0.23699133098125458, "wall_seconds": 1629.99}
{"event": "update", "epoch": 75, "update": 23125, "batch_loss": 0.0026378317270427942, "gradient_norm": 0.2665054500102997, "wall_seconds": 1631.53}
{"event": "update", "epoch": 75, "update": 23150, "batch_loss": 0.0040298025123775005, "gradient_norm": 0.4603424668312073, "wall_seconds": 1633.08}
{"event": "update", "epoch": 75, "update": 23175, "batch_loss": 0.0012881277361884713, "gradient_norm": 0.20717550814151764, "wall_seconds": 1634.62}
{"event": "epoch", "epoch": 75, "updates": 23175, "seconds": 18.990379501017742, "learning_rate": 0.00011333773663071289, "loss": 0.0031951087779996425, "direction_loss": 0.0004645760290918109, "projection_loss": 0.0027305327340389936, "wall_seconds": 1634.62}
{"event": "evaluation", "split": "train", "epoch": 75, "loss": 0.003455297798888133, "components": {"direction_loss": 0.0009397522259765785, "projection_loss": 0.002515545601479564}, "mean_angle": 0.6136115498537412, "mean_offset": 0.009352428115059708, "strict_count": 852, "loose_count": 1142, "samples": 1234, "selection_score": 1.1586189317207924, "wall_seconds": 1646.56}
{"event": "evaluation", "split": "val", "epoch": 75, "loss": 0.5710412188242358, "components": {"direction_loss": 0.481441647110995, "projection_loss": 0.08959957187524042}, "mean_angle": 25.909525804614358, "mean_offset": 0.06383344988445247, "strict_count": 20, "loose_count": 43, "samples": 166, "selection_score": 12.762353359976025, "wall_seconds": 1648.18}
{"event": "update", "epoch": 76, "update": 23200, "batch_loss": 0.002668417524546385, "gradient_norm": 0.3135409355163574, "wall_seconds": 1649.54}
{"event": "update", "epoch": 76, "update": 23225, "batch_loss": 0.0008527518948540092, "gradient_norm": 0.12451216578483582, "wall_seconds": 1651.06}
{"event": "update", "epoch": 76, "update": 23250, "batch_loss": 0.013284747488796711, "gradient_norm": 0.6189379692077637, "wall_seconds": 1652.65}
{"event": "update", "epoch": 76, "update": 23275, "batch_loss": 0.00387154845520854, "gradient_norm": 0.5911380648612976, "wall_seconds": 1654.18}
{"event": "update", "epoch": 76, "update": 23300, "batch_loss": 0.001022942247800529, "gradient_norm": 0.14912770688533783, "wall_seconds": 1655.7}
{"event": "update", "epoch": 76, "update": 23325, "batch_loss": 0.0015586719382554293, "gradient_norm": 0.2321757674217224, "wall_seconds": 1657.22}
{"event": "update", "epoch": 76, "update": 23350, "batch_loss": 0.00235218508169055, "gradient_norm": 0.2441810518503189, "wall_seconds": 1658.74}
{"event": "update", "epoch": 76, "update": 23375, "batch_loss": 0.0009312386973761022, "gradient_norm": 0.1595487892627716, "wall_seconds": 1660.26}
{"event": "update", "epoch": 76, "update": 23400, "batch_loss": 0.0015441597206518054, "gradient_norm": 0.20172426104545593, "wall_seconds": 1661.78}
{"event": "update", "epoch": 76, "update": 23425, "batch_loss": 0.0018355665961280465, "gradient_norm": 0.29343855381011963, "wall_seconds": 1663.32}
{"event": "update", "epoch": 76, "update": 23450, "batch_loss": 0.0017250226810574532, "gradient_norm": 0.1397584229707718, "wall_seconds": 1664.85}
{"event": "update", "epoch": 76, "update": 23475, "batch_loss": 0.002180087845772505, "gradient_norm": 0.2510417699813843, "wall_seconds": 1666.4}
{"event": "epoch", "epoch": 76, "updates": 23484, "seconds": 18.744271198986098, "learning_rate": 0.00011009055318476701, "loss": 0.0035170154658114502, "direction_loss": 0.000439468463578617, "projection_loss": 0.0030775470004418513, "wall_seconds": 1666.95}
{"event": "update", "epoch": 77, "update": 23500, "batch_loss": 0.0021307626739144325, "gradient_norm": 0.30823859572410583, "wall_seconds": 1667.96}
{"event": "update", "epoch": 77, "update": 23525, "batch_loss": 0.012447533197700977, "gradient_norm": 0.9601877927780151, "wall_seconds": 1669.48}
{"event": "update", "epoch": 77, "update": 23550, "batch_loss": 0.0013071722351014614, "gradient_norm": 0.1744164228439331, "wall_seconds": 1671.02}
{"event": "update", "epoch": 77, "update": 23575, "batch_loss": 0.0027529518119990826, "gradient_norm": 0.2675494849681854, "wall_seconds": 1672.54}
{"event": "update", "epoch": 77, "update": 23600, "batch_loss": 0.0010160712990909815, "gradient_norm": 0.20388591289520264, "wall_seconds": 1674.04}
{"event": "update", "epoch": 77, "update": 23625, "batch_loss": 0.0010243406286463141, "gradient_norm": 0.16390326619148254, "wall_seconds": 1675.54}
{"event": "update", "epoch": 77, "update": 23650, "batch_loss": 0.0012333174236118793, "gradient_norm": 0.14450843632221222, "wall_seconds": 1677.04}
{"event": "update", "epoch": 77, "update": 23675, "batch_loss": 0.000769701087847352, "gradient_norm": 0.09496117383241653, "wall_seconds": 1678.55}
{"event": "update", "epoch": 77, "update": 23700, "batch_loss": 0.0014154044911265373, "gradient_norm": 0.24717706441879272, "wall_seconds": 1680.06}
{"event": "update", "epoch": 77, "update": 23725, "batch_loss": 0.0024567516520619392, "gradient_norm": 0.1859556883573532, "wall_seconds": 1681.57}
{"event": "update", "epoch": 77, "update": 23750, "batch_loss": 0.00232285400852561, "gradient_norm": 0.39053642749786377, "wall_seconds": 1683.07}
{"event": "update", "epoch": 77, "update": 23775, "batch_loss": 0.004144681617617607, "gradient_norm": 0.40324708819389343, "wall_seconds": 1684.58}
{"event": "epoch", "epoch": 77, "updates": 23793, "seconds": 18.706499718944542, "learning_rate": 0.0001068810019308802, "loss": 0.003878690885391986, "direction_loss": 0.0015994755360012834, "projection_loss": 0.0022792153379682157, "wall_seconds": 1685.69}
{"event": "update", "epoch": 78, "update": 23800, "batch_loss": 0.0036745620891451836, "gradient_norm": 0.3233420252799988, "wall_seconds": 1686.15}
{"event": "update", "epoch": 78, "update": 23825, "batch_loss": 0.002656677272170782, "gradient_norm": 0.30704134702682495, "wall_seconds": 1687.69}
{"event": "update", "epoch": 78, "update": 23850, "batch_loss": 0.0028286955785006285, "gradient_norm": 0.2928760349750519, "wall_seconds": 1689.23}
{"event": "update", "epoch": 78, "update": 23875, "batch_loss": 0.0026655166875571012, "gradient_norm": 0.18488822877407074, "wall_seconds": 1690.74}
{"event": "update", "epoch": 78, "update": 23900, "batch_loss": 0.0030269231647253036, "gradient_norm": 0.5239059329032898, "wall_seconds": 1692.14}
{"event": "update", "epoch": 78, "update": 23925, "batch_loss": 0.0028271556366235018, "gradient_norm": 0.3061976730823517, "wall_seconds": 1693.45}
{"event": "update", "epoch": 78, "update": 23950, "batch_loss": 0.001919277710840106, "gradient_norm": 0.23058612644672394, "wall_seconds": 1694.76}
{"event": "update", "epoch": 78, "update": 23975, "batch_loss": 0.003010314656421542, "gradient_norm": 0.3017185628414154, "wall_seconds": 1696.09}
{"event": "update", "epoch": 78, "update": 24000, "batch_loss": 0.0022368449717760086, "gradient_norm": 0.35481879115104675, "wall_seconds": 1697.62}
{"event": "update", "epoch": 78, "update": 24025, "batch_loss": 0.0009702868992462754, "gradient_norm": 0.17103157937526703, "wall_seconds": 1699.14}
{"event": "update", "epoch": 78, "update": 24050, "batch_loss": 0.0024394597858190536, "gradient_norm": 0.31226834654808044, "wall_seconds": 1700.66}
{"event": "update", "epoch": 78, "update": 24075, "batch_loss": 0.0008759915363043547, "gradient_norm": 0.10798874497413635, "wall_seconds": 1702.21}
{"event": "update", "epoch": 78, "update": 24100, "batch_loss": 0.004042411223053932, "gradient_norm": 0.2333386093378067, "wall_seconds": 1703.74}
{"event": "epoch", "epoch": 78, "updates": 24102, "seconds": 18.139853809960186, "learning_rate": 0.0001037112825351612, "loss": 0.002624580016053271, "direction_loss": 0.0003974742591046638, "projection_loss": 0.002227105756046483, "wall_seconds": 1703.86}
{"event": "update", "epoch": 79, "update": 24125, "batch_loss": 0.0012729677837342024, "gradient_norm": 0.22858308255672455, "wall_seconds": 1705.29}
{"event": "update", "epoch": 79, "update": 24150, "batch_loss": 0.0024355335626751184, "gradient_norm": 0.38977938890457153, "wall_seconds": 1706.84}
{"event": "update", "epoch": 79, "update": 24175, "batch_loss": 0.001298671355471015, "gradient_norm": 0.24181118607521057, "wall_seconds": 1708.39}
{"event": "update", "epoch": 79, "update": 24200, "batch_loss": 0.0016771587543189526, "gradient_norm": 0.17403548955917358, "wall_seconds": 1709.98}
{"event": "update", "epoch": 79, "update": 24225, "batch_loss": 0.0010573873296380043, "gradient_norm": 0.2466035634279251, "wall_seconds": 1711.49}
{"event": "update", "epoch": 79, "update": 24250, "batch_loss": 0.0008057273807935417, "gradient_norm": 0.11339499801397324, "wall_seconds": 1713.01}
{"event": "update", "epoch": 79, "update": 24275, "batch_loss": 0.0023640289437025785, "gradient_norm": 0.27690738439559937, "wall_seconds": 1714.52}
{"event": "update", "epoch": 79, "update": 24300, "batch_loss": 0.002845015376806259, "gradient_norm": 0.37654006481170654, "wall_seconds": 1716.09}
{"event": "update", "epoch": 79, "update": 24325, "batch_loss": 0.0008726620581001043, "gradient_norm": 0.12652097642421722, "wall_seconds": 1717.6}
{"event": "update", "epoch": 79, "update": 24350, "batch_loss": 0.0012176764430478215, "gradient_norm": 0.21642757952213287, "wall_seconds": 1719.14}
{"event": "update", "epoch": 79, "update": 24375, "batch_loss": 0.003256218507885933, "gradient_norm": 0.3724832832813263, "wall_seconds": 1720.68}
{"event": "update", "epoch": 79, "update": 24400, "batch_loss": 0.0009255524491891265, "gradient_norm": 0.125053271651268, "wall_seconds": 1722.22}
{"event": "epoch", "epoch": 79, "updates": 24411, "seconds": 19.003629044047557, "learning_rate": 0.00010058356736495287, "loss": 0.002333810049368784, "direction_loss": 0.00017283301030319878, "projection_loss": 0.002160977039654472, "wall_seconds": 1722.9}
{"event": "update", "epoch": 80, "update": 24425, "batch_loss": 0.0013815144775435328, "gradient_norm": 0.1746869832277298, "wall_seconds": 1723.79}
{"event": "update", "epoch": 80, "update": 24450, "batch_loss": 0.001807770342566073, "gradient_norm": 0.3265523910522461, "wall_seconds": 1725.32}
{"event": "update", "epoch": 80, "update": 24475, "batch_loss": 0.0011491527548059821, "gradient_norm": 0.10693750530481339, "wall_seconds": 1726.85}
{"event": "update", "epoch": 80, "update": 24500, "batch_loss": 0.0019908759277313948, "gradient_norm": 0.1727697104215622, "wall_seconds": 1728.36}
{"event": "update", "epoch": 80, "update": 24525, "batch_loss": 0.0006153621361590922, "gradient_norm": 0.06441180408000946, "wall_seconds": 1729.88}
{"event": "update", "epoch": 80, "update": 24550, "batch_loss": 0.003980371169745922, "gradient_norm": 0.313970148563385, "wall_seconds": 1731.4}
{"event": "update", "epoch": 80, "update": 24575, "batch_loss": 0.0040662819519639015, "gradient_norm": 0.3538701832294464, "wall_seconds": 1732.92}
{"event": "update", "epoch": 80, "update": 24600, "batch_loss": 0.0006745008868165314, "gradient_norm": 0.10957919806241989, "wall_seconds": 1734.44}
{"event": "update", "epoch": 80, "update": 24625, "batch_loss": 0.0038546069990843534, "gradient_norm": 0.6590655446052551, "wall_seconds": 1735.96}
{"event": "update", "epoch": 80, "update": 24650, "batch_loss": 0.0021343729458749294, "gradient_norm": 0.21235693991184235, "wall_seconds": 1737.5}
{"event": "update", "epoch": 80, "update": 24675, "batch_loss": 0.0030345357954502106, "gradient_norm": 0.43895164132118225, "wall_seconds": 1739.02}
{"event": "update", "epoch": 80, "update": 24700, "batch_loss": 0.0011898520169779658, "gradient_norm": 0.17405715584754944, "wall_seconds": 1740.56}
{"event": "epoch", "epoch": 80, "updates": 24720, "seconds": 18.850768084055744, "learning_rate": 9.750000000000004e-05, "loss": 0.0020797547504662066, "direction_loss": 0.00014068574073374071, "projection_loss": 0.001939069010552043, "wall_seconds": 1741.78}
{"event": "evaluation", "split": "train", "epoch": 80, "loss": 0.0021958492355341184, "components": {"direction_loss": 0.0001020155815521095, "projection_loss": 0.002093833652506107}, "mean_angle": 0.337840595336954, "mean_offset": 0.009875813431852358, "strict_count": 773, "loose_count": 1143, "samples": 1234, "selection_score": 1.0860147054902438, "wall_seconds": 1753.47}
{"event": "evaluation", "split": "val", "epoch": 80, "loss": 0.5557017948265266, "components": {"direction_loss": 0.47040956106577075, "projection_loss": 0.08529223362544933}, "mean_angle": 25.479134162124918, "mean_offset": 0.06138422730566754, "strict_count": 23, "loose_count": 49, "samples": 166, "selection_score": 12.561287815881311, "wall_seconds": 1755.02}
{"event": "update", "epoch": 81, "update": 24725, "batch_loss": 0.0025273507926613092, "gradient_norm": 0.3217489719390869, "wall_seconds": 1755.31}
{"event": "update", "epoch": 81, "update": 24750, "batch_loss": 0.002601460088044405, "gradient_norm": 0.355976402759552, "wall_seconds": 1756.62}
{"event": "update", "epoch": 81, "update": 24775, "batch_loss": 0.0020043514668941498, "gradient_norm": 0.329584002494812, "wall_seconds": 1757.93}
{"event": "update", "epoch": 81, "update": 24800, "batch_loss": 0.005151459015905857, "gradient_norm": 0.535240650177002, "wall_seconds": 1759.27}
{"event": "update", "epoch": 81, "update": 24825, "batch_loss": 0.0008706616354174912, "gradient_norm": 0.14649024605751038, "wall_seconds": 1760.6}
{"event": "update", "epoch": 81, "update": 24850, "batch_loss": 0.0011532772332429886, "gradient_norm": 0.1403215080499649, "wall_seconds": 1761.93}
{"event": "update", "epoch": 81, "update": 24875, "batch_loss": 0.0011998129775747657, "gradient_norm": 0.20695903897285461, "wall_seconds": 1763.26}
{"event": "update", "epoch": 81, "update": 24900, "batch_loss": 0.000777758308686316, "gradient_norm": 0.1369273066520691, "wall_seconds": 1764.59}
{"event": "update", "epoch": 81, "update": 24925, "batch_loss": 0.0005682023474946618, "gradient_norm": 0.08855599910020828, "wall_seconds": 1765.93}
{"event": "update", "epoch": 81, "update": 24950, "batch_loss": 0.0008352865115739405, "gradient_norm": 0.15594230592250824, "wall_seconds": 1767.25}
{"event": "update", "epoch": 81, "update": 24975, "batch_loss": 0.0032251402735710144, "gradient_norm": 0.2986958920955658, "wall_seconds": 1768.56}
{"event": "update", "epoch": 81, "update": 25000, "batch_loss": 0.002343298401683569, "gradient_norm": 0.4026173949241638, "wall_seconds": 1769.88}
{"event": "update", "epoch": 81, "update": 25025, "batch_loss": 0.0017042882973328233, "gradient_norm": 0.2773059606552124, "wall_seconds": 1771.19}
{"event": "epoch", "epoch": 81, "updates": 25029, "seconds": 16.353493732982315, "learning_rate": 9.446269376334692e-05, "loss": 0.001995901274815582, "direction_loss": 0.0001354625569694758, "projection_loss": 0.0018604387170891767, "wall_seconds": 1771.4}
{"event": "update", "epoch": 82, "update": 25050, "batch_loss": 0.0009765818249434233, "gradient_norm": 0.09818768501281738, "wall_seconds": 1772.53}
{"event": "update", "epoch": 82, "update": 25075, "batch_loss": 0.002846944145858288, "gradient_norm": 0.29627835750579834, "wall_seconds": 1773.84}
{"event": "update", "epoch": 82, "update": 25100, "batch_loss": 0.004983238875865936, "gradient_norm": 0.7250074148178101, "wall_seconds": 1775.14}
{"event": "update", "epoch": 82, "update": 25125, "batch_loss": 0.0035437727347016335, "gradient_norm": 0.23661121726036072, "wall_seconds": 1776.44}
{"event": "update", "epoch": 82, "update": 25150, "batch_loss": 0.0005057337693870068, "gradient_norm": 0.0675036832690239, "wall_seconds": 1777.76}
{"event": "update", "epoch": 82, "update": 25175, "batch_loss": 0.0018612511921674013, "gradient_norm": 0.29044079780578613, "wall_seconds": 1779.08}
{"event": "update", "epoch": 82, "update": 25200, "batch_loss": 0.0023544970899820328, "gradient_norm": 0.26630258560180664, "wall_seconds": 1780.39}
{"event": "update", "epoch": 82, "update": 25225, "batch_loss": 0.002117180498316884, "gradient_norm": 0.2606162428855896, "wall_seconds": 1781.71}
{"event": "update", "epoch": 82, "update": 25250, "batch_loss": 0.0004884829977527261, "gradient_norm": 0.05975574627518654, "wall_seconds": 1783.01}
{"event": "update", "epoch": 82, "update": 25275, "batch_loss": 0.0007403267663903534, "gradient_norm": 0.11833708733320236, "wall_seconds": 1784.51}
{"event": "update", "epoch": 82, "update": 25300, "batch_loss": 0.0006115884752944112, "gradient_norm": 0.05652456730604172, "wall_seconds": 1786.01}
{"event": "update", "epoch": 82, "update": 25325, "batch_loss": 0.0034097698517143726, "gradient_norm": 0.3332766890525818, "wall_seconds": 1787.51}
{"event": "epoch", "epoch": 82, "updates": 25338, "seconds": 16.861057908041403, "learning_rate": 9.147373027297139e-05, "loss": 0.00223277933930305, "direction_loss": 0.0001544957419165188, "projection_loss": 0.0020782836052329495, "wall_seconds": 1788.29}
{"event": "update", "epoch": 83, "update": 25350, "batch_loss": 0.0006988429231569171, "gradient_norm": 0.08004887402057648, "wall_seconds": 1789.05}
{"event": "update", "epoch": 83, "update": 25375, "batch_loss": 0.0030496639665216208, "gradient_norm": 0.4091113209724426, "wall_seconds": 1790.55}
{"event": "update", "epoch": 83, "update": 25400, "batch_loss": 0.0018904047319665551, "gradient_norm": 0.21134325861930847, "wall_seconds": 1792.06}
{"event": "update", "epoch": 83, "update": 25425, "batch_loss": 0.0007115114131011069, "gradient_norm": 0.11434222012758255, "wall_seconds": 1793.56}
{"event": "update", "epoch": 83, "update": 25450, "batch_loss": 0.0005356984329409897, "gradient_norm": 0.08189105987548828, "wall_seconds": 1795.05}
{"event": "update", "epoch": 83, "update": 25475, "batch_loss": 0.0013590606395155191, "gradient_norm": 0.12866781651973724, "wall_seconds": 1796.55}
{"event": "update", "epoch": 83, "update": 25500, "batch_loss": 0.0007823340129107237, "gradient_norm": 0.11412324756383896, "wall_seconds": 1798.07}
{"event": "update", "epoch": 83, "update": 25525, "batch_loss": 0.0008414851035922766, "gradient_norm": 0.08754611015319824, "wall_seconds": 1799.57}
{"event": "update", "epoch": 83, "update": 25550, "batch_loss": 0.001221381244249642, "gradient_norm": 0.16315968334674835, "wall_seconds": 1801.08}
{"event": "update", "epoch": 83, "update": 25575, "batch_loss": 0.0014680613530799747, "gradient_norm": 0.20457346737384796, "wall_seconds": 1802.59}
{"event": "update", "epoch": 83, "update": 25600, "batch_loss": 0.0022818606812506914, "gradient_norm": 0.39358457922935486, "wall_seconds": 1804.11}
{"event": "update", "epoch": 83, "update": 25625, "batch_loss": 0.0009862048318609595, "gradient_norm": 0.1585218906402588, "wall_seconds": 1805.42}
{"event": "epoch", "epoch": 83, "updates": 25647, "seconds": 18.250197159009986, "learning_rate": 8.853515801514755e-05, "loss": 0.0018586295042141692, "direction_loss": 0.0001144639813949356, "projection_loss": 0.001744165529407911, "wall_seconds": 1806.57}
{"event": "update", "epoch": 84, "update": 25650, "batch_loss": 0.0014626272022724152, "gradient_norm": 0.1960441619157791, "wall_seconds": 1806.76}
{"event": "update", "epoch": 84, "update": 25675, "batch_loss": 0.0008862998220138252, "gradient_norm": 0.10362260043621063, "wall_seconds": 1808.06}
{"event": "update", "epoch": 84, "update": 25700, "batch_loss": 0.0012364534195512533, "gradient_norm": 0.17551566660404205, "wall_seconds": 1809.39}
{"event": "update", "epoch": 84, "update": 25725, "batch_loss": 0.0006340336985886097, "gradient_norm": 0.13553544878959656, "wall_seconds": 1810.69}
{"event": "update", "epoch": 84, "update": 25750, "batch_loss": 0.0006364090950228274, "gradient_norm": 0.12461856752634048, "wall_seconds": 1811.98}
{"event": "update", "epoch": 84, "update": 25775, "batch_loss": 0.004156291484832764, "gradient_norm": 0.41467124223709106, "wall_seconds": 1813.46}
{"event": "update", "epoch": 84, "update": 25800, "batch_loss": 0.0023752267006784678, "gradient_norm": 0.3111138641834259, "wall_seconds": 1814.98}
{"event": "update", "epoch": 84, "update": 25825, "batch_loss": 0.0029249899089336395, "gradient_norm": 0.36432912945747375, "wall_seconds": 1816.52}
{"event": "update", "epoch": 84, "update": 25850, "batch_loss": 0.0010101981461048126, "gradient_norm": 0.12466937303543091, "wall_seconds": 1818.04}
{"event": "update", "epoch": 84, "update": 25875, "batch_loss": 0.0009177806787192822, "gradient_norm": 0.10675361752510071, "wall_seconds": 1819.58}
{"event": "update", "epoch": 84, "update": 25900, "batch_loss": 0.00275162560865283, "gradient_norm": 0.3459402620792389, "wall_seconds": 1821.11}
{"event": "update", "epoch": 84, "update": 25925, "batch_loss": 0.0018222840735688806, "gradient_norm": 0.2754978835582733, "wall_seconds": 1822.7}
{"event": "update", "epoch": 84, "update": 25950, "batch_loss": 0.002732141874730587, "gradient_norm": 0.3708181381225586, "wall_seconds": 1824.22}
{"event": "epoch", "epoch": 84, "updates": 25956, "seconds": 17.988481928943656, "learning_rate": 8.564899094051616e-05, "loss": 0.001895908963005398, "direction_loss": 0.00011519559621970583, "projection_loss": 0.001780713362618526, "wall_seconds": 1824.59}
{"event": "update", "epoch": 85, "update": 25975, "batch_loss": 0.012895015068352222, "gradient_norm": 0.7138423323631287, "wall_seconds": 1825.78}
{"event": "update", "epoch": 85, "update": 26000, "batch_loss": 0.0009872495429590344, "gradient_norm": 0.24048003554344177, "wall_seconds": 1827.12}
{"event": "update", "epoch": 85, "update": 26025, "batch_loss": 0.0016426026122644544, "gradient_norm": 0.16394314169883728, "wall_seconds": 1828.48}
{"event": "update", "epoch": 85, "update": 26050, "batch_loss": 0.0005332223954610527, "gradient_norm": 0.11713148653507233, "wall_seconds": 1829.97}
{"event": "update", "epoch": 85, "update": 26075, "batch_loss": 0.0016305157914757729, "gradient_norm": 0.21052542328834534, "wall_seconds": 1831.5}
{"event": "update", "epoch": 85, "update": 26100, "batch_loss": 0.001158530474640429, "gradient_norm": 0.19841086864471436, "wall_seconds": 1833.13}
{"event": "update", "epoch": 85, "update": 26125, "batch_loss": 0.0011963796569034457, "gradient_norm": 0.16963854432106018, "wall_seconds": 1834.65}
{"event": "update", "epoch": 85, "update": 26150, "batch_loss": 0.0009696838678792119, "gradient_norm": 0.1345239132642746, "wall_seconds": 1836.17}
{"event": "update", "epoch": 85, "update": 26175, "batch_loss": 0.0006814643274992704, "gradient_norm": 0.09099846333265305, "wall_seconds": 1837.67}
{"event": "update", "epoch": 85, "update": 26200, "batch_loss": 0.002441990189254284, "gradient_norm": 0.23986665904521942, "wall_seconds": 1839.09}
{"event": "update", "epoch": 85, "update": 26225, "batch_loss": 0.00152694177813828, "gradient_norm": 0.1871625781059265, "wall_seconds": 1840.36}
{"event": "update", "epoch": 85, "update": 26250, "batch_loss": 0.0016267414903268218, "gradient_norm": 0.28761884570121765, "wall_seconds": 1841.68}
{"event": "epoch", "epoch": 85, "updates": 26265, "seconds": 17.851464504026808, "learning_rate": 8.281720708382274e-05, "loss": 0.0019008072127185828, "direction_loss": 0.00011719634518428026, "projection_loss": 0.001783610860591851, "wall_seconds": 1842.47}
{"event": "evaluation", "split": "train", "epoch": 85, "loss": 0.0016551117706237093, "components": {"direction_loss": 7.104472988548569e-05, "projection_loss": 0.001584067042880032}, "mean_angle": 0.2605493884266473, "mean_offset": 0.007772253544137374, "strict_count": 973, "loose_count": 1155, "samples": 1234, "selection_score": 0.9054538750426777, "wall_seconds": 1854.65}
{"event": "evaluation", "split": "val", "epoch": 85, "loss": 0.5842448399705161, "components": {"direction_loss": 0.495823846095966, "projection_loss": 0.08842099217855069}, "mean_angle": 26.298378758648614, "mean_offset": 0.06314587007776037, "strict_count": 18, "loose_count": 41, "samples": 166, "selection_score": 13.083922047265624, "wall_seconds": 1856.22}
{"event": "update", "epoch": 86, "update": 26275, "batch_loss": 0.0012810381595045328, "gradient_norm": 0.1942111998796463, "wall_seconds": 1856.78}
{"event": "update", "epoch": 86, "update": 26300, "batch_loss": 0.00043024629121646285, "gradient_norm": 0.058205746114254, "wall_seconds": 1858.09}
{"event": "update", "epoch": 86, "update": 26325, "batch_loss": 0.0006770417094230652, "gradient_norm": 0.16754843294620514, "wall_seconds": 1859.39}
{"event": "update", "epoch": 86, "update": 26350, "batch_loss": 0.0005368224810808897, "gradient_norm": 0.06599604338407516, "wall_seconds": 1860.69}
{"event": "update", "epoch": 86, "update": 26375, "batch_loss": 0.001147705246694386, "gradient_norm": 0.17512622475624084, "wall_seconds": 1861.99}
{"event": "update", "epoch": 86, "update": 26400, "batch_loss": 0.0023664229083806276, "gradient_norm": 0.2799741327762604, "wall_seconds": 1863.47}
{"event": "update", "epoch": 86, "update": 26425, "batch_loss": 0.0028172582387924194, "gradient_norm": 0.4861356317996979, "wall_seconds": 1864.99}
{"event": "update", "epoch": 86, "update": 26450, "batch_loss": 0.003948862664401531, "gradient_norm": 0.3995334208011627, "wall_seconds": 1866.52}
{"event": "update", "epoch": 86, "update": 26475, "batch_loss": 0.0006746240542270243, "gradient_norm": 0.09492664039134979, "wall_seconds": 1868.05}
{"event": "update", "epoch": 86, "update": 26500, "batch_loss": 0.0009492254466749728, "gradient_norm": 0.10114084929227829, "wall_seconds": 1869.56}
{"event": "update", "epoch": 86, "update": 26525, "batch_loss": 0.0005200321320444345, "gradient_norm": 0.0793156698346138, "wall_seconds": 1871.09}
{"event": "update", "epoch": 86, "update": 26550, "batch_loss": 0.0009726611897349358, "gradient_norm": 0.12341586500406265, "wall_seconds": 1872.62}
{"event": "epoch", "epoch": 86, "updates": 26574, "seconds": 17.629902492044494, "learning_rate": 8.0041747208272e-05, "loss": 0.001836716152714019, "direction_loss": 0.00012160696203457223, "projection_loss": 0.0017151091947043662, "wall_seconds": 1873.88}
{"event": "update", "epoch": 87, "update": 26575, "batch_loss": 0.0010304453317075968, "gradient_norm": 0.16334578394889832, "wall_seconds": 1873.96}
{"event": "update", "epoch": 87, "update": 26600, "batch_loss": 0.0019022480119019747, "gradient_norm": 0.30414819717407227, "wall_seconds": 1875.28}
{"event": "update", "epoch": 87, "update": 26625, "batch_loss": 0.003907287959009409, "gradient_norm": 0.48231273889541626, "wall_seconds": 1876.6}
{"event": "update", "epoch": 87, "update": 26650, "batch_loss": 0.0022541629150509834, "gradient_norm": 0.290375679731369, "wall_seconds": 1877.91}
{"event": "update", "epoch": 87, "update": 26675, "batch_loss": 0.001869079889729619, "gradient_norm": 0.272693932056427, "wall_seconds": 1879.22}
{"event": "update", "epoch": 87, "update": 26700, "batch_loss": 0.0028451133985072374, "gradient_norm": 0.41996461153030396, "wall_seconds": 1880.54}
{"event": "update", "epoch": 87, "update": 26725, "batch_loss": 0.002358449622988701, "gradient_norm": 0.3379599452018738, "wall_seconds": 1881.84}
{"event": "update", "epoch": 87, "update": 26750, "batch_loss": 0.0008376090554520488, "gradient_norm": 0.15535707771778107, "wall_seconds": 1883.34}
{"event": "update", "epoch": 87, "update": 26775, "batch_loss": 0.0008198693976737559, "gradient_norm": 0.16953468322753906, "wall_seconds": 1884.86}
{"event": "update", "epoch": 87, "update": 26800, "batch_loss": 0.0006864725146442652, "gradient_norm": 0.11724559962749481, "wall_seconds": 1886.38}
{"event": "update", "epoch": 87, "update": 26825, "batch_loss": 0.0008040090324357152, "gradient_norm": 0.146657332777977, "wall_seconds": 1887.92}
{"event": "update", "epoch": 87, "update": 26850, "batch_loss": 0.0011669243685901165, "gradient_norm": 0.12327609956264496, "wall_seconds": 1889.45}
{"event": "update", "epoch": 87, "update": 26875, "batch_loss": 0.0007351458771154284, "gradient_norm": 0.1463911086320877, "wall_seconds": 1890.96}
{"event": "epoch", "epoch": 87, "updates": 26883, "seconds": 17.534411791944876, "learning_rate": 7.732451347542526e-05, "loss": 0.0015202147470684527, "direction_loss": 0.00010559460808340404, "projection_loss": 0.0014146201385560973, "wall_seconds": 1891.45}
{"event": "update", "epoch": 88, "update": 26900, "batch_loss": 0.0019371185917407274, "gradient_norm": 0.27462732791900635, "wall_seconds": 1892.51}
{"event": "update", "epoch": 88, "update": 26925, "batch_loss": 0.0009816759265959263, "gradient_norm": 0.1344158798456192, "wall_seconds": 1894.04}
{"event": "update", "epoch": 88, "update": 26950, "batch_loss": 0.0006494850385934114, "gradient_norm": 0.16099917888641357, "wall_seconds": 1895.57}
{"event": "update", "epoch": 88, "update": 26975, "batch_loss": 0.001129284966737032, "gradient_norm": 0.13464497029781342, "wall_seconds": 1897.07}
{"event": "update", "epoch": 88, "update": 27000, "batch_loss": 0.004594312980771065, "gradient_norm": 0.5357855558395386, "wall_seconds": 1898.59}
{"event": "update", "epoch": 88, "update": 27025, "batch_loss": 0.0022122010122984648, "gradient_norm": 0.21274830400943756, "wall_seconds": 1900.11}
{"event": "update", "epoch": 88, "update": 27050, "batch_loss": 0.0018385073635727167, "gradient_norm": 0.2856169641017914, "wall_seconds": 1901.64}
{"event": "update", "epoch": 88, "update": 27075, "batch_loss": 0.0009523166227154434, "gradient_norm": 0.16825687885284424, "wall_seconds": 1903.15}
{"event": "update", "epoch": 88, "update": 27100, "batch_loss": 0.0012274014297872782, "gradient_norm": 0.22376540303230286, "wall_seconds": 1904.68}
{"event": "update", "epoch": 88, "update": 27125, "batch_loss": 0.0017821931978687644, "gradient_norm": 0.2903146743774414, "wall_seconds": 1906.21}
{"event": "update", "epoch": 88, "update": 27150, "batch_loss": 0.00041039392817765474, "gradient_norm": 0.06522220373153687, "wall_seconds": 1907.74}
{"event": "update", "epoch": 88, "update": 27175, "batch_loss": 0.0039700958877801895, "gradient_norm": 0.5453655123710632, "wall_seconds": 1909.27}
{"event": "epoch", "epoch": 88, "updates": 27192, "seconds": 18.835639539989643, "learning_rate": 7.466736814155422e-05, "loss": 0.0015624946711027944, "direction_loss": 0.00010904638849303677, "projection_loss": 0.0014534482801849297, "wall_seconds": 1910.31}
{"event": "update", "epoch": 89, "update": 27200, "batch_loss": 0.004309815354645252, "gradient_norm": 0.29299917817115784, "wall_seconds": 1910.84}
{"event": "update", "epoch": 89, "update": 27225, "batch_loss": 0.0033277738839387894, "gradient_norm": 0.3664189577102661, "wall_seconds": 1912.36}
{"event": "update", "epoch": 89, "update": 27250, "batch_loss": 0.005014985334128141, "gradient_norm": 0.45502394437789917, "wall_seconds": 1913.9}
{"event": "update", "epoch": 89, "update": 27275, "batch_loss": 0.0030163454357534647, "gradient_norm": 0.2335696518421173, "wall_seconds": 1915.42}
{"event": "update", "epoch": 89, "update": 27300, "batch_loss": 0.0007165729766711593, "gradient_norm": 0.11895433068275452, "wall_seconds": 1916.93}
{"event": "update", "epoch": 89, "update": 27325, "batch_loss": 0.0017615907127037644, "gradient_norm": 0.19977624714374542, "wall_seconds": 1918.44}
{"event": "update", "epoch": 89, "update": 27350, "batch_loss": 0.0009354628273285925, "gradient_norm": 0.13688117265701294, "wall_seconds": 1919.89}
{"event": "update", "epoch": 89, "update": 27375, "batch_loss": 0.0027725526597350836, "gradient_norm": 0.3419530987739563, "wall_seconds": 1921.25}
{"event": "update", "epoch": 89, "update": 27400, "batch_loss": 0.002280192682519555, "gradient_norm": 0.3228510618209839, "wall_seconds": 1922.78}
{"event": "update", "epoch": 89, "update": 27425, "batch_loss": 0.0009926008060574532, "gradient_norm": 0.20918108522891998, "wall_seconds": 1924.33}
{"event": "update", "epoch": 89, "update": 27450, "batch_loss": 0.0008293679566122591, "gradient_norm": 0.0777469277381897, "wall_seconds": 1925.9}
{"event": "update", "epoch": 89, "update": 27475, "batch_loss": 0.0018996121361851692, "gradient_norm": 0.12026610225439072, "wall_seconds": 1927.36}
{"event": "update", "epoch": 89, "update": 27500, "batch_loss": 0.0010294485837221146, "gradient_norm": 0.1367412656545639, "wall_seconds": 1928.84}
{"event": "epoch", "epoch": 89, "updates": 27501, "seconds": 18.554094878956676, "learning_rate": 7.207213228134324e-05, "loss": 0.0016490664773483306, "direction_loss": 0.00011557549524700209, "projection_loss": 0.0015334909840492982, "wall_seconds": 1928.9}
{"event": "update", "epoch": 90, "update": 27525, "batch_loss": 0.0012501651654019952, "gradient_norm": 0.20695443451404572, "wall_seconds": 1930.39}
{"event": "update", "epoch": 90, "update": 27550, "batch_loss": 0.0008293773862533271, "gradient_norm": 0.10244964808225632, "wall_seconds": 1931.92}
{"event": "update", "epoch": 90, "update": 27575, "batch_loss": 0.0008818532805889845, "gradient_norm": 0.15895283222198486, "wall_seconds": 1933.45}
{"event": "update", "epoch": 90, "update": 27600, "batch_loss": 0.00032707469654269516, "gradient_norm": 0.07985080033540726, "wall_seconds": 1934.96}
{"event": "update", "epoch": 90, "update": 27625, "batch_loss": 0.0008903814596123993, "gradient_norm": 0.14123430848121643, "wall_seconds": 1936.46}
{"event": "update", "epoch": 90, "update": 27650, "batch_loss": 0.0006194633897393942, "gradient_norm": 0.12834236025810242, "wall_seconds": 1937.97}
{"event": "update", "epoch": 90, "update": 27675, "batch_loss": 0.0012169855181127787, "gradient_norm": 0.19306915998458862, "wall_seconds": 1939.47}
{"event": "update", "epoch": 90, "update": 27700, "batch_loss": 0.0018690372817218304, "gradient_norm": 0.2510800361633301, "wall_seconds": 1940.97}
{"event": "update", "epoch": 90, "update": 27725, "batch_loss": 0.0008728806860744953, "gradient_norm": 0.1626105159521103, "wall_seconds": 1942.47}
{"event": "update", "epoch": 90, "update": 27750, "batch_loss": 0.0028931302949786186, "gradient_norm": 0.4130284786224365, "wall_seconds": 1943.98}
{"event": "update", "epoch": 90, "update": 27775, "batch_loss": 0.0009422596194781363, "gradient_norm": 0.1728990525007248, "wall_seconds": 1945.47}
{"event": "update", "epoch": 90, "update": 27800, "batch_loss": 0.0008594869868829846, "gradient_norm": 0.15798765420913696, "wall_seconds": 1946.83}
{"event": "epoch", "epoch": 90, "updates": 27810, "seconds": 18.42877563391812, "learning_rate": 6.954058453981614e-05, "loss": 0.0015245538336606742, "direction_loss": 0.00011599238704226698, "projection_loss": 0.0014085614492639754, "wall_seconds": 1947.35}
{"event": "evaluation", "split": "train", "epoch": 90, "loss": 0.0014375882858910101, "components": {"direction_loss": 8.597843647035515e-05, "projection_loss": 0.0013516098537295152}, "mean_angle": 0.24936077162560008, "mean_offset": 0.007501435577290169, "strict_count": 984, "loose_count": 1171, "samples": 1234, "selection_score": 0.8213091484227888, "wall_seconds": 1958.93}
{"event": "evaluation", "split": "val", "epoch": 90, "loss": 0.5748848742581006, "components": {"direction_loss": 0.487024347772472, "projection_loss": 0.08786052375111773}, "mean_angle": 25.87899611683854, "mean_offset": 0.06317995863557087, "strict_count": 16, "loose_count": 38, "samples": 166, "selection_score": 12.75777486130377, "wall_seconds": 1960.49}
{"event": "update", "epoch": 91, "update": 27825, "batch_loss": 0.0018655454041436315, "gradient_norm": 0.33773115277290344, "wall_seconds": 1961.37}
{"event": "update", "epoch": 91, "update": 27850, "batch_loss": 0.0013190122554078698, "gradient_norm": 0.2324594110250473, "wall_seconds": 1962.9}
{"event": "update", "epoch": 91, "update": 27875, "batch_loss": 0.0028938802424818277, "gradient_norm": 0.3778214752674103, "wall_seconds": 1964.41}
{"event": "update", "epoch": 91, "update": 27900, "batch_loss": 0.0008303587674163282, "gradient_norm": 0.11821701377630234, "wall_seconds": 1965.92}
{"event": "update", "epoch": 91, "update": 27925, "batch_loss": 0.0006473871762864292, "gradient_norm": 0.07008782774209976, "wall_seconds": 1967.44}
{"event": "update", "epoch": 91, "update": 27950, "batch_loss": 0.0009929211810231209, "gradient_norm": 0.22023487091064453, "wall_seconds": 1968.94}
{"event": "update", "epoch": 91, "update": 27975, "batch_loss": 0.0009619895135983825, "gradient_norm": 0.11309568583965302, "wall_seconds": 1970.5}
{"event": "update", "epoch": 91, "update": 28000, "batch_loss": 0.0006189582636579871, "gradient_norm": 0.15333519876003265, "wall_seconds": 1972.04}
{"event": "update", "epoch": 91, "update": 28025, "batch_loss": 0.0005778262857347727, "gradient_norm": 0.0700603574514389, "wall_seconds": 1973.57}
{"event": "update", "epoch": 91, "update": 28050, "batch_loss": 0.0009373503271490335, "gradient_norm": 0.15254199504852295, "wall_seconds": 1975.11}
{"event": "update", "epoch": 91, "update": 28075, "batch_loss": 0.0007100764196366072, "gradient_norm": 0.15505950152873993, "wall_seconds": 1976.62}
{"event": "update", "epoch": 91, "update": 28100, "batch_loss": 0.0031466158106923103, "gradient_norm": 0.40166324377059937, "wall_seconds": 1978.15}
{"event": "epoch", "epoch": 91, "updates": 28119, "seconds": 18.794271251070313, "learning_rate": 6.707445991334122e-05, "loss": 0.0015826039585115832, "direction_loss": 0.00013390627963074045, "projection_loss": 0.0014486976798640404, "wall_seconds": 1979.31}
{"event": "update", "epoch": 92, "update": 28125, "batch_loss": 0.0005020900280214846, "gradient_norm": 0.08931633085012436, "wall_seconds": 1979.71}
{"event": "update", "epoch": 92, "update": 28150, "batch_loss": 0.001043918775394559, "gradient_norm": 0.21004633605480194, "wall_seconds": 1981.25}
{"event": "update", "epoch": 92, "update": 28175, "batch_loss": 0.0006651327130384743, "gradient_norm": 0.11186844110488892, "wall_seconds": 1982.78}
{"event": "update", "epoch": 92, "update": 28200, "batch_loss": 0.0009794087382033467, "gradient_norm": 0.10327602177858353, "wall_seconds": 1984.31}
{"event": "update", "epoch": 92, "update": 28225, "batch_loss": 0.0027958687860518694, "gradient_norm": 0.2746427655220032, "wall_seconds": 1985.82}
{"event": "update", "epoch": 92, "update": 28250, "batch_loss": 0.0006405541207641363, "gradient_norm": 0.10782252252101898, "wall_seconds": 1987.32}
{"event": "update", "epoch": 92, "update": 28275, "batch_loss": 0.0010784979676827788, "gradient_norm": 0.18195107579231262, "wall_seconds": 1988.83}
{"event": "update", "epoch": 92, "update": 28300, "batch_loss": 0.0064073833636939526, "gradient_norm": 0.7933772206306458, "wall_seconds": 1990.33}
{"event": "update", "epoch": 92, "update": 28325, "batch_loss": 0.001097222906537354, "gradient_norm": 0.12639832496643066, "wall_seconds": 1991.85}
{"event": "update", "epoch": 92, "update": 28350, "batch_loss": 0.0007157226209528744, "gradient_norm": 0.0724416971206665, "wall_seconds": 1993.36}
{"event": "update", "epoch": 92, "update": 28375, "batch_loss": 0.001041174284182489, "gradient_norm": 0.08291280269622803, "wall_seconds": 1994.87}
{"event": "update", "epoch": 92, "update": 28400, "batch_loss": 0.0006912754033692181, "gradient_norm": 0.10441724210977554, "wall_seconds": 1996.38}
{"event": "update", "epoch": 92, "update": 28425, "batch_loss": 0.000669853063300252, "gradient_norm": 0.16439400613307953, "wall_seconds": 1997.9}
{"event": "epoch", "epoch": 92, "updates": 28428, "seconds": 18.73265507107135, "learning_rate": 6.467544856055186e-05, "loss": 0.0014597590255356323, "direction_loss": 9.6546163482238e-05, "projection_loss": 0.0013632128629124025, "wall_seconds": 1998.08}
{"event": "update", "epoch": 93, "update": 28450, "batch_loss": 0.0009019711869768798, "gradient_norm": 0.168344184756279, "wall_seconds": 1999.45}
{"event": "update", "epoch": 93, "update": 28475, "batch_loss": 0.001022692653350532, "gradient_norm": 0.19065657258033752, "wall_seconds": 2000.95}
{"event": "update", "epoch": 93, "update": 28500, "batch_loss": 0.0008550080237910151, "gradient_norm": 0.18778641521930695, "wall_seconds": 2002.49}
{"event": "update", "epoch": 93, "update": 28525, "batch_loss": 0.0010880464687943459, "gradient_norm": 0.16359302401542664, "wall_seconds": 2004.0}
{"event": "update", "epoch": 93, "update": 28550, "batch_loss": 0.0010233360808342695, "gradient_norm": 0.229984313249588, "wall_seconds": 2005.53}
{"event": "update", "epoch": 93, "update": 28575, "batch_loss": 0.0021455977112054825, "gradient_norm": 0.256950706243515, "wall_seconds": 2007.06}
{"event": "update", "epoch": 93, "update": 28600, "batch_loss": 0.0019567282870411873, "gradient_norm": 0.24214118719100952, "wall_seconds": 2008.57}
{"event": "update", "epoch": 93, "update": 28625, "batch_loss": 0.0005862009711563587, "gradient_norm": 0.11535310745239258, "wall_seconds": 2010.06}
{"event": "update", "epoch": 93, "update": 28650, "batch_loss": 0.0008464137208648026, "gradient_norm": 0.128752201795578, "wall_seconds": 2011.57}
{"event": "update", "epoch": 93, "update": 28675, "batch_loss": 0.0014161256840452552, "gradient_norm": 0.2725065052509308, "wall_seconds": 2013.07}
{"event": "update", "epoch": 93, "update": 28700, "batch_loss": 0.0009236495825462043, "gradient_norm": 0.19246535003185272, "wall_seconds": 2014.58}
{"event": "update", "epoch": 93, "update": 28725, "batch_loss": 0.0011574362870305777, "gradient_norm": 0.15796582400798798, "wall_seconds": 2016.08}
{"event": "epoch", "epoch": 93, "updates": 28737, "seconds": 18.68399714503903, "learning_rate": 6.234519464399588e-05, "loss": 0.001261870407520505, "direction_loss": 8.478352660313544e-05, "projection_loss": 0.0011770868788732176, "wall_seconds": 2016.8}
{"event": "update", "epoch": 94, "update": 28750, "batch_loss": 0.0006869633798487484, "gradient_norm": 0.14906542003154755, "wall_seconds": 2017.61}
{"event": "update", "epoch": 94, "update": 28775, "batch_loss": 0.00048031448386609554, "gradient_norm": 0.1199859008193016, "wall_seconds": 2019.13}
{"event": "update", "epoch": 94, "update": 28800, "batch_loss": 0.0007777850260026753, "gradient_norm": 0.1360498070716858, "wall_seconds": 2020.55}
{"event": "update", "epoch": 94, "update": 28825, "batch_loss": 0.0008977394900284708, "gradient_norm": 0.10428798943758011, "wall_seconds": 2021.86}
{"event": "update", "epoch": 94, "update": 28850, "batch_loss": 0.0012588666286319494, "gradient_norm": 0.24493269622325897, "wall_seconds": 2023.21}
{"event": "update", "epoch": 94, "update": 28875, "batch_loss": 0.00042544127791188657, "gradient_norm": 0.1288943737745285, "wall_seconds": 2024.53}
{"event": "update", "epoch": 94, "update": 28900, "batch_loss": 0.0005912028718739748, "gradient_norm": 0.1438630372285843, "wall_seconds": 2025.85}
{"event": "update", "epoch": 94, "update": 28925, "batch_loss": 0.001409785239957273, "gradient_norm": 0.3372074365615845, "wall_seconds": 2027.17}
{"event": "update", "epoch": 94, "update": 28950, "batch_loss": 0.0015462902374565601, "gradient_norm": 0.26645711064338684, "wall_seconds": 2028.47}
{"event": "update", "epoch": 94, "update": 28975, "batch_loss": 0.0012796972878277302, "gradient_norm": 0.24508577585220337, "wall_seconds": 2029.78}
{"event": "update", "epoch": 94, "update": 29000, "batch_loss": 0.0009370786719955504, "gradient_norm": 0.1373339742422104, "wall_seconds": 2031.08}
{"event": "update", "epoch": 94, "update": 29025, "batch_loss": 0.0005811503506265581, "gradient_norm": 0.14859828352928162, "wall_seconds": 2032.39}
{"event": "epoch", "epoch": 94, "updates": 29046, "seconds": 16.663753996021114, "learning_rate": 6.008529520330899e-05, "loss": 0.0012612144891633026, "direction_loss": 9.837543084734798e-05, "projection_loss": 0.001162839060323992, "wall_seconds": 2033.49}
{"event": "update", "epoch": 95, "update": 29050, "batch_loss": 0.0007680345443077385, "gradient_norm": 0.18075697124004364, "wall_seconds": 2033.72}
{"event": "update", "epoch": 95, "update": 29075, "batch_loss": 0.0005812278250232339, "gradient_norm": 0.0592784583568573, "wall_seconds": 2035.03}
{"event": "update", "epoch": 95, "update": 29100, "batch_loss": 0.0004357865545898676, "gradient_norm": 0.07690035551786423, "wall_seconds": 2036.34}
{"event": "update", "epoch": 95, "update": 29125, "batch_loss": 0.0018010508501902223, "gradient_norm": 0.1457052230834961, "wall_seconds": 2037.64}
{"event": "update", "epoch": 95, "update": 29150, "batch_loss": 0.001867726445198059, "gradient_norm": 0.26678043603897095, "wall_seconds": 2038.97}
{"event": "update", "epoch": 95, "update": 29175, "batch_loss": 0.0004719368298538029, "gradient_norm": 0.1192251592874527, "wall_seconds": 2040.3}
{"event": "update", "epoch": 95, "update": 29200, "batch_loss": 0.0007314349059015512, "gradient_norm": 0.13736115396022797, "wall_seconds": 2041.62}
{"event": "update", "epoch": 95, "update": 29225, "batch_loss": 0.001236828975379467, "gradient_norm": 0.20263952016830444, "wall_seconds": 2042.93}
{"event": "update", "epoch": 95, "update": 29250, "batch_loss": 0.00126664771232754, "gradient_norm": 0.10957301408052444, "wall_seconds": 2044.24}
{"event": "update", "epoch": 95, "update": 29275, "batch_loss": 0.001200409373268485, "gradient_norm": 0.3219726085662842, "wall_seconds": 2045.54}
{"event": "update", "epoch": 95, "update": 29300, "batch_loss": 0.0007406329386867583, "gradient_norm": 0.10465073585510254, "wall_seconds": 2046.85}
{"event": "update", "epoch": 95, "update": 29325, "batch_loss": 0.0011833594180643559, "gradient_norm": 0.1149069145321846, "wall_seconds": 2048.16}
{"event": "update", "epoch": 95, "update": 29350, "batch_loss": 0.0006037632119841874, "gradient_norm": 0.13085292279720306, "wall_seconds": 2049.46}
{"event": "epoch", "epoch": 95, "updates": 29355, "seconds": 16.205312874051742, "learning_rate": 5.789729906068329e-05, "loss": 0.0011141216285214298, "direction_loss": 8.821070968470544e-05, "projection_loss": 0.001025910918129913, "wall_seconds": 2049.72}
{"event": "evaluation", "split": "train", "epoch": 95, "loss": 0.0010259669428148625, "components": {"direction_loss": 5.0515521786767615e-05, "projection_loss": 0.0009754514213194059}, "mean_angle": 0.2410491408251537, "mean_offset": 0.005849958787790807, "strict_count": 1109, "loose_count": 1211, "samples": 1234, "selection_score": 0.6561034097097613, "wall_seconds": 2061.53}
{"event": "evaluation", "split": "val", "epoch": 95, "loss": 0.5763306494084108, "components": {"direction_loss": 0.4899044094481176, "projection_loss": 0.08642623997686139}, "mean_angle": 26.05643599322739, "mean_offset": 0.06155289694700525, "strict_count": 22, "loose_count": 43, "samples": 166, "selection_score": 12.955069345167967, "wall_seconds": 2063.1}
{"event": "update", "epoch": 96, "update": 29375, "batch_loss": 0.0006560488836839795, "gradient_norm": 0.1027427464723587, "wall_seconds": 2064.17}
{"event": "update", "epoch": 96, "update": 29400, "batch_loss": 0.0011396417394280434, "gradient_norm": 0.11275436729192734, "wall_seconds": 2065.46}
{"event": "update", "epoch": 96, "update": 29425, "batch_loss": 0.00036718687624670565, "gradient_norm": 0.0829566940665245, "wall_seconds": 2066.76}
{"event": "update", "epoch": 96, "update": 29450, "batch_loss": 0.0011303027858957648, "gradient_norm": 0.14410614967346191, "wall_seconds": 2068.05}
{"event": "update", "epoch": 96, "update": 29475, "batch_loss": 0.000787406403105706, "gradient_norm": 0.1479601263999939, "wall_seconds": 2069.35}
{"event": "update", "epoch": 96, "update": 29500, "batch_loss": 0.0013136568013578653, "gradient_norm": 0.3345564007759094, "wall_seconds": 2070.65}
{"event": "update", "epoch": 96, "update": 29525, "batch_loss": 0.0003621957148425281, "gradient_norm": 0.10230223089456558, "wall_seconds": 2071.94}
{"event": "update", "epoch": 96, "update": 29550, "batch_loss": 0.0016963385278359056, "gradient_norm": 0.30233877897262573, "wall_seconds": 2073.23}
{"event": "update", "epoch": 96, "update": 29575, "batch_loss": 0.0003287534636911005, "gradient_norm": 0.07773881405591965, "wall_seconds": 2074.52}
{"event": "update", "epoch": 96, "update": 29600, "batch_loss": 0.008314765989780426, "gradient_norm": 0.8171794414520264, "wall_seconds": 2075.81}
{"event": "update", "epoch": 96, "update": 29625, "batch_loss": 0.0008767545805312693, "gradient_norm": 0.16870655119419098, "wall_seconds": 2077.12}
{"event": "update", "epoch": 96, "update": 29650, "batch_loss": 0.0008877734653651714, "gradient_norm": 0.21666575968265533, "wall_seconds": 2078.44}
{"event": "epoch", "epoch": 96, "updates": 29664, "seconds": 16.039509754045866, "learning_rate": 5.578270575938216e-05, "loss": 0.0012043226756324548, "direction_loss": 8.750178014214042e-05, "projection_loss": 0.0011168208928054992, "wall_seconds": 2079.17}
{"event": "update", "epoch": 97, "update": 29675, "batch_loss": 0.0004904395900666714, "gradient_norm": 0.08582845330238342, "wall_seconds": 2079.77}
{"event": "update", "epoch": 97, "update": 29700, "batch_loss": 0.0007055890746414661, "gradient_norm": 0.1402786523103714, "wall_seconds": 2081.11}
{"event": "update", "epoch": 97, "update": 29725, "batch_loss": 0.0005626191850751638, "gradient_norm": 0.09980417042970657, "wall_seconds": 2082.4}
{"event": "update", "epoch": 97, "update": 29750, "batch_loss": 0.0004929323331452906, "gradient_norm": 0.095780149102211, "wall_seconds": 2083.69}
{"event": "update", "epoch": 97, "update": 29775, "batch_loss": 0.0007061685901135206, "gradient_norm": 0.08664556592702866, "wall_seconds": 2085.0}
{"event": "update", "epoch": 97, "update": 29800, "batch_loss": 0.0007113057654350996, "gradient_norm": 0.11662858724594116, "wall_seconds": 2086.3}
{"event": "update", "epoch": 97, "update": 29825, "batch_loss": 0.002424879465252161, "gradient_norm": 0.3960423767566681, "wall_seconds": 2087.61}
{"event": "update", "epoch": 97, "update": 29850, "batch_loss": 0.000410369219025597, "gradient_norm": 0.07004553824663162, "wall_seconds": 2088.91}
{"event": "update", "epoch": 97, "update": 29875, "batch_loss": 0.0018891994841396809, "gradient_norm": 0.21924936771392822, "wall_seconds": 2090.31}
{"event": "update", "epoch": 97, "update": 29900, "batch_loss": 0.0004010682459920645, "gradient_norm": 0.07300476729869843, "wall_seconds": 2091.84}
{"event": "update", "epoch": 97, "update": 29925, "batch_loss": 0.0010205248836427927, "gradient_norm": 0.1866430938243866, "wall_seconds": 2093.36}
{"event": "update", "epoch": 97, "update": 29950, "batch_loss": 0.0009869723580777645, "gradient_norm": 0.09641136229038239, "wall_seconds": 2094.87}
{"event": "epoch", "epoch": 97, "updates": 29973, "seconds": 17.079341436037794, "learning_rate": 5.374296453602795e-05, "loss": 0.0011890294915970832, "direction_loss": 9.841863524596891e-05, "projection_loss": 0.0010906108529091854, "wall_seconds": 2096.27}
{"event": "update", "epoch": 98, "update": 29975, "batch_loss": 0.000847734569106251, "gradient_norm": 0.11650614440441132, "wall_seconds": 2096.43}
{"event": "update", "epoch": 98, "update": 30000, "batch_loss": 0.0009453195380046964, "gradient_norm": 0.12454228848218918, "wall_seconds": 2097.95}
{"event": "update", "epoch": 98, "update": 30025, "batch_loss": 0.0004064447130076587, "gradient_norm": 0.1012716218829155, "wall_seconds": 2099.46}
{"event": "update", "epoch": 98, "update": 30050, "batch_loss": 0.0040691620670259, "gradient_norm": 0.3860110640525818, "wall_seconds": 2100.98}
{"event": "update", "epoch": 98, "update": 30075, "batch_loss": 0.0007815549033693969, "gradient_norm": 0.11383219063282013, "wall_seconds": 2102.5}
{"event": "update", "epoch": 98, "update": 30100, "batch_loss": 0.0005714145372621715, "gradient_norm": 0.13626758754253387, "wall_seconds": 2104.01}
{"event": "update", "epoch": 98, "update": 30125, "batch_loss": 0.0008830975275486708, "gradient_norm": 0.1856626719236374, "wall_seconds": 2105.53}
{"event": "update", "epoch": 98, "update": 30150, "batch_loss": 0.00037982864887453616, "gradient_norm": 0.05601296201348305, "wall_seconds": 2107.05}
{"event": "update", "epoch": 98, "update": 30175, "batch_loss": 0.0005010075401514769, "gradient_norm": 0.138886496424675, "wall_seconds": 2108.61}
{"event": "update", "epoch": 98, "update": 30200, "batch_loss": 0.0005353511078283191, "gradient_norm": 0.08383829891681671, "wall_seconds": 2110.13}
{"event": "update", "epoch": 98, "update": 30225, "batch_loss": 0.0008873835322447121, "gradient_norm": 0.11590378731489182, "wall_seconds": 2111.7}
{"event": "update", "epoch": 98, "update": 30250, "batch_loss": 0.0003687902935780585, "gradient_norm": 0.08907219767570496, "wall_seconds": 2113.22}
{"event": "update", "epoch": 98, "update": 30275, "batch_loss": 0.0012241039657965302, "gradient_norm": 0.19164018332958221, "wall_seconds": 2114.75}
{"event": "epoch", "epoch": 98, "updates": 30282, "seconds": 18.876507377950475, "learning_rate": 5.177947332736781e-05, "loss": 0.0011306022822828979, "direction_loss": 8.004297013313019e-05, "projection_loss": 0.0010505593147859388, "wall_seconds": 2115.18}
{"event": "update", "epoch": 99, "update": 30300, "batch_loss": 0.00036026319139637053, "gradient_norm": 0.09638671576976776, "wall_seconds": 2116.33}
{"event": "update", "epoch": 99, "update": 30325, "batch_loss": 0.0015217768959701061, "gradient_norm": 0.2403593510389328, "wall_seconds": 2117.86}
{"event": "update", "epoch": 99, "update": 30350, "batch_loss": 0.0006561051122844219, "gradient_norm": 0.12606492638587952, "wall_seconds": 2119.38}
{"event": "update", "epoch": 99, "update": 30375, "batch_loss": 0.0010967887938022614, "gradient_norm": 0.189818874001503, "wall_seconds": 2120.88}
{"event": "update", "epoch": 99, "update": 30400, "batch_loss": 0.0004198573296889663, "gradient_norm": 0.09218019992113113, "wall_seconds": 2122.4}
{"event": "update", "epoch": 99, "update": 30425, "batch_loss": 0.0013464082730934024, "gradient_norm": 0.20970666408538818, "wall_seconds": 2123.9}
{"event": "update", "epoch": 99, "update": 30450, "batch_loss": 0.0008690374088473618, "gradient_norm": 0.1338072270154953, "wall_seconds": 2125.4}
{"event": "update", "epoch": 99, "update": 30475, "batch_loss": 0.00042991008376702666, "gradient_norm": 0.057003892958164215, "wall_seconds": 2126.91}
{"event": "update", "epoch": 99, "update": 30500, "batch_loss": 0.0007433126447722316, "gradient_norm": 0.18054305016994476, "wall_seconds": 2128.42}
{"event": "update", "epoch": 99, "update": 30525, "batch_loss": 0.0003232695162296295, "gradient_norm": 0.08178628981113434, "wall_seconds": 2129.94}
{"event": "update", "epoch": 99, "update": 30550, "batch_loss": 0.0006821806891821325, "gradient_norm": 0.0935833677649498, "wall_seconds": 2131.45}
{"event": "update", "epoch": 99, "update": 30575, "batch_loss": 0.003752695396542549, "gradient_norm": 0.2189241498708725, "wall_seconds": 2132.97}
{"event": "epoch", "epoch": 99, "updates": 30591, "seconds": 18.735132260015234, "learning_rate": 4.98935778121976e-05, "loss": 0.0011373187311150652, "direction_loss": 0.00014059453117166366, "projection_loss": 0.0009967242004357375, "wall_seconds": 2133.95}
{"event": "update", "epoch": 100, "update": 30600, "batch_loss": 0.0006905284244567156, "gradient_norm": 0.11268666386604309, "wall_seconds": 2134.53}
{"event": "update", "epoch": 100, "update": 30625, "batch_loss": 0.000973737274762243, "gradient_norm": 0.21254530549049377, "wall_seconds": 2136.04}
{"event": "update", "epoch": 100, "update": 30650, "batch_loss": 0.0005021906108595431, "gradient_norm": 0.07753826677799225, "wall_seconds": 2137.55}
{"event": "update", "epoch": 100, "update": 30675, "batch_loss": 0.0006757235969416797, "gradient_norm": 0.15589597821235657, "wall_seconds": 2139.06}
{"event": "update", "epoch": 100, "update": 30700, "batch_loss": 0.0014095266815274954, "gradient_norm": 0.18410088121891022, "wall_seconds": 2140.55}
{"event": "update", "epoch": 100, "update": 30725, "batch_loss": 0.0008878505323082209, "gradient_norm": 0.15244373679161072, "wall_seconds": 2142.05}
{"event": "update", "epoch": 100, "update": 30750, "batch_loss": 0.0008524339064024389, "gradient_norm": 0.12203337997198105, "wall_seconds": 2143.56}
{"event": "update", "epoch": 100, "update": 30775, "batch_loss": 0.0011854430194944143, "gradient_norm": 0.2356526255607605, "wall_seconds": 2145.06}
{"event": "update", "epoch": 100, "update": 30800, "batch_loss": 0.0016694699879735708, "gradient_norm": 0.24469034373760223, "wall_seconds": 2146.57}
{"event": "update", "epoch": 100, "update": 30825, "batch_loss": 0.002407391555607319, "gradient_norm": 0.41114315390586853, "wall_seconds": 2148.07}
{"event": "update", "epoch": 100, "update": 30850, "batch_loss": 0.0007446971721947193, "gradient_norm": 0.1145324632525444, "wall_seconds": 2149.57}
{"event": "update", "epoch": 100, "update": 30875, "batch_loss": 0.0008240420138463378, "gradient_norm": 0.15730378031730652, "wall_seconds": 2151.07}
{"event": "update", "epoch": 100, "update": 30900, "batch_loss": 0.005698238033801317, "gradient_norm": 0.8885681629180908, "wall_seconds": 2152.59}
{"event": "epoch", "epoch": 100, "updates": 30900, "seconds": 18.604857104015537, "learning_rate": 4.808657048910082e-05, "loss": 0.0009875484003354848, "direction_loss": 6.5227826235354e-05, "projection_loss": 0.0009223205705152182, "wall_seconds": 2152.59}
{"event": "evaluation", "split": "train", "epoch": 100, "loss": 0.0007306641826266121, "components": {"direction_loss": 4.3189030561159515e-05, "projection_loss": 0.0006874751518393687}, "mean_angle": 0.22796891805809444, "mean_offset": 0.004501526145735686, "strict_count": 1123, "loose_count": 1220, "samples": 1234, "selection_score": 0.517079411491637, "wall_seconds": 2164.38}
{"event": "evaluation", "split": "val", "epoch": 100, "loss": 0.5990329879751227, "components": {"direction_loss": 0.5104191897915437, "projection_loss": 0.08861379738313606}, "mean_angle": 26.73758067394865, "mean_offset": 0.06204711431455069, "strict_count": 23, "loose_count": 43, "samples": 166, "selection_score": 13.106576610016253, "wall_seconds": 2165.94}
{"event": "update", "epoch": 101, "update": 30925, "batch_loss": 0.000635398318991065, "gradient_norm": 0.1619783192873001, "wall_seconds": 2167.28}
{"event": "update", "epoch": 101, "update": 30950, "batch_loss": 0.00041939655784517527, "gradient_norm": 0.05993654578924179, "wall_seconds": 2168.59}
{"event": "update", "epoch": 101, "update": 30975, "batch_loss": 0.0007316429982893169, "gradient_norm": 0.14341987669467926, "wall_seconds": 2169.93}
{"event": "update", "epoch": 101, "update": 31000, "batch_loss": 0.0010110895382240415, "gradient_norm": 0.15400320291519165, "wall_seconds": 2171.25}
{"event": "update", "epoch": 101, "update": 31025, "batch_loss": 0.0012243831297382712, "gradient_norm": 0.2567773163318634, "wall_seconds": 2172.55}
{"event": "update", "epoch": 101, "update": 31050, "batch_loss": 0.0009168569231405854, "gradient_norm": 0.14102013409137726, "wall_seconds": 2173.86}
{"event": "update", "epoch": 101, "update": 31075, "batch_loss": 0.0006571381818503141, "gradient_norm": 0.08811565488576889, "wall_seconds": 2175.29}
{"event": "update", "epoch": 101, "update": 31100, "batch_loss": 0.00045137875713407993, "gradient_norm": 0.05500108376145363, "wall_seconds": 2176.79}
{"event": "update", "epoch": 101, "update": 31125, "batch_loss": 0.0005847560241818428, "gradient_norm": 0.0910450890660286, "wall_seconds": 2178.3}
{"event": "update", "epoch": 101, "update": 31150, "batch_loss": 0.0004987578722648323, "gradient_norm": 0.08207201957702637, "wall_seconds": 2179.8}
{"event": "update", "epoch": 101, "update": 31175, "batch_loss": 0.0006556704756803811, "gradient_norm": 0.16046160459518433, "wall_seconds": 2181.3}
{"event": "update", "epoch": 101, "update": 31200, "batch_loss": 0.00174101407174021, "gradient_norm": 0.22469614446163177, "wall_seconds": 2182.81}
{"event": "epoch", "epoch": 101, "updates": 31209, "seconds": 17.380328085971996, "learning_rate": 4.635968979063473e-05, "loss": 0.0010272132843541135, "direction_loss": 7.043220755869073e-05, "projection_loss": 0.0009567810778545345, "wall_seconds": 2183.35}
{"event": "update", "epoch": 102, "update": 31225, "batch_loss": 0.0011786995455622673, "gradient_norm": 0.13773304224014282, "wall_seconds": 2184.35}
{"event": "update", "epoch": 102, "update": 31250, "batch_loss": 0.0007371430401690304, "gradient_norm": 0.12319575250148773, "wall_seconds": 2185.85}
{"event": "update", "epoch": 102, "update": 31275, "batch_loss": 0.0004651703347917646, "gradient_norm": 0.07619031518697739, "wall_seconds": 2187.35}
{"event": "update", "epoch": 102, "update": 31300, "batch_loss": 0.0003850396315101534, "gradient_norm": 0.05494525283575058, "wall_seconds": 2188.85}
{"event": "update", "epoch": 102, "update": 31325, "batch_loss": 0.00045318336924538016, "gradient_norm": 0.07689184695482254, "wall_seconds": 2190.38}
{"event": "update", "epoch": 102, "update": 31350, "batch_loss": 0.0005009985761716962, "gradient_norm": 0.11889167875051498, "wall_seconds": 2191.89}
{"event": "update", "epoch": 102, "update": 31375, "batch_loss": 0.0014622592134401202, "gradient_norm": 0.3215073347091675, "wall_seconds": 2193.4}
{"event": "update", "epoch": 102, "update": 31400, "batch_loss": 0.0004237597750034183, "gradient_norm": 0.08471120148897171, "wall_seconds": 2194.93}
{"event": "update", "epoch": 102, "update": 31425, "batch_loss": 0.0006113672279752791, "gradient_norm": 0.13915881514549255, "wall_seconds": 2196.45}
{"event": "update", "epoch": 102, "update": 31450, "batch_loss": 0.0003912321990355849, "gradient_norm": 0.0882151871919632, "wall_seconds": 2197.97}
{"event": "update", "epoch": 102, "update": 31475, "batch_loss": 0.002757351379841566, "gradient_norm": 0.13751168549060822, "wall_seconds": 2199.5}
{"event": "update", "epoch": 102, "update": 31500, "batch_loss": 0.0005687841330654919, "gradient_norm": 0.08959127962589264, "wall_seconds": 2201.01}
{"event": "epoch", "epoch": 102, "updates": 31518, "seconds": 18.722333050100133, "learning_rate": 4.4714119234570384e-05, "loss": 0.0009342043101523415, "direction_loss": 6.451562139028759e-05, "projection_loss": 0.0008696886911105993, "wall_seconds": 2202.1}
{"event": "update", "epoch": 103, "update": 31525, "batch_loss": 0.0005099962581880391, "gradient_norm": 0.12882471084594727, "wall_seconds": 2202.56}
{"event": "update", "epoch": 103, "update": 31550, "batch_loss": 0.0004454689915291965, "gradient_norm": 0.05656559765338898, "wall_seconds": 2204.07}
{"event": "update", "epoch": 103, "update": 31575, "batch_loss": 0.001100042718462646, "gradient_norm": 0.16497646272182465, "wall_seconds": 2205.59}
{"event": "update", "epoch": 103, "update": 31600, "batch_loss": 0.0005236592260189354, "gradient_norm": 0.08150584995746613, "wall_seconds": 2207.12}
{"event": "update", "epoch": 103, "update": 31625, "batch_loss": 0.0004884878871962428, "gradient_norm": 0.07172100991010666, "wall_seconds": 2208.64}
{"event": "update", "epoch": 103, "update": 31650, "batch_loss": 0.0009086574427783489, "gradient_norm": 0.2558654546737671, "wall_seconds": 2210.15}
{"event": "update", "epoch": 103, "update": 31675, "batch_loss": 0.0006013774545863271, "gradient_norm": 0.11726697534322739, "wall_seconds": 2211.66}
{"event": "update", "epoch": 103, "update": 31700, "batch_loss": 0.0004699508717749268, "gradient_norm": 0.114617258310318, "wall_seconds": 2213.18}
{"event": "update", "epoch": 103, "update": 31725, "batch_loss": 0.0006128743989393115, "gradient_norm": 0.10082584619522095, "wall_seconds": 2214.7}
{"event": "update", "epoch": 103, "update": 31750, "batch_loss": 0.0006906444323249161, "gradient_norm": 0.10887240618467331, "wall_seconds": 2216.21}
{"event": "update", "epoch": 103, "update": 31775, "batch_loss": 0.00030474827508442104, "gradient_norm": 0.071897491812706, "wall_seconds": 2217.72}
{"event": "update", "epoch": 103, "update": 31800, "batch_loss": 0.000409297295846045, "gradient_norm": 0.11803890019655228, "wall_seconds": 2219.22}
{"event": "update", "epoch": 103, "update": 31825, "batch_loss": 0.0006429047207348049, "gradient_norm": 0.11334104090929031, "wall_seconds": 2220.73}
{"event": "epoch", "epoch": 103, "updates": 31827, "seconds": 18.719218982965685, "learning_rate": 4.315098661276888e-05, "loss": 0.001040312854150111, "direction_loss": 9.602579373749373e-05, "projection_loss": 0.0009442870600909036, "wall_seconds": 2220.85}
{"event": "update", "epoch": 104, "update": 31850, "batch_loss": 0.0017539571272209287, "gradient_norm": 0.3161182999610901, "wall_seconds": 2222.27}
{"event": "update", "epoch": 104, "update": 31875, "batch_loss": 0.00030930302455089986, "gradient_norm": 0.05609246343374252, "wall_seconds": 2223.79}
{"event": "update", "epoch": 104, "update": 31900, "batch_loss": 0.00018294694018550217, "gradient_norm": 0.057630740106105804, "wall_seconds": 2225.36}
{"event": "update", "epoch": 104, "update": 31925, "batch_loss": 0.0005839494988322258, "gradient_norm": 0.11352943629026413, "wall_seconds": 2226.88}
{"event": "update", "epoch": 104, "update": 31950, "batch_loss": 0.0005391427548602223, "gradient_norm": 0.11225803941488266, "wall_seconds": 2228.4}
{"event": "update", "epoch": 104, "update": 31975, "batch_loss": 0.002164189238101244, "gradient_norm": 0.30788078904151917, "wall_seconds": 2229.93}
{"event": "update", "epoch": 104, "update": 32000, "batch_loss": 0.0006914830883033574, "gradient_norm": 0.08144763857126236, "wall_seconds": 2231.45}
{"event": "update", "epoch": 104, "update": 32025, "batch_loss": 0.0002715891459956765, "gradient_norm": 0.05769399553537369, "wall_seconds": 2232.96}
{"event": "update", "epoch": 104, "update": 32050, "batch_loss": 0.0004707321058958769, "gradient_norm": 0.1426866054534912, "wall_seconds": 2234.47}
{"event": "update", "epoch": 104, "update": 32075, "batch_loss": 0.002651860238984227, "gradient_norm": 0.38417670130729675, "wall_seconds": 2235.98}
{"event": "update", "epoch": 104, "update": 32100, "batch_loss": 0.0016129794530570507, "gradient_norm": 0.31632930040359497, "wall_seconds": 2237.51}
{"event": "update", "epoch": 104, "update": 32125, "batch_loss": 0.0013056666357442737, "gradient_norm": 0.2313736528158188, "wall_seconds": 2239.04}
{"event": "epoch", "epoch": 104, "updates": 32136, "seconds": 18.830291075981222, "learning_rate": 4.1671363218248895e-05, "loss": 0.0010160876176606055, "direction_loss": 6.746280070553558e-05, "projection_loss": 0.0009486248170578856, "wall_seconds": 2239.71}
{"event": "update", "epoch": 105, "update": 32150, "batch_loss": 0.00033111771335825324, "gradient_norm": 0.04010223597288132, "wall_seconds": 2240.6}
{"event": "update", "epoch": 105, "update": 32175, "batch_loss": 0.00589205976575613, "gradient_norm": 0.8489569425582886, "wall_seconds": 2242.13}
{"event": "update", "epoch": 105, "update": 32200, "batch_loss": 0.00043510692194104195, "gradient_norm": 0.12018177658319473, "wall_seconds": 2243.64}
{"event": "update", "epoch": 105, "update": 32225, "batch_loss": 0.0006724626873619854, "gradient_norm": 0.08258622884750366, "wall_seconds": 2245.16}
{"event": "update", "epoch": 105, "update": 32250, "batch_loss": 0.0003728428273461759, "gradient_norm": 0.07958897948265076, "wall_seconds": 2246.69}
{"event": "update", "epoch": 105, "update": 32275, "batch_loss": 0.0005205677007324994, "gradient_norm": 0.07294169813394547, "wall_seconds": 2248.21}
{"event": "update", "epoch": 105, "update": 32300, "batch_loss": 0.0002897726371884346, "gradient_norm": 0.042523592710494995, "wall_seconds": 2249.71}
{"event": "update", "epoch": 105, "update": 32325, "batch_loss": 0.001389211043715477, "gradient_norm": 0.24830400943756104, "wall_seconds": 2251.21}
{"event": "update", "epoch": 105, "update": 32350, "batch_loss": 0.0017251368844881654, "gradient_norm": 0.28133904933929443, "wall_seconds": 2252.71}
{"event": "update", "epoch": 105, "update": 32375, "batch_loss": 0.00039151860983110964, "gradient_norm": 0.08835969120264053, "wall_seconds": 2254.21}
{"event": "update", "epoch": 105, "update": 32400, "batch_loss": 0.0012545946519821882, "gradient_norm": 0.2249758541584015, "wall_seconds": 2255.54}
{"event": "update", "epoch": 105, "update": 32425, "batch_loss": 0.0008198494324460626, "gradient_norm": 0.15671271085739136, "wall_seconds": 2256.86}
{"event": "epoch", "epoch": 105, "updates": 32445, "seconds": 18.16939051193185, "learning_rate": 4.027626311097632e-05, "loss": 0.0008906812326510163, "direction_loss": 5.664355657517288e-05, "projection_loss": 0.0008340376745109451, "wall_seconds": 2257.91}
{"event": "evaluation", "split": "train", "epoch": 105, "loss": 0.0005937801059667546, "components": {"direction_loss": 2.8401203773809707e-05, "projection_loss": 0.0005653789017415142}, "mean_angle": 0.17885353147944494, "mean_offset": 0.004387846209637227, "strict_count": 1173, "loose_count": 1230, "samples": 1234, "selection_score": 0.5257475007452943, "wall_seconds": 2269.55}
{"event": "evaluation", "split": "val", "epoch": 105, "loss": 0.5856944170208221, "components": {"direction_loss": 0.49880005563112256, "projection_loss": 0.08689435653904655}, "mean_angle": 26.26777246280248, "mean_offset": 0.0600016713864731, "strict_count": 24, "loose_count": 46, "samples": 166, "selection_score": 12.777687123462417, "wall_seconds": 2271.12}
{"event": "update", "epoch": 106, "update": 32450, "batch_loss": 0.0005768015398643911, "gradient_norm": 0.1365799754858017, "wall_seconds": 2271.41}
{"event": "update", "epoch": 106, "update": 32475, "batch_loss": 0.0007434729486703873, "gradient_norm": 0.14686475694179535, "wall_seconds": 2272.73}
{"event": "update", "epoch": 106, "update": 32500, "batch_loss": 0.0004793487023562193, "gradient_norm": 0.13281163573265076, "wall_seconds": 2274.04}
{"event": "update", "epoch": 106, "update": 32525, "batch_loss": 0.0004086613771505654, "gradient_norm": 0.06703221797943115, "wall_seconds": 2275.35}
{"event": "update", "epoch": 106, "update": 32550, "batch_loss": 0.0005415554624050856, "gradient_norm": 0.10522113740444183, "wall_seconds": 2276.67}
{"event": "update", "epoch": 106, "update": 32575, "batch_loss": 0.00037750951014459133, "gradient_norm": 0.05340941622853279, "wall_seconds": 2277.99}
{"event": "update", "epoch": 106, "update": 32600, "batch_loss": 0.00039397497312165797, "gradient_norm": 0.08050627261400223, "wall_seconds": 2279.49}
{"event": "update", "epoch": 106, "update": 32625, "batch_loss": 0.0009620494674891233, "gradient_norm": 0.13841572403907776, "wall_seconds": 2281.01}
{"event": "update", "epoch": 106, "update": 32650, "batch_loss": 0.00048726412933319807, "gradient_norm": 0.10576996952295303, "wall_seconds": 2282.53}
{"event": "update", "epoch": 106, "update": 32675, "batch_loss": 0.0010781215969473124, "gradient_norm": 0.1563982218503952, "wall_seconds": 2284.06}
{"event": "update", "epoch": 106, "update": 32700, "batch_loss": 0.0006741674733348191, "gradient_norm": 0.11949480324983597, "wall_seconds": 2285.58}
{"event": "update", "epoch": 106, "update": 32725, "batch_loss": 0.0005136585095897317, "gradient_norm": 0.11111102998256683, "wall_seconds": 2287.09}
{"event": "update", "epoch": 106, "update": 32750, "batch_loss": 0.00033440071274526417, "gradient_norm": 0.08892298489809036, "wall_seconds": 2288.6}
{"event": "epoch", "epoch": 106, "updates": 32754, "seconds": 17.696913247928023, "learning_rate": 3.8966642422877786e-05, "loss": 0.0009033954886987887, "direction_loss": 8.127895648244533e-05, "projection_loss": 0.0008221165341403595, "wall_seconds": 2288.84}
{"event": "update", "epoch": 107, "update": 32775, "batch_loss": 0.0007650171173736453, "gradient_norm": 0.17329682409763336, "wall_seconds": 2290.13}
{"event": "update", "epoch": 107, "update": 32800, "batch_loss": 0.000354686111677438, "gradient_norm": 0.1274215430021286, "wall_seconds": 2291.63}
{"event": "update", "epoch": 107, "update": 32825, "batch_loss": 0.0009213144658133388, "gradient_norm": 0.1616705060005188, "wall_seconds": 2293.15}
{"event": "update", "epoch": 107, "update": 32850, "batch_loss": 0.00084477080963552, "gradient_norm": 0.17302559316158295, "wall_seconds": 2294.65}
{"event": "update", "epoch": 107, "update": 32875, "batch_loss": 0.0002663026098161936, "gradient_norm": 0.063898965716362, "wall_seconds": 2296.15}
{"event": "update", "epoch": 107, "update": 32900, "batch_loss": 0.00029251695377752185, "gradient_norm": 0.05440480634570122, "wall_seconds": 2297.65}
{"event": "update", "epoch": 107, "update": 32925, "batch_loss": 0.00037157873157411814, "gradient_norm": 0.08539887517690659, "wall_seconds": 2299.17}
{"event": "update", "epoch": 107, "update": 32950, "batch_loss": 0.0006814466905780137, "gradient_norm": 0.0832611620426178, "wall_seconds": 2300.7}
{"event": "update", "epoch": 107, "update": 32975, "batch_loss": 0.0006582819041796029, "gradient_norm": 0.12991413474082947, "wall_seconds": 2302.22}
{"event": "update", "epoch": 107, "update": 33000, "batch_loss": 0.0006922221509739757, "gradient_norm": 0.19013512134552002, "wall_seconds": 2303.79}
{"event": "update", "epoch": 107, "update": 33025, "batch_loss": 0.00044885074021294713, "gradient_norm": 0.06547726690769196, "wall_seconds": 2305.32}
{"event": "update", "epoch": 107, "update": 33050, "batch_loss": 0.0005243801861070096, "gradient_norm": 0.07994615286588669, "wall_seconds": 2306.83}
{"event": "epoch", "epoch": 107, "updates": 33063, "seconds": 18.74615975294728, "learning_rate": 3.774339870255594e-05, "loss": 0.0008381071385008251, "direction_loss": 8.396554708166648e-05, "projection_loss": 0.0007541415912161069, "wall_seconds": 2307.61}
{"event": "update", "epoch": 108, "update": 33075, "batch_loss": 0.0004809731326531619, "gradient_norm": 0.08872617781162262, "wall_seconds": 2308.36}
{"event": "update", "epoch": 108, "update": 33100, "batch_loss": 0.0004989664885215461, "gradient_norm": 0.08733803778886795, "wall_seconds": 2309.86}
{"event": "update", "epoch": 108, "update": 33125, "batch_loss": 0.00046711746836081147, "gradient_norm": 0.09361351281404495, "wall_seconds": 2311.35}
{"event": "update", "epoch": 108, "update": 33150, "batch_loss": 0.0011584839085116982, "gradient_norm": 0.23648080229759216, "wall_seconds": 2312.84}
{"event": "update", "epoch": 108, "update": 33175, "batch_loss": 0.0002844899136107415, "gradient_norm": 0.07983501255512238, "wall_seconds": 2314.33}
{"event": "update", "epoch": 108, "update": 33200, "batch_loss": 0.000437732640421018, "gradient_norm": 0.07156335562467575, "wall_seconds": 2315.83}
{"event": "update", "epoch": 108, "update": 33225, "batch_loss": 0.001093379221856594, "gradient_norm": 0.1893143206834793, "wall_seconds": 2317.33}
{"event": "update", "epoch": 108, "update": 33250, "batch_loss": 0.0003498189034871757, "gradient_norm": 0.07258699834346771, "wall_seconds": 2318.86}
{"event": "update", "epoch": 108, "update": 33275, "batch_loss": 0.0004839003668166697, "gradient_norm": 0.12240903079509735, "wall_seconds": 2320.37}
{"event": "update", "epoch": 108, "update": 33300, "batch_loss": 0.0017770077101886272, "gradient_norm": 0.33586424589157104, "wall_seconds": 2321.91}
{"event": "update", "epoch": 108, "update": 33325, "batch_loss": 0.0005397410714067519, "gradient_norm": 0.09246328473091125, "wall_seconds": 2323.44}
{"event": "update", "epoch": 108, "update": 33350, "batch_loss": 0.0008156641852110624, "gradient_norm": 0.17851673066616058, "wall_seconds": 2324.98}
{"event": "epoch", "epoch": 108, "updates": 33372, "seconds": 18.66848028905224, "learning_rate": 3.6607370300154286e-05, "loss": 0.000775781388643969, "direction_loss": 3.8001203723481184e-05, "projection_loss": 0.0007377801848574718, "wall_seconds": 2326.31}
{"event": "update", "epoch": 109, "update": 33375, "batch_loss": 0.00048720143968239427, "gradient_norm": 0.12758606672286987, "wall_seconds": 2326.53}
{"event": "update", "epoch": 109, "update": 33400, "batch_loss": 0.0006261971429921687, "gradient_norm": 0.1389983743429184, "wall_seconds": 2328.06}
{"event": "update", "epoch": 109, "update": 33425, "batch_loss": 0.0006837383261881769, "gradient_norm": 0.1095060482621193, "wall_seconds": 2329.59}
{"event": "update", "epoch": 109, "update": 33450, "batch_loss": 0.0004975246847607195, "gradient_norm": 0.07871636748313904, "wall_seconds": 2331.11}
{"event": "update", "epoch": 109, "update": 33475, "batch_loss": 0.0007096395129337907, "gradient_norm": 0.1590542495250702, "wall_seconds": 2332.67}
{"event": "update", "epoch": 109, "update": 33500, "batch_loss": 0.0012445009779185057, "gradient_norm": 0.12897643446922302, "wall_seconds": 2334.0}
{"event": "update", "epoch": 109, "update": 33525, "batch_loss": 0.0011107076425105333, "gradient_norm": 0.17384091019630432, "wall_seconds": 2335.33}
{"event": "update", "epoch": 109, "update": 33550, "batch_loss": 0.00044757971772924066, "gradient_norm": 0.09341654926538467, "wall_seconds": 2336.69}
{"event": "update", "epoch": 109, "update": 33575, "batch_loss": 0.0004938373458571732, "gradient_norm": 0.10392168164253235, "wall_seconds": 2338.2}
{"event": "update", "epoch": 109, "update": 33600, "batch_loss": 0.001289689913392067, "gradient_norm": 0.3198264539241791, "wall_seconds": 2339.76}
{"event": "update", "epoch": 109, "update": 33625, "batch_loss": 0.000692166737280786, "gradient_norm": 0.07878530770540237, "wall_seconds": 2341.33}
{"event": "update", "epoch": 109, "update": 33650, "batch_loss": 0.0004517705528996885, "gradient_norm": 0.07559116929769516, "wall_seconds": 2342.99}
{"event": "update", "epoch": 109, "update": 33675, "batch_loss": 0.0008536014356650412, "gradient_norm": 0.1844485104084015, "wall_seconds": 2344.52}
{"event": "epoch", "epoch": 109, "updates": 33681, "seconds": 18.542254285886884, "learning_rate": 3.5559335792793964e-05, "loss": 0.0007695339878981803, "direction_loss": 7.207361355673745e-05, "projection_loss": 0.0006974603742288616, "wall_seconds": 2344.89}
{"event": "update", "epoch": 110, "update": 33700, "batch_loss": 0.000906412722542882, "gradient_norm": 0.1636119782924652, "wall_seconds": 2346.04}
{"event": "update", "epoch": 110, "update": 33725, "batch_loss": 0.0006058485014364123, "gradient_norm": 0.13067005574703217, "wall_seconds": 2347.57}
{"event": "update", "epoch": 110, "update": 33750, "batch_loss": 0.00032454164465889335, "gradient_norm": 0.06231215223670006, "wall_seconds": 2349.08}
{"event": "update", "epoch": 110, "update": 33775, "batch_loss": 0.000570132106076926, "gradient_norm": 0.11973895132541656, "wall_seconds": 2350.6}
{"event": "update", "epoch": 110, "update": 33800, "batch_loss": 0.0002408003929303959, "gradient_norm": 0.056506089866161346, "wall_seconds": 2352.13}
{"event": "update", "epoch": 110, "update": 33825, "batch_loss": 0.00044191471533849835, "gradient_norm": 0.13587574660778046, "wall_seconds": 2353.64}
{"event": "update", "epoch": 110, "update": 33850, "batch_loss": 0.0005603863974101841, "gradient_norm": 0.11958475410938263, "wall_seconds": 2355.16}
{"event": "update", "epoch": 110, "update": 33875, "batch_loss": 0.0009516515419818461, "gradient_norm": 0.10435235500335693, "wall_seconds": 2356.7}
{"event": "update", "epoch": 110, "update": 33900, "batch_loss": 0.0003703610273078084, "gradient_norm": 0.08267363160848618, "wall_seconds": 2358.21}
{"event": "update", "epoch": 110, "update": 33925, "batch_loss": 0.0005007234867662191, "gradient_norm": 0.04781578481197357, "wall_seconds": 2359.72}
{"event": "update", "epoch": 110, "update": 33950, "batch_loss": 0.0005881868419237435, "gradient_norm": 0.09398835152387619, "wall_seconds": 2361.25}
{"event": "update", "epoch": 110, "update": 33975, "batch_loss": 0.0002713622525334358, "gradient_norm": 0.06733593344688416, "wall_seconds": 2362.77}
{"event": "epoch", "epoch": 110, "updates": 33990, "seconds": 18.76021511806175, "learning_rate": 3.460001345097579e-05, "loss": 0.0007102305152679143, "direction_loss": 5.260103673169903e-05, "projection_loss": 0.0006576294787537542, "wall_seconds": 2363.68}
{"event": "evaluation", "split": "train", "epoch": 110, "loss": 0.0005375157889451174, "components": {"direction_loss": 2.259217996495309e-05, "projection_loss": 0.000514923608618467}, "mean_angle": 0.17686882344447377, "mean_offset": 0.004033687841550016, "strict_count": 1181, "loose_count": 1230, "samples": 1234, "selection_score": 0.46405708243658644, "wall_seconds": 2375.58}
{"event": "evaluation", "split": "val", "epoch": 110, "loss": 0.5684441002590739, "components": {"direction_loss": 0.4809833179034143, "projection_loss": 0.0874607777222991}, "mean_angle": 25.683229036214033, "mean_offset": 0.061192521259486, "strict_count": 23, "loose_count": 46, "samples": 166, "selection_score": 12.74903162212046, "wall_seconds": 2377.14}
{"event": "update", "epoch": 111, "update": 34000, "batch_loss": 0.00039702904177829623, "gradient_norm": 0.07685340940952301, "wall_seconds": 2377.69}
{"event": "update", "epoch": 111, "update": 34025, "batch_loss": 0.00047880332567729056, "gradient_norm": 0.12737524509429932, "wall_seconds": 2379.02}
{"event": "update", "epoch": 111, "update": 34050, "batch_loss": 0.0005519877304323018, "gradient_norm": 0.14133910834789276, "wall_seconds": 2380.32}
{"event": "update", "epoch": 111, "update": 34075, "batch_loss": 0.0007159355445764959, "gradient_norm": 0.1814773976802826, "wall_seconds": 2381.62}
{"event": "update", "epoch": 111, "update": 34100, "batch_loss": 0.001618436654098332, "gradient_norm": 0.1456768959760666, "wall_seconds": 2382.93}
{"event": "update", "epoch": 111, "update": 34125, "batch_loss": 0.0007634965004399419, "gradient_norm": 0.14947684109210968, "wall_seconds": 2384.23}
{"event": "update", "epoch": 111, "update": 34150, "batch_loss": 0.0004218257963657379, "gradient_norm": 0.10353658348321915, "wall_seconds": 2385.53}
{"event": "update", "epoch": 111, "update": 34175, "batch_loss": 0.00034321940620429814, "gradient_norm": 0.04869149997830391, "wall_seconds": 2386.82}
{"event": "update", "epoch": 111, "update": 34200, "batch_loss": 0.00029738681041635573, "gradient_norm": 0.09253720939159393, "wall_seconds": 2388.12}
{"event": "update", "epoch": 111, "update": 34225, "batch_loss": 0.001294384361244738, "gradient_norm": 0.18636852502822876, "wall_seconds": 2389.42}
{"event": "update", "epoch": 111, "update": 34250, "batch_loss": 0.0013345720944926143, "gradient_norm": 0.1517236828804016, "wall_seconds": 2390.71}
{"event": "update", "epoch": 111, "update": 34275, "batch_loss": 0.0005445787101052701, "gradient_norm": 0.10897482186555862, "wall_seconds": 2392.03}
{"event": "epoch", "epoch": 111, "updates": 34299, "seconds": 16.119750851998106, "learning_rate": 3.373006074631367e-05, "loss": 0.000776423208718905, "direction_loss": 7.937971949403996e-05, "projection_loss": 0.0006970434914330984, "wall_seconds": 2393.29}
{"event": "update", "epoch": 112, "update": 34300, "batch_loss": 0.0002656719007063657, "gradient_norm": 0.039408862590789795, "wall_seconds": 2393.37}
{"event": "update", "epoch": 112, "update": 34325, "batch_loss": 0.0015590443508699536, "gradient_norm": 0.17780974507331848, "wall_seconds": 2394.73}
{"event": "update", "epoch": 112, "update": 34350, "batch_loss": 0.0005454759811982512, "gradient_norm": 0.09318908303976059, "wall_seconds": 2396.26}
{"event": "update", "epoch": 112, "update": 34375, "batch_loss": 0.0004544499679468572, "gradient_norm": 0.05862310901284218, "wall_seconds": 2397.79}
{"event": "update", "epoch": 112, "update": 34400, "batch_loss": 0.0005656600696966052, "gradient_norm": 0.07598497718572617, "wall_seconds": 2399.29}
{"event": "update", "epoch": 112, "update": 34425, "batch_loss": 0.0005148033960722387, "gradient_norm": 0.11307767033576965, "wall_seconds": 2400.81}
{"event": "update", "epoch": 112, "update": 34450, "batch_loss": 0.0005111084319651127, "gradient_norm": 0.09930761903524399, "wall_seconds": 2402.33}
{"event": "update", "epoch": 112, "update": 34475, "batch_loss": 0.0007148403092287481, "gradient_norm": 0.14109069108963013, "wall_seconds": 2403.84}
{"event": "update", "epoch": 112, "update": 34500, "batch_loss": 0.0012208925327286124, "gradient_norm": 0.25276243686676025, "wall_seconds": 2405.36}
{"event": "update", "epoch": 112, "update": 34525, "batch_loss": 0.00033846843871288, "gradient_norm": 0.09885764122009277, "wall_seconds": 2406.88}
{"event": "update", "epoch": 112, "update": 34550, "batch_loss": 0.000880825100466609, "gradient_norm": 0.17562785744667053, "wall_seconds": 2408.41}
{"event": "update", "epoch": 112, "update": 34575, "batch_loss": 0.0006503860931843519, "gradient_norm": 0.13655917346477509, "wall_seconds": 2409.93}
{"event": "update", "epoch": 112, "update": 34600, "batch_loss": 0.000494222913403064, "gradient_norm": 0.11250372231006622, "wall_seconds": 2411.45}
{"event": "epoch", "epoch": 112, "updates": 34608, "seconds": 18.625221592956223, "learning_rate": 3.2950073900936234e-05, "loss": 0.0007525837167567683, "direction_loss": 6.338184881326893e-05, "projection_loss": 0.0006892018662984491, "wall_seconds": 2411.94}
{"event": "update", "epoch": 113, "update": 34625, "batch_loss": 0.00048362000961788, "gradient_norm": 0.0828838124871254, "wall_seconds": 2413.0}
{"event": "update", "epoch": 113, "update": 34650, "batch_loss": 0.00029183801962062716, "gradient_norm": 0.05294360965490341, "wall_seconds": 2414.54}
{"event": "update", "epoch": 113, "update": 34675, "batch_loss": 0.00041984798735938966, "gradient_norm": 0.05914532020688057, "wall_seconds": 2416.07}
{"event": "update", "epoch": 113, "update": 34700, "batch_loss": 0.0012635139282792807, "gradient_norm": 0.24590851366519928, "wall_seconds": 2417.58}
{"event": "update", "epoch": 113, "update": 34725, "batch_loss": 0.001012430409900844, "gradient_norm": 0.23525042831897736, "wall_seconds": 2419.1}
{"event": "update", "epoch": 113, "update": 34750, "batch_loss": 0.00034303986467421055, "gradient_norm": 0.09017935395240784, "wall_seconds": 2420.53}
{"event": "update", "epoch": 113, "update": 34775, "batch_loss": 0.0010343319736421108, "gradient_norm": 0.21665829420089722, "wall_seconds": 2421.85}
{"event": "update", "epoch": 113, "update": 34800, "batch_loss": 0.0009491816163063049, "gradient_norm": 0.1382749080657959, "wall_seconds": 2423.17}
{"event": "update", "epoch": 113, "update": 34825, "batch_loss": 0.0009526176727376878, "gradient_norm": 0.21193479001522064, "wall_seconds": 2424.49}
{"event": "update", "epoch": 113, "update": 34850, "batch_loss": 0.00025102062500081956, "gradient_norm": 0.05570696294307709, "wall_seconds": 2425.82}
{"event": "update", "epoch": 113, "update": 34875, "batch_loss": 0.0005300846532918513, "gradient_norm": 0.08367948979139328, "wall_seconds": 2427.14}
{"event": "update", "epoch": 113, "update": 34900, "batch_loss": 0.0004516344633884728, "gradient_norm": 0.07361285388469696, "wall_seconds": 2428.45}
{"event": "epoch", "epoch": 113, "updates": 34917, "seconds": 17.382991138030775, "learning_rate": 3.2260587478866145e-05, "loss": 0.0007099048277918654, "direction_loss": 4.399781793078488e-05, "projection_loss": 0.0006659070122402125, "wall_seconds": 2429.35}
{"event": "update", "epoch": 114, "update": 34925, "batch_loss": 0.002513463841751218, "gradient_norm": 0.17435041069984436, "wall_seconds": 2429.8}
{"event": "update", "epoch": 114, "update": 34950, "batch_loss": 0.0006108662346377969, "gradient_norm": 0.07820954918861389, "wall_seconds": 2431.13}
{"event": "update", "epoch": 114, "update": 34975, "batch_loss": 0.0005528379115276039, "gradient_norm": 0.18607181310653687, "wall_seconds": 2432.47}
{"event": "update", "epoch": 114, "update": 35000, "batch_loss": 0.0005768967675976455, "gradient_norm": 0.05818694829940796, "wall_seconds": 2433.79}
{"event": "update", "epoch": 114, "update": 35025, "batch_loss": 0.0012160219484940171, "gradient_norm": 0.2129446566104889, "wall_seconds": 2435.11}
{"event": "update", "epoch": 114, "update": 35050, "batch_loss": 0.00029394988087005913, "gradient_norm": 0.0657576471567154, "wall_seconds": 2436.41}
{"event": "update", "epoch": 114, "update": 35075, "batch_loss": 0.00023072503972798586, "gradient_norm": 0.05326874554157257, "wall_seconds": 2437.72}
{"event": "update", "epoch": 114, "update": 35100, "batch_loss": 0.0007393952109850943, "gradient_norm": 0.13570068776607513, "wall_seconds": 2439.02}
{"event": "update", "epoch": 114, "update": 35125, "batch_loss": 0.0008068772731348872, "gradient_norm": 0.14891554415225983, "wall_seconds": 2440.33}
{"event": "update", "epoch": 114, "update": 35150, "batch_loss": 0.00034391708322800696, "gradient_norm": 0.07935359328985214, "wall_seconds": 2441.64}
{"event": "update", "epoch": 114, "update": 35175, "batch_loss": 0.0007007785607129335, "gradient_norm": 0.14759859442710876, "wall_seconds": 2442.94}
{"event": "update", "epoch": 114, "update": 35200, "batch_loss": 0.00043649313738569617, "gradient_norm": 0.0816587284207344, "wall_seconds": 2444.25}
{"event": "update", "epoch": 114, "update": 35225, "batch_loss": 0.0010430160909891129, "gradient_norm": 0.22373510897159576, "wall_seconds": 2445.55}
{"event": "epoch", "epoch": 114, "updates": 35226, "seconds": 16.230093389051035, "learning_rate": 3.166207401965642e-05, "loss": 0.0007351921098001115, "direction_loss": 5.109543048445783e-05, "projection_loss": 0.0006840966773601294, "wall_seconds": 2445.61}
{"event": "update", "epoch": 115, "update": 35250, "batch_loss": 0.000429258041549474, "gradient_norm": 0.07155656814575195, "wall_seconds": 2446.89}
{"event": "update", "epoch": 115, "update": 35275, "batch_loss": 0.0002696664014365524, "gradient_norm": 0.07561279833316803, "wall_seconds": 2448.21}
{"event": "update", "epoch": 115, "update": 35300, "batch_loss": 0.0002793366729747504, "gradient_norm": 0.08185642212629318, "wall_seconds": 2449.52}
{"event": "update", "epoch": 115, "update": 35325, "batch_loss": 0.0003468281647656113, "gradient_norm": 0.04512389004230499, "wall_seconds": 2450.83}
{"event": "update", "epoch": 115, "update": 35350, "batch_loss": 0.0004244338197167963, "gradient_norm": 0.10939749330282211, "wall_seconds": 2452.14}
{"event": "update", "epoch": 115, "update": 35375, "batch_loss": 0.0004769591032527387, "gradient_norm": 0.1248067170381546, "wall_seconds": 2453.46}
{"event": "update", "epoch": 115, "update": 35400, "batch_loss": 0.0007273351075127721, "gradient_norm": 0.1608821451663971, "wall_seconds": 2454.76}
{"event": "update", "epoch": 115, "update": 35425, "batch_loss": 0.00046303769340738654, "gradient_norm": 0.11800738424062729, "wall_seconds": 2456.09}
{"event": "update", "epoch": 115, "update": 35450, "batch_loss": 0.00034336524549871683, "gradient_norm": 0.12711456418037415, "wall_seconds": 2457.39}
{"event": "update", "epoch": 115, "update": 35475, "batch_loss": 0.00017454184126108885, "gradient_norm": 0.030137931928038597, "wall_seconds": 2458.71}
{"event": "update", "epoch": 115, "update": 35500, "batch_loss": 0.0004810527025256306, "gradient_norm": 0.07464208453893661, "wall_seconds": 2460.03}
{"event": "update", "epoch": 115, "update": 35525, "batch_loss": 0.000459314847830683, "gradient_norm": 0.07072410732507706, "wall_seconds": 2461.34}
{"event": "epoch", "epoch": 115, "updates": 35535, "seconds": 16.23429620801471, "learning_rate": 3.11549437145356e-05, "loss": 0.0015754847846471674, "direction_loss": 0.0009240173077252718, "projection_loss": 0.0006514675050145212, "wall_seconds": 2461.87}
{"event": "evaluation", "split": "train", "epoch": 115, "loss": 0.0004658458360645926, "components": {"direction_loss": 2.2313043624791684e-05, "projection_loss": 0.00044353279383057604}, "mean_angle": 0.1640395527623286, "mean_offset": 0.0033187105363342235, "strict_count": 1195, "loose_count": 1226, "samples": 1234, "selection_score": 0.398905065862332, "wall_seconds": 2473.47}
{"event": "evaluation", "split": "val", "epoch": 115, "loss": 0.5738844925324511, "components": {"direction_loss": 0.4866336694193081, "projection_loss": 0.08725082382829075}, "mean_angle": 25.85164464728525, "mean_offset": 0.06160507956589853, "strict_count": 25, "loose_count": 44, "samples": 166, "selection_score": 12.850757551196692, "wall_seconds": 2475.05}
{"event": "update", "epoch": 116, "update": 35550, "batch_loss": 0.00044049922144040465, "gradient_norm": 0.08800514787435532, "wall_seconds": 2475.87}
{"event": "update", "epoch": 116, "update": 35575, "batch_loss": 0.000542975147254765, "gradient_norm": 0.08841405808925629, "wall_seconds": 2477.19}
{"event": "update", "epoch": 116, "update": 35600, "batch_loss": 0.0010118895443156362, "gradient_norm": 0.10268232226371765, "wall_seconds": 2478.51}
{"event": "update", "epoch": 116, "update": 35625, "batch_loss": 0.00022551126312464476, "gradient_norm": 0.05638355761766434, "wall_seconds": 2479.85}
{"event": "update", "epoch": 116, "update": 35650, "batch_loss": 0.0004909602575935423, "gradient_norm": 0.05537844076752663, "wall_seconds": 2481.17}
{"event": "update", "epoch": 116, "update": 35675, "batch_loss": 0.0005642534233629704, "gradient_norm": 0.1157219260931015, "wall_seconds": 2482.66}
{"event": "update", "epoch": 116, "update": 35700, "batch_loss": 0.00026129611069336534, "gradient_norm": 0.03714367374777794, "wall_seconds": 2484.18}
{"event": "update", "epoch": 116, "update": 35725, "batch_loss": 0.00038124152342788875, "gradient_norm": 0.06150761991739273, "wall_seconds": 2485.66}
{"event": "update", "epoch": 116, "update": 35750, "batch_loss": 0.00038391625275835395, "gradient_norm": 0.08542963117361069, "wall_seconds": 2487.15}
{"event": "update", "epoch": 116, "update": 35775, "batch_loss": 0.00033460836857557297, "gradient_norm": 0.10843824595212936, "wall_seconds": 2488.64}
{"event": "update", "epoch": 116, "update": 35800, "batch_loss": 0.0006655019242316484, "gradient_norm": 0.09799007326364517, "wall_seconds": 2490.14}
{"event": "update", "epoch": 116, "update": 35825, "batch_loss": 0.0008593935053795576, "gradient_norm": 0.22690977156162262, "wall_seconds": 2491.65}
{"event": "epoch", "epoch": 116, "updates": 35844, "seconds": 17.69978462299332, "learning_rate": 3.073954412528309e-05, "loss": 0.0006772972260072761, "direction_loss": 4.205830298677447e-05, "projection_loss": 0.000635238922453173, "wall_seconds": 2492.77}
{"event": "update", "epoch": 117, "update": 35850, "batch_loss": 0.0001722034066915512, "gradient_norm": 0.029956629499793053, "wall_seconds": 2493.16}
{"event": "update", "epoch": 117, "update": 35875, "batch_loss": 0.001519987708888948, "gradient_norm": 0.2307346910238266, "wall_seconds": 2494.66}
{"event": "update", "epoch": 117, "update": 35900, "batch_loss": 0.0009420159040018916, "gradient_norm": 0.18774430453777313, "wall_seconds": 2496.17}
{"event": "update", "epoch": 117, "update": 35925, "batch_loss": 0.0011674882844090462, "gradient_norm": 0.15593118965625763, "wall_seconds": 2497.67}
{"event": "update", "epoch": 117, "update": 35950, "batch_loss": 0.0020277511794120073, "gradient_norm": 0.44565191864967346, "wall_seconds": 2499.19}
{"event": "update", "epoch": 117, "update": 35975, "batch_loss": 0.0003907619684468955, "gradient_norm": 0.13495953381061554, "wall_seconds": 2500.7}
{"event": "update", "epoch": 117, "update": 36000, "batch_loss": 0.00018479816208127886, "gradient_norm": 0.0426187627017498, "wall_seconds": 2502.22}
{"event": "update", "epoch": 117, "update": 36025, "batch_loss": 0.0002106114407069981, "gradient_norm": 0.02498442865908146, "wall_seconds": 2503.74}
{"event": "update", "epoch": 117, "update": 36050, "batch_loss": 0.001733303302899003, "gradient_norm": 0.3948841094970703, "wall_seconds": 2505.25}
{"event": "update", "epoch": 117, "update": 36075, "batch_loss": 0.000589213625062257, "gradient_norm": 0.11988391727209091, "wall_seconds": 2506.75}
{"event": "update", "epoch": 117, "update": 36100, "batch_loss": 0.0003687677381094545, "gradient_norm": 0.08881072700023651, "wall_seconds": 2508.27}
{"event": "update", "epoch": 117, "update": 36125, "batch_loss": 0.00023337564198300242, "gradient_norm": 0.03336923569440842, "wall_seconds": 2509.77}
{"event": "update", "epoch": 117, "update": 36150, "batch_loss": 0.0003949525998905301, "gradient_norm": 0.05996759980916977, "wall_seconds": 2511.28}
{"event": "epoch", "epoch": 117, "updates": 36153, "seconds": 18.658875233028084, "learning_rate": 3.0416159946027724e-05, "loss": 0.0007062212394145159, "direction_loss": 4.869559689403375e-05, "projection_loss": 0.0006575256421829226, "wall_seconds": 2511.46}
{"event": "update", "epoch": 118, "update": 36175, "batch_loss": 0.0002615540288388729, "gradient_norm": 0.04327179118990898, "wall_seconds": 2512.82}
{"event": "update", "epoch": 118, "update": 36200, "batch_loss": 0.001301279873587191, "gradient_norm": 0.15603356063365936, "wall_seconds": 2514.33}
{"event": "update", "epoch": 118, "update": 36225, "batch_loss": 0.00043588364496827126, "gradient_norm": 0.08765756338834763, "wall_seconds": 2515.83}
{"event": "update", "epoch": 118, "update": 36250, "batch_loss": 0.0007180774118751287, "gradient_norm": 0.13349542021751404, "wall_seconds": 2517.34}
{"event": "update", "epoch": 118, "update": 36275, "batch_loss": 0.001581783639267087, "gradient_norm": 0.22715096175670624, "wall_seconds": 2518.85}
{"event": "update", "epoch": 118, "update": 36300, "batch_loss": 0.0013885311782360077, "gradient_norm": 0.2333550602197647, "wall_seconds": 2520.36}
{"event": "update", "epoch": 118, "update": 36325, "batch_loss": 0.0005380634684115648, "gradient_norm": 0.060783661901950836, "wall_seconds": 2521.9}
{"event": "update", "epoch": 118, "update": 36350, "batch_loss": 0.0005995280807837844, "gradient_norm": 0.09962841868400574, "wall_seconds": 2523.42}
{"event": "update", "epoch": 118, "update": 36375, "batch_loss": 0.00036923939478583634, "gradient_norm": 0.06440385431051254, "wall_seconds": 2524.93}
{"event": "update", "epoch": 118, "update": 36400, "batch_loss": 0.0008960209670476615, "gradient_norm": 0.23481030762195587, "wall_seconds": 2526.45}
{"event": "update", "epoch": 118, "update": 36425, "batch_loss": 0.0009558796300552785, "gradient_norm": 0.1718921959400177, "wall_seconds": 2527.96}
{"event": "update", "epoch": 118, "update": 36450, "batch_loss": 0.0005450868047773838, "gradient_norm": 0.09639984369277954, "wall_seconds": 2529.46}
{"event": "epoch", "epoch": 118, "updates": 36462, "seconds": 18.68476304493379, "learning_rate": 3.018501280813253e-05, "loss": 0.0007176345228257165, "direction_loss": 5.851675061478453e-05, "projection_loss": 0.0006591177714733495, "wall_seconds": 2530.17}
{"event": "update", "epoch": 119, "update": 36475, "batch_loss": 0.0006689585861749947, "gradient_norm": 0.1491309404373169, "wall_seconds": 2530.98}
{"event": "update", "epoch": 119, "update": 36500, "batch_loss": 0.0007271117647178471, "gradient_norm": 0.23338152468204498, "wall_seconds": 2532.48}
{"event": "update", "epoch": 119, "update": 36525, "batch_loss": 0.003470925847068429, "gradient_norm": 0.6316745281219482, "wall_seconds": 2533.99}
{"event": "update", "epoch": 119, "update": 36550, "batch_loss": 0.0006710745510645211, "gradient_norm": 0.07610881328582764, "wall_seconds": 2535.49}
{"event": "update", "epoch": 119, "update": 36575, "batch_loss": 0.0013762542512267828, "gradient_norm": 0.23523728549480438, "wall_seconds": 2536.99}
{"event": "update", "epoch": 119, "update": 36600, "batch_loss": 0.0005150295910425484, "gradient_norm": 0.09077763557434082, "wall_seconds": 2538.49}
{"event": "update", "epoch": 119, "update": 36625, "batch_loss": 0.00019801651069428772, "gradient_norm": 0.03796331584453583, "wall_seconds": 2539.99}
{"event": "update", "epoch": 119, "update": 36650, "batch_loss": 0.0004929493879899383, "gradient_norm": 0.07237028330564499, "wall_seconds": 2541.34}
{"event": "update", "epoch": 119, "update": 36675, "batch_loss": 0.0011154740350320935, "gradient_norm": 0.17424823343753815, "wall_seconds": 2542.65}
{"event": "update", "epoch": 119, "update": 36700, "batch_loss": 0.000605855486355722, "gradient_norm": 0.13358694314956665, "wall_seconds": 2543.96}
{"event": "update", "epoch": 119, "update": 36725, "batch_loss": 0.0002598961291369051, "gradient_norm": 0.07473891973495483, "wall_seconds": 2545.28}
{"event": "update", "epoch": 119, "update": 36750, "batch_loss": 0.0005387049750424922, "gradient_norm": 0.07403329014778137, "wall_seconds": 2546.66}
{"event": "epoch", "epoch": 119, "updates": 36771, "seconds": 17.729069708031602, "learning_rate": 3.004626112829977e-05, "loss": 0.0006676876733613139, "direction_loss": 4.859840158138907e-05, "projection_loss": 0.0006190892696215332, "wall_seconds": 2547.93}
{"event": "update", "epoch": 120, "update": 36775, "batch_loss": 0.000548725132830441, "gradient_norm": 0.10642964392900467, "wall_seconds": 2548.2}
{"event": "update", "epoch": 120, "update": 36800, "batch_loss": 0.000897384190466255, "gradient_norm": 0.18468046188354492, "wall_seconds": 2549.71}
{"event": "update", "epoch": 120, "update": 36825, "batch_loss": 0.00032896274933591485, "gradient_norm": 0.04665278643369675, "wall_seconds": 2551.22}
{"event": "update", "epoch": 120, "update": 36850, "batch_loss": 0.0009356153314001858, "gradient_norm": 0.25111210346221924, "wall_seconds": 2552.63}
{"event": "update", "epoch": 120, "update": 36875, "batch_loss": 0.0002626222267281264, "gradient_norm": 0.08714070171117783, "wall_seconds": 2553.94}
{"event": "update", "epoch": 120, "update": 36900, "batch_loss": 0.0007894170703366399, "gradient_norm": 0.15045900642871857, "wall_seconds": 2555.25}
{"event": "update", "epoch": 120, "update": 36925, "batch_loss": 0.0010160221718251705, "gradient_norm": 0.1611565500497818, "wall_seconds": 2556.57}
{"event": "update", "epoch": 120, "update": 36950, "batch_loss": 0.0004579780506901443, "gradient_norm": 0.05822622776031494, "wall_seconds": 2558.08}
{"event": "update", "epoch": 120, "update": 36975, "batch_loss": 0.00023531792976427823, "gradient_norm": 0.06135183200240135, "wall_seconds": 2559.59}
{"event": "update", "epoch": 120, "update": 37000, "batch_loss": 0.00037593950401060283, "gradient_norm": 0.07372885197401047, "wall_seconds": 2561.12}
{"event": "update", "epoch": 120, "update": 37025, "batch_loss": 0.00024319863587152213, "gradient_norm": 0.05025618150830269, "wall_seconds": 2562.64}
{"event": "update", "epoch": 120, "update": 37050, "batch_loss": 0.0005480978870764375, "gradient_norm": 0.06970961391925812, "wall_seconds": 2564.16}
{"event": "update", "epoch": 120, "update": 37075, "batch_loss": 0.0005631712265312672, "gradient_norm": 0.10694637894630432, "wall_seconds": 2565.69}
{"event": "epoch", "epoch": 120, "updates": 37080, "seconds": 18.026389181963168, "learning_rate": 3e-05, "loss": 0.0006894461223889577, "direction_loss": 3.32207521799391e-05, "projection_loss": 0.0006562253698307381, "wall_seconds": 2565.99}
{"event": "evaluation", "split": "train", "epoch": 120, "loss": 0.0004486479576232932, "components": {"direction_loss": 1.8879063419274613e-05, "projection_loss": 0.0004297688945052795}, "mean_angle": 0.1515734852156266, "mean_offset": 0.003305253066699703, "strict_count": 1189, "loose_count": 1227, "samples": 1234, "selection_score": 0.37482241772080355, "wall_seconds": 2577.87}
{"event": "evaluation", "split": "val", "epoch": 120, "loss": 0.5724695675995156, "components": {"direction_loss": 0.4845936307567435, "projection_loss": 0.08787594125213394}, "mean_angle": 25.645354859856326, "mean_offset": 0.06178255849893076, "strict_count": 24, "loose_count": 47, "samples": 166, "selection_score": 12.822345078938977, "wall_seconds": 2579.45}
{"event": "complete", "epochs": 120, "best_validation_score": 12.0211289055859, "wall_seconds": 2579.48}
