{"event": "verify_geometry", "files": 2195, "wall_seconds": 0.03}
{"event": "prepare_inputs", "split": "train", "samples": 100, "total": 1234, "wall_seconds": 4.69}
{"event": "prepare_inputs", "split": "train", "samples": 200, "total": 1234, "wall_seconds": 9.93}
{"event": "prepare_inputs", "split": "train", "samples": 300, "total": 1234, "wall_seconds": 13.79}
{"event": "prepare_inputs", "split": "train", "samples": 400, "total": 1234, "wall_seconds": 18.78}
{"event": "prepare_inputs", "split": "train", "samples": 500, "total": 1234, "wall_seconds": 23.14}
{"event": "prepare_inputs", "split": "train", "samples": 600, "total": 1234, "wall_seconds": 27.18}
{"event": "prepare_inputs", "split": "train", "samples": 700, "total": 1234, "wall_seconds": 31.65}
{"event": "prepare_inputs", "split": "train", "samples": 800, "total": 1234, "wall_seconds": 34.87}
{"event": "prepare_inputs", "split": "train", "samples": 900, "total": 1234, "wall_seconds": 38.8}
{"event": "prepare_inputs", "split": "train", "samples": 1000, "total": 1234, "wall_seconds": 42.95}
{"event": "prepare_inputs", "split": "train", "samples": 1100, "total": 1234, "wall_seconds": 47.51}
{"event": "prepare_inputs", "split": "train", "samples": 1200, "total": 1234, "wall_seconds": 51.64}
{"event": "prepare_inputs", "split": "train", "samples": 1234, "total": 1234, "wall_seconds": 53.07}
{"event": "prepare_inputs", "split": "val", "samples": 100, "total": 166, "wall_seconds": 59.13}
{"event": "prepare_inputs", "split": "val", "samples": 166, "total": 166, "wall_seconds": 61.83}
{"event": "preflight_pass", "parameters": 915846, "samples": {"train": 1234, "val": 166}, "wall_seconds": 62.53}
{"event": "evaluation", "split": "val", "epoch": 0, "loss": 1.2841475017099495, "components": {"direction_loss": 1.055598298918052, "projection_loss": 0.2285492041383881}, "mean_angle": 54.2916262968477, "mean_offset": 0.11354398919852922, "strict_count": 0, "loose_count": 0, "samples": 166, "selection_score": 25.92968873109063, "wall_seconds": 64.76}
{"event": "update", "epoch": 1, "update": 1, "batch_loss": 1.362224817276001, "gradient_norm": 4.469607830047607, "wall_seconds": 64.98}
{"event": "update", "epoch": 1, "update": 25, "batch_loss": 1.1883918046951294, "gradient_norm": 3.5579874515533447, "wall_seconds": 66.25}
{"event": "update", "epoch": 1, "update": 50, "batch_loss": 1.1746320724487305, "gradient_norm": 4.441386699676514, "wall_seconds": 67.58}
{"event": "update", "epoch": 1, "update": 75, "batch_loss": 1.019942283630371, "gradient_norm": 2.963521957397461, "wall_seconds": 68.9}
{"event": "update", "epoch": 1, "update": 100, "batch_loss": 1.0733160972595215, "gradient_norm": 1.350800633430481, "wall_seconds": 70.23}
{"event": "update", "epoch": 1, "update": 125, "batch_loss": 0.752861499786377, "gradient_norm": 3.926011800765991, "wall_seconds": 71.57}
{"event": "update", "epoch": 1, "update": 150, "batch_loss": 1.1209118366241455, "gradient_norm": 1.5751417875289917, "wall_seconds": 72.93}
{"event": "update", "epoch": 1, "update": 175, "batch_loss": 1.2114566564559937, "gradient_norm": 2.9644618034362793, "wall_seconds": 74.27}
{"event": "update", "epoch": 1, "update": 200, "batch_loss": 1.2308273315429688, "gradient_norm": 2.8184902667999268, "wall_seconds": 75.61}
{"event": "update", "epoch": 1, "update": 225, "batch_loss": 0.7766525745391846, "gradient_norm": 1.5706216096878052, "wall_seconds": 76.94}
{"event": "update", "epoch": 1, "update": 250, "batch_loss": 0.8791810274124146, "gradient_norm": 1.6830323934555054, "wall_seconds": 78.26}
{"event": "update", "epoch": 1, "update": 275, "batch_loss": 1.0738439559936523, "gradient_norm": 1.8429449796676636, "wall_seconds": 79.59}
{"event": "update", "epoch": 1, "update": 300, "batch_loss": 0.9202650785446167, "gradient_norm": 3.2321484088897705, "wall_seconds": 80.92}
{"event": "epoch", "epoch": 1, "updates": 309, "seconds": 16.643844138015993, "learning_rate": 0.0002999537388717002, "loss": 1.0477850498990842, "direction_loss": 0.8815917623873855, "projection_loss": 0.16619328862264438, "wall_seconds": 81.4}
{"event": "update", "epoch": 2, "update": 325, "batch_loss": 0.9131509065628052, "gradient_norm": 3.2788116931915283, "wall_seconds": 82.27}
{"event": "update", "epoch": 2, "update": 350, "batch_loss": 1.1321640014648438, "gradient_norm": 4.389031887054443, "wall_seconds": 83.59}
{"event": "update", "epoch": 2, "update": 375, "batch_loss": 1.0907542705535889, "gradient_norm": 1.4171358346939087, "wall_seconds": 84.91}
{"event": "update", "epoch": 2, "update": 400, "batch_loss": 1.1330416202545166, "gradient_norm": 2.4727776050567627, "wall_seconds": 86.23}
{"event": "update", "epoch": 2, "update": 425, "batch_loss": 1.005372405052185, "gradient_norm": 3.1964550018310547, "wall_seconds": 87.56}
{"event": "update", "epoch": 2, "update": 450, "batch_loss": 0.793840765953064, "gradient_norm": 3.3090226650238037, "wall_seconds": 88.9}
{"event": "update", "epoch": 2, "update": 475, "batch_loss": 0.7460500001907349, "gradient_norm": 8.763790130615234, "wall_seconds": 90.24}
{"event": "update", "epoch": 2, "update": 500, "batch_loss": 0.7963477373123169, "gradient_norm": 3.1467220783233643, "wall_seconds": 91.58}
{"event": "update", "epoch": 2, "update": 525, "batch_loss": 1.0756622552871704, "gradient_norm": 4.372195243835449, "wall_seconds": 92.92}
{"event": "update", "epoch": 2, "update": 550, "batch_loss": 1.1217021942138672, "gradient_norm": 4.068399906158447, "wall_seconds": 94.27}
{"event": "update", "epoch": 2, "update": 575, "batch_loss": 0.6606005430221558, "gradient_norm": 3.4781136512756348, "wall_seconds": 95.82}
{"event": "update", "epoch": 2, "update": 600, "batch_loss": 1.0174109935760498, "gradient_norm": 3.7867910861968994, "wall_seconds": 97.33}
{"event": "epoch", "epoch": 2, "updates": 618, "seconds": 17.004182523931377, "learning_rate": 0.00029981498719186745, "loss": 1.0074090993385068, "direction_loss": 0.8531536217446845, "projection_loss": 0.1542554777870302, "wall_seconds": 98.43}
{"event": "update", "epoch": 3, "update": 625, "batch_loss": 0.6564724445343018, "gradient_norm": 2.640223503112793, "wall_seconds": 98.89}
{"event": "update", "epoch": 3, "update": 650, "batch_loss": 0.8056579828262329, "gradient_norm": 2.851717710494995, "wall_seconds": 100.43}
{"event": "update", "epoch": 3, "update": 675, "batch_loss": 1.201546549797058, "gradient_norm": 3.1672396659851074, "wall_seconds": 101.95}
{"event": "update", "epoch": 3, "update": 700, "batch_loss": 1.0963740348815918, "gradient_norm": 3.623316764831543, "wall_seconds": 103.5}
{"event": "update", "epoch": 3, "update": 725, "batch_loss": 1.474590539932251, "gradient_norm": 2.8335678577423096, "wall_seconds": 105.02}
{"event": "update", "epoch": 3, "update": 750, "batch_loss": 1.1351568698883057, "gradient_norm": 3.100179433822632, "wall_seconds": 106.57}
{"event": "update", "epoch": 3, "update": 775, "batch_loss": 0.5334662199020386, "gradient_norm": 2.521160840988159, "wall_seconds": 108.13}
{"event": "update", "epoch": 3, "update": 800, "batch_loss": 0.9313545227050781, "gradient_norm": 3.308509111404419, "wall_seconds": 109.67}
{"event": "update", "epoch": 3, "update": 825, "batch_loss": 1.4483046531677246, "gradient_norm": 4.958224296569824, "wall_seconds": 111.21}
{"event": "update", "epoch": 3, "update": 850, "batch_loss": 0.7050928473472595, "gradient_norm": 3.712648868560791, "wall_seconds": 112.73}
{"event": "update", "epoch": 3, "update": 875, "batch_loss": 0.6695371270179749, "gradient_norm": 2.31990909576416, "wall_seconds": 114.27}
{"event": "update", "epoch": 3, "update": 900, "batch_loss": 1.1267905235290527, "gradient_norm": 5.88368034362793, "wall_seconds": 115.78}
{"event": "update", "epoch": 3, "update": 925, "batch_loss": 1.2177648544311523, "gradient_norm": 3.306095600128174, "wall_seconds": 117.3}
{"event": "epoch", "epoch": 3, "updates": 927, "seconds": 18.959370134980418, "learning_rate": 0.0002995838400539723, "loss": 0.8876655753852869, "direction_loss": 0.7406554914274324, "projection_loss": 0.1470100837042691, "wall_seconds": 117.42}
{"event": "update", "epoch": 4, "update": 950, "batch_loss": 1.4582549333572388, "gradient_norm": 1.947769284248352, "wall_seconds": 118.85}
{"event": "update", "epoch": 4, "update": 975, "batch_loss": 1.3333728313446045, "gradient_norm": 6.279203414916992, "wall_seconds": 120.37}
{"event": "update", "epoch": 4, "update": 1000, "batch_loss": 0.8008252382278442, "gradient_norm": 3.5466763973236084, "wall_seconds": 121.89}
{"event": "update", "epoch": 4, "update": 1025, "batch_loss": 0.9980877637863159, "gradient_norm": 5.06946325302124, "wall_seconds": 123.41}
{"event": "update", "epoch": 4, "update": 1050, "batch_loss": 1.0423846244812012, "gradient_norm": 4.231298923492432, "wall_seconds": 124.94}
{"event": "update", "epoch": 4, "update": 1075, "batch_loss": 0.9926408529281616, "gradient_norm": 4.389459133148193, "wall_seconds": 126.46}
{"event": "update", "epoch": 4, "update": 1100, "batch_loss": 0.5464787483215332, "gradient_norm": 2.943478584289551, "wall_seconds": 128.0}
{"event": "update", "epoch": 4, "update": 1125, "batch_loss": 0.610485315322876, "gradient_norm": 3.0774612426757812, "wall_seconds": 129.54}
{"event": "update", "epoch": 4, "update": 1150, "batch_loss": 0.6658419370651245, "gradient_norm": 5.236871242523193, "wall_seconds": 131.11}
{"event": "update", "epoch": 4, "update": 1175, "batch_loss": 1.127414345741272, "gradient_norm": 5.089662551879883, "wall_seconds": 132.62}
{"event": "update", "epoch": 4, "update": 1200, "batch_loss": 1.2713199853897095, "gradient_norm": 12.242116928100586, "wall_seconds": 134.13}
{"event": "update", "epoch": 4, "update": 1225, "batch_loss": 0.727052628993988, "gradient_norm": 8.839483261108398, "wall_seconds": 135.66}
{"event": "epoch", "epoch": 4, "updates": 1236, "seconds": 18.888375626993366, "learning_rate": 0.0002992604558747169, "loss": 0.8105587210608842, "direction_loss": 0.6697942071399581, "projection_loss": 0.1407645128945091, "wall_seconds": 136.34}
{"event": "update", "epoch": 5, "update": 1250, "batch_loss": 0.8064000606536865, "gradient_norm": 2.6439883708953857, "wall_seconds": 137.22}
{"event": "update", "epoch": 5, "update": 1275, "batch_loss": 0.6548278331756592, "gradient_norm": 2.5524442195892334, "wall_seconds": 138.74}
{"event": "update", "epoch": 5, "update": 1300, "batch_loss": 0.5970076322555542, "gradient_norm": 2.470146656036377, "wall_seconds": 140.26}
{"event": "update", "epoch": 5, "update": 1325, "batch_loss": 0.7036239504814148, "gradient_norm": 3.269313097000122, "wall_seconds": 141.78}
{"event": "update", "epoch": 5, "update": 1350, "batch_loss": 0.937393307685852, "gradient_norm": 4.59367561340332, "wall_seconds": 143.3}
{"event": "update", "epoch": 5, "update": 1375, "batch_loss": 0.6519235372543335, "gradient_norm": 5.569716453552246, "wall_seconds": 144.81}
{"event": "update", "epoch": 5, "update": 1400, "batch_loss": 0.7388284206390381, "gradient_norm": 3.3812549114227295, "wall_seconds": 146.32}
{"event": "update", "epoch": 5, "update": 1425, "batch_loss": 1.1254159212112427, "gradient_norm": 5.587859630584717, "wall_seconds": 147.88}
{"event": "update", "epoch": 5, "update": 1450, "batch_loss": 0.6457356214523315, "gradient_norm": 2.979469060897827, "wall_seconds": 149.41}
{"event": "update", "epoch": 5, "update": 1475, "batch_loss": 1.3160068988800049, "gradient_norm": 5.824340343475342, "wall_seconds": 151.0}
{"event": "update", "epoch": 5, "update": 1500, "batch_loss": 0.7249017357826233, "gradient_norm": 5.1749796867370605, "wall_seconds": 152.56}
{"event": "update", "epoch": 5, "update": 1525, "batch_loss": 1.2315140962600708, "gradient_norm": 5.9856977462768555, "wall_seconds": 154.13}
{"event": "epoch", "epoch": 5, "updates": 1545, "seconds": 19.003993793041445, "learning_rate": 0.0002988450562854644, "loss": 0.7848617075617927, "direction_loss": 0.6453763144377564, "projection_loss": 0.13948539278592245, "wall_seconds": 155.37}
{"event": "evaluation", "split": "train", "epoch": 5, "loss": 0.928077721518481, "components": {"direction_loss": 0.7862470994554037, "projection_loss": 0.1418306232706268}, "mean_angle": 48.92059050232317, "mean_offset": 0.11331219527273434, "strict_count": 0, "loose_count": 5, "samples": 1234, "selection_score": 19.32533529463177, "wall_seconds": 167.72}
{"event": "evaluation", "split": "val", "epoch": 5, "loss": 1.0111309304294815, "components": {"direction_loss": 0.8720172489263925, "projection_loss": 0.139113681323557}, "mean_angle": 52.470178104308715, "mean_offset": 0.08808099196631888, "strict_count": 0, "loose_count": 0, "samples": 166, "selection_score": 20.39552241952235, "wall_seconds": 169.32}
{"event": "update", "epoch": 6, "update": 1550, "batch_loss": 1.0778064727783203, "gradient_norm": 2.5959906578063965, "wall_seconds": 169.64}
{"event": "update", "epoch": 6, "update": 1575, "batch_loss": 0.5143606066703796, "gradient_norm": 4.941649436950684, "wall_seconds": 170.99}
{"event": "update", "epoch": 6, "update": 1600, "batch_loss": 0.5302137732505798, "gradient_norm": 5.7843451499938965, "wall_seconds": 172.33}
{"event": "update", "epoch": 6, "update": 1625, "batch_loss": 0.25398385524749756, "gradient_norm": 1.7250441312789917, "wall_seconds": 173.67}
{"event": "update", "epoch": 6, "update": 1650, "batch_loss": 0.48464229702949524, "gradient_norm": 2.7784597873687744, "wall_seconds": 175.02}
{"event": "update", "epoch": 6, "update": 1675, "batch_loss": 0.8436912298202515, "gradient_norm": 6.1151604652404785, "wall_seconds": 176.35}
{"event": "update", "epoch": 6, "update": 1700, "batch_loss": 0.5249338150024414, "gradient_norm": 2.6930150985717773, "wall_seconds": 177.71}
{"event": "update", "epoch": 6, "update": 1725, "batch_loss": 0.6877133250236511, "gradient_norm": 7.616084575653076, "wall_seconds": 179.04}
{"event": "update", "epoch": 6, "update": 1750, "batch_loss": 0.3643965721130371, "gradient_norm": 2.6791250705718994, "wall_seconds": 180.43}
{"event": "update", "epoch": 6, "update": 1775, "batch_loss": 0.366276353597641, "gradient_norm": 2.1601598262786865, "wall_seconds": 181.76}
{"event": "update", "epoch": 6, "update": 1800, "batch_loss": 1.0930702686309814, "gradient_norm": 3.8940601348876953, "wall_seconds": 182.99}
{"event": "update", "epoch": 6, "update": 1825, "batch_loss": 0.6250976920127869, "gradient_norm": 20.372114181518555, "wall_seconds": 184.18}
{"event": "update", "epoch": 6, "update": 1850, "batch_loss": 0.9424471855163574, "gradient_norm": 3.6605722904205322, "wall_seconds": 185.39}
{"event": "epoch", "epoch": 6, "updates": 1854, "seconds": 16.208287443965673, "learning_rate": 0.0002983379259803436, "loss": 0.7061595571630391, "direction_loss": 0.5719579189496546, "projection_loss": 0.13420163757942097, "wall_seconds": 185.58}
{"event": "update", "epoch": 7, "update": 1875, "batch_loss": 0.6625399589538574, "gradient_norm": 5.837137222290039, "wall_seconds": 186.61}
{"event": "update", "epoch": 7, "update": 1900, "batch_loss": 0.5918008685112, "gradient_norm": 3.224669933319092, "wall_seconds": 187.81}
{"event": "update", "epoch": 7, "update": 1925, "batch_loss": 1.151037335395813, "gradient_norm": 3.488149642944336, "wall_seconds": 189.24}
{"event": "update", "epoch": 7, "update": 1950, "batch_loss": 0.28113681077957153, "gradient_norm": 1.645195484161377, "wall_seconds": 190.7}
{"event": "update", "epoch": 7, "update": 1975, "batch_loss": 0.7245360612869263, "gradient_norm": 2.6573686599731445, "wall_seconds": 192.16}
{"event": "update", "epoch": 7, "update": 2000, "batch_loss": 1.1422070264816284, "gradient_norm": 5.2904815673828125, "wall_seconds": 193.62}
{"event": "update", "epoch": 7, "update": 2025, "batch_loss": 1.0505449771881104, "gradient_norm": 5.269245624542236, "wall_seconds": 195.08}
{"event": "update", "epoch": 7, "update": 2050, "batch_loss": 0.9452393054962158, "gradient_norm": 6.065993785858154, "wall_seconds": 196.53}
{"event": "update", "epoch": 7, "update": 2075, "batch_loss": 0.5937056541442871, "gradient_norm": 6.951131820678711, "wall_seconds": 198.0}
{"event": "update", "epoch": 7, "update": 2100, "batch_loss": 0.3681110739707947, "gradient_norm": 2.267519950866699, "wall_seconds": 199.46}
{"event": "update", "epoch": 7, "update": 2125, "batch_loss": 0.6683470010757446, "gradient_norm": 2.454683303833008, "wall_seconds": 200.95}
{"event": "update", "epoch": 7, "update": 2150, "batch_loss": 0.8921349048614502, "gradient_norm": 2.194653034210205, "wall_seconds": 202.46}
{"event": "epoch", "epoch": 7, "updates": 2163, "seconds": 17.629614686011337, "learning_rate": 0.0002977394125211339, "loss": 0.699028068486257, "direction_loss": 0.5670303740633751, "projection_loss": 0.13199769200778277, "wall_seconds": 203.23}
{"event": "update", "epoch": 8, "update": 2175, "batch_loss": 0.18700376152992249, "gradient_norm": 1.6357711553573608, "wall_seconds": 203.97}
{"event": "update", "epoch": 8, "update": 2200, "batch_loss": 0.958253026008606, "gradient_norm": 4.464309215545654, "wall_seconds": 205.48}
{"event": "update", "epoch": 8, "update": 2225, "batch_loss": 0.7491579055786133, "gradient_norm": 4.831495761871338, "wall_seconds": 207.0}
{"event": "update", "epoch": 8, "update": 2250, "batch_loss": 0.19761699438095093, "gradient_norm": 1.249552607536316, "wall_seconds": 208.51}
{"event": "update", "epoch": 8, "update": 2275, "batch_loss": 0.5195133686065674, "gradient_norm": 1.5214693546295166, "wall_seconds": 210.04}
{"event": "update", "epoch": 8, "update": 2300, "batch_loss": 0.7734236717224121, "gradient_norm": 7.887774467468262, "wall_seconds": 211.57}
{"event": "update", "epoch": 8, "update": 2325, "batch_loss": 0.2640342712402344, "gradient_norm": 3.7451012134552, "wall_seconds": 213.1}
{"event": "update", "epoch": 8, "update": 2350, "batch_loss": 0.26201194524765015, "gradient_norm": 1.684740662574768, "wall_seconds": 214.62}
{"event": "update", "epoch": 8, "update": 2375, "batch_loss": 0.5879429578781128, "gradient_norm": 3.6145176887512207, "wall_seconds": 216.14}
{"event": "update", "epoch": 8, "update": 2400, "batch_loss": 0.1151423379778862, "gradient_norm": 0.7569887638092041, "wall_seconds": 217.6}
{"event": "update", "epoch": 8, "update": 2425, "batch_loss": 1.1167490482330322, "gradient_norm": 4.635952472686768, "wall_seconds": 218.91}
{"event": "update", "epoch": 8, "update": 2450, "batch_loss": 1.4473912715911865, "gradient_norm": 11.46033000946045, "wall_seconds": 220.26}
{"event": "epoch", "epoch": 8, "updates": 2472, "seconds": 18.19491450500209, "learning_rate": 0.0002970499260990638, "loss": 0.659575931160338, "direction_loss": 0.5297349217910821, "projection_loss": 0.1298410104802014, "wall_seconds": 221.46}
{"event": "update", "epoch": 9, "update": 2475, "batch_loss": 0.4324323534965515, "gradient_norm": 44.76387023925781, "wall_seconds": 221.64}
{"event": "update", "epoch": 9, "update": 2500, "batch_loss": 0.8215591311454773, "gradient_norm": 15.699335098266602, "wall_seconds": 223.0}
{"event": "update", "epoch": 9, "update": 2525, "batch_loss": 0.7873821258544922, "gradient_norm": 4.851345539093018, "wall_seconds": 224.33}
{"event": "update", "epoch": 9, "update": 2550, "batch_loss": 0.3069446086883545, "gradient_norm": 1.949130654335022, "wall_seconds": 225.7}
{"event": "update", "epoch": 9, "update": 2575, "batch_loss": 0.7731324434280396, "gradient_norm": 3.215066909790039, "wall_seconds": 227.02}
{"event": "update", "epoch": 9, "update": 2600, "batch_loss": 0.5943669676780701, "gradient_norm": 3.721989870071411, "wall_seconds": 228.34}
{"event": "update", "epoch": 9, "update": 2625, "batch_loss": 0.5433880090713501, "gradient_norm": 3.1372032165527344, "wall_seconds": 229.66}
{"event": "update", "epoch": 9, "update": 2650, "batch_loss": 0.668123722076416, "gradient_norm": 2.5743956565856934, "wall_seconds": 230.98}
{"event": "update", "epoch": 9, "update": 2675, "batch_loss": 1.0478062629699707, "gradient_norm": 3.8636929988861084, "wall_seconds": 232.31}
{"event": "update", "epoch": 9, "update": 2700, "batch_loss": 1.2246067523956299, "gradient_norm": 4.029572486877441, "wall_seconds": 233.62}
{"event": "update", "epoch": 9, "update": 2725, "batch_loss": 1.1982158422470093, "gradient_norm": 5.361307621002197, "wall_seconds": 234.94}
{"event": "update", "epoch": 9, "update": 2750, "batch_loss": 0.19952499866485596, "gradient_norm": 1.8554805517196655, "wall_seconds": 236.25}
{"event": "update", "epoch": 9, "update": 2775, "batch_loss": 0.4700898826122284, "gradient_norm": 2.9511899948120117, "wall_seconds": 237.57}
{"event": "epoch", "epoch": 9, "updates": 2781, "seconds": 16.401244258973747, "learning_rate": 0.0002962699392536863, "loss": 0.6379735395433064, "direction_loss": 0.5101987223776369, "projection_loss": 0.12777481798076554, "wall_seconds": 237.88}
{"event": "update", "epoch": 10, "update": 2800, "batch_loss": 1.3088173866271973, "gradient_norm": 4.916272163391113, "wall_seconds": 238.91}
{"event": "update", "epoch": 10, "update": 2825, "batch_loss": 1.382425308227539, "gradient_norm": 4.191806793212891, "wall_seconds": 240.24}
{"event": "update", "epoch": 10, "update": 2850, "batch_loss": 0.403046190738678, "gradient_norm": 2.3067619800567627, "wall_seconds": 241.58}
{"event": "update", "epoch": 10, "update": 2875, "batch_loss": 0.21357548236846924, "gradient_norm": 1.2026197910308838, "wall_seconds": 242.92}
{"event": "update", "epoch": 10, "update": 2900, "batch_loss": 0.38730740547180176, "gradient_norm": 1.4776116609573364, "wall_seconds": 244.26}
{"event": "update", "epoch": 10, "update": 2925, "batch_loss": 0.36842912435531616, "gradient_norm": 10.319172859191895, "wall_seconds": 245.59}
{"event": "update", "epoch": 10, "update": 2950, "batch_loss": 0.9652757048606873, "gradient_norm": 11.566854476928711, "wall_seconds": 246.91}
{"event": "update", "epoch": 10, "update": 2975, "batch_loss": 0.5940581560134888, "gradient_norm": 6.750611782073975, "wall_seconds": 248.22}
{"event": "update", "epoch": 10, "update": 3000, "batch_loss": 0.25009238719940186, "gradient_norm": 1.7643184661865234, "wall_seconds": 249.55}
{"event": "update", "epoch": 10, "update": 3025, "batch_loss": 0.422110378742218, "gradient_norm": 3.2500557899475098, "wall_seconds": 250.86}
{"event": "update", "epoch": 10, "update": 3050, "batch_loss": 1.3171257972717285, "gradient_norm": 7.644413948059082, "wall_seconds": 252.19}
{"event": "update", "epoch": 10, "update": 3075, "batch_loss": 0.65477454662323, "gradient_norm": 1.593601942062378, "wall_seconds": 253.51}
{"event": "epoch", "epoch": 10, "updates": 3090, "seconds": 16.394150395994075, "learning_rate": 0.0002953999865490242, "loss": 0.6191575087160114, "direction_loss": 0.49398402619738635, "projection_loss": 0.12517348301372033, "wall_seconds": 254.3}
{"event": "evaluation", "split": "train", "epoch": 10, "loss": 0.6293616688280477, "components": {"direction_loss": 0.4979202049803985, "projection_loss": 0.13144146315330818}, "mean_angle": 37.094826938074256, "mean_offset": 0.11534529580835425, "strict_count": 0, "loose_count": 4, "samples": 1234, "selection_score": 17.60479828973708, "wall_seconds": 266.08}
{"event": "evaluation", "split": "val", "epoch": 10, "loss": 0.8329531571951257, "components": {"direction_loss": 0.6956355489162077, "projection_loss": 0.13731760791985384}, "mean_angle": 45.961601817464256, "mean_offset": 0.09582744699126847, "strict_count": 0, "loose_count": 0, "samples": 166, "selection_score": 20.743792080301553, "wall_seconds": 267.65}
{"event": "update", "epoch": 11, "update": 3100, "batch_loss": 0.9926773905754089, "gradient_norm": 3.9487600326538086, "wall_seconds": 268.2}
{"event": "update", "epoch": 11, "update": 3125, "batch_loss": 0.05931943282485008, "gradient_norm": 0.8012734055519104, "wall_seconds": 269.54}
{"event": "update", "epoch": 11, "update": 3150, "batch_loss": 0.14205345511436462, "gradient_norm": 1.573144793510437, "wall_seconds": 270.86}
{"event": "update", "epoch": 11, "update": 3175, "batch_loss": 0.9798781871795654, "gradient_norm": 12.011075019836426, "wall_seconds": 272.19}
{"event": "update", "epoch": 11, "update": 3200, "batch_loss": 0.17795531451702118, "gradient_norm": 2.301801919937134, "wall_seconds": 273.52}
{"event": "update", "epoch": 11, "update": 3225, "batch_loss": 0.863808810710907, "gradient_norm": 2.0936264991760254, "wall_seconds": 274.84}
{"event": "update", "epoch": 11, "update": 3250, "batch_loss": 0.5358941555023193, "gradient_norm": 4.842849254608154, "wall_seconds": 276.16}
{"event": "update", "epoch": 11, "update": 3275, "batch_loss": 0.8286168575286865, "gradient_norm": 4.357945919036865, "wall_seconds": 277.5}
{"event": "update", "epoch": 11, "update": 3300, "batch_loss": 0.27060872316360474, "gradient_norm": 4.794567584991455, "wall_seconds": 278.85}
{"event": "update", "epoch": 11, "update": 3325, "batch_loss": 0.6824460029602051, "gradient_norm": 2.1316237449645996, "wall_seconds": 280.2}
{"event": "update", "epoch": 11, "update": 3350, "batch_loss": 0.9009482860565186, "gradient_norm": 5.926711559295654, "wall_seconds": 281.54}
{"event": "update", "epoch": 11, "update": 3375, "batch_loss": 0.20247302949428558, "gradient_norm": 4.165802001953125, "wall_seconds": 282.89}
{"event": "epoch", "epoch": 11, "updates": 3399, "seconds": 16.61023283691611, "learning_rate": 0.00029444066420720603, "loss": 0.5952332614765561, "direction_loss": 0.47157444492453404, "projection_loss": 0.12365881465315046, "wall_seconds": 284.28}
{"event": "update", "epoch": 12, "update": 3400, "batch_loss": 0.7142691612243652, "gradient_norm": 3.233384370803833, "wall_seconds": 284.37}
{"event": "update", "epoch": 12, "update": 3425, "batch_loss": 0.08901622891426086, "gradient_norm": 0.9580523371696472, "wall_seconds": 285.76}
{"event": "update", "epoch": 12, "update": 3450, "batch_loss": 0.3402060270309448, "gradient_norm": 15.254634857177734, "wall_seconds": 287.09}
{"event": "update", "epoch": 12, "update": 3475, "batch_loss": 0.516356885433197, "gradient_norm": 3.6764214038848877, "wall_seconds": 288.42}
{"event": "update", "epoch": 12, "update": 3500, "batch_loss": 0.7112293243408203, "gradient_norm": 4.123924732208252, "wall_seconds": 289.76}
{"event": "update", "epoch": 12, "update": 3525, "batch_loss": 0.6016847491264343, "gradient_norm": 4.638580322265625, "wall_seconds": 291.11}
{"event": "update", "epoch": 12, "update": 3550, "batch_loss": 0.53179931640625, "gradient_norm": 1.620091438293457, "wall_seconds": 292.49}
{"event": "update", "epoch": 12, "update": 3575, "batch_loss": 0.6257662773132324, "gradient_norm": 3.440930128097534, "wall_seconds": 293.83}
{"event": "update", "epoch": 12, "update": 3600, "batch_loss": 0.5783221125602722, "gradient_norm": 6.669887542724609, "wall_seconds": 295.17}
{"event": "update", "epoch": 12, "update": 3625, "batch_loss": 0.7160657048225403, "gradient_norm": 4.933190822601318, "wall_seconds": 296.5}
{"event": "update", "epoch": 12, "update": 3650, "batch_loss": 0.6488996148109436, "gradient_norm": 12.844892501831055, "wall_seconds": 297.84}
{"event": "update", "epoch": 12, "update": 3675, "batch_loss": 0.4421200454235077, "gradient_norm": 2.3049726486206055, "wall_seconds": 299.13}
{"event": "update", "epoch": 12, "update": 3700, "batch_loss": 0.6295716762542725, "gradient_norm": 5.345446586608887, "wall_seconds": 300.34}
{"event": "epoch", "epoch": 12, "updates": 3708, "seconds": 16.416982671944425, "learning_rate": 0.0002933926296998457, "loss": 0.5378527904542184, "direction_loss": 0.4175825537736354, "projection_loss": 0.12027023797869875, "wall_seconds": 300.73}
{"event": "update", "epoch": 13, "update": 3725, "batch_loss": 0.12691554427146912, "gradient_norm": 0.9384433627128601, "wall_seconds": 301.58}
{"event": "update", "epoch": 13, "update": 3750, "batch_loss": 0.9549789428710938, "gradient_norm": 8.100486755371094, "wall_seconds": 302.88}
{"event": "update", "epoch": 13, "update": 3775, "batch_loss": 0.7460604310035706, "gradient_norm": 6.0387420654296875, "wall_seconds": 304.21}
{"event": "update", "epoch": 13, "update": 3800, "batch_loss": 0.28028467297554016, "gradient_norm": 3.752753257751465, "wall_seconds": 305.55}
{"event": "update", "epoch": 13, "update": 3825, "batch_loss": 0.6461862325668335, "gradient_norm": 3.453735828399658, "wall_seconds": 306.87}
{"event": "update", "epoch": 13, "update": 3850, "batch_loss": 0.25868934392929077, "gradient_norm": 2.51358699798584, "wall_seconds": 308.18}
{"event": "update", "epoch": 13, "update": 3875, "batch_loss": 0.35228824615478516, "gradient_norm": 2.601362705230713, "wall_seconds": 309.51}
{"event": "update", "epoch": 13, "update": 3900, "batch_loss": 0.3780587613582611, "gradient_norm": 3.0819759368896484, "wall_seconds": 310.86}
{"event": "update", "epoch": 13, "update": 3925, "batch_loss": 0.2937408685684204, "gradient_norm": 1.5209708213806152, "wall_seconds": 312.22}
{"event": "update", "epoch": 13, "update": 3950, "batch_loss": 0.6280398964881897, "gradient_norm": 3.58070707321167, "wall_seconds": 313.54}
{"event": "update", "epoch": 13, "update": 3975, "batch_loss": 0.18250487744808197, "gradient_norm": 0.8278521299362183, "wall_seconds": 314.89}
{"event": "update", "epoch": 13, "update": 4000, "batch_loss": 0.4251302480697632, "gradient_norm": 18.28775978088379, "wall_seconds": 316.23}
{"event": "epoch", "epoch": 13, "updates": 4017, "seconds": 16.379885867005214, "learning_rate": 0.0002922566012974441, "loss": 0.5431440954415107, "direction_loss": 0.42166902472354123, "projection_loss": 0.12147507233306692, "wall_seconds": 317.13}
{"event": "update", "epoch": 14, "update": 4025, "batch_loss": 1.3234777450561523, "gradient_norm": 9.312124252319336, "wall_seconds": 317.59}
{"event": "update", "epoch": 14, "update": 4050, "batch_loss": 0.38806548714637756, "gradient_norm": 3.2284247875213623, "wall_seconds": 318.91}
{"event": "update", "epoch": 14, "update": 4075, "batch_loss": 1.1409335136413574, "gradient_norm": 3.4015469551086426, "wall_seconds": 320.23}
{"event": "update", "epoch": 14, "update": 4100, "batch_loss": 0.47595661878585815, "gradient_norm": 6.174709796905518, "wall_seconds": 321.52}
{"event": "update", "epoch": 14, "update": 4125, "batch_loss": 0.8931928873062134, "gradient_norm": 5.633249759674072, "wall_seconds": 322.83}
{"event": "update", "epoch": 14, "update": 4150, "batch_loss": 0.9385347366333008, "gradient_norm": 5.406146049499512, "wall_seconds": 324.15}
{"event": "update", "epoch": 14, "update": 4175, "batch_loss": 0.743990957736969, "gradient_norm": 2.8276593685150146, "wall_seconds": 325.46}
{"event": "update", "epoch": 14, "update": 4200, "batch_loss": 0.9883369207382202, "gradient_norm": 5.009829521179199, "wall_seconds": 326.78}
{"event": "update", "epoch": 14, "update": 4225, "batch_loss": 0.33112889528274536, "gradient_norm": 3.232102394104004, "wall_seconds": 328.09}
{"event": "update", "epoch": 14, "update": 4250, "batch_loss": 0.34577324986457825, "gradient_norm": 5.093375205993652, "wall_seconds": 329.41}
{"event": "update", "epoch": 14, "update": 4275, "batch_loss": 0.27623099088668823, "gradient_norm": 2.7107009887695312, "wall_seconds": 330.73}
{"event": "update", "epoch": 14, "update": 4300, "batch_loss": 0.43478962779045105, "gradient_norm": 1.8777538537979126, "wall_seconds": 332.05}
{"event": "update", "epoch": 14, "update": 4325, "batch_loss": 0.655390739440918, "gradient_norm": 12.846229553222656, "wall_seconds": 333.38}
{"event": "epoch", "epoch": 14, "updates": 4326, "seconds": 16.27831217495259, "learning_rate": 0.0002910333575771222, "loss": 0.6025926013095259, "direction_loss": 0.4820190275682671, "projection_loss": 0.12057357418503328, "wall_seconds": 333.43}
{"event": "update", "epoch": 15, "update": 4350, "batch_loss": 0.914787769317627, "gradient_norm": 2.138641834259033, "wall_seconds": 334.74}
{"event": "update", "epoch": 15, "update": 4375, "batch_loss": 0.5614480972290039, "gradient_norm": 1.6834319829940796, "wall_seconds": 336.08}
{"event": "update", "epoch": 15, "update": 4400, "batch_loss": 0.17982280254364014, "gradient_norm": 1.1932604312896729, "wall_seconds": 337.41}
{"event": "update", "epoch": 15, "update": 4425, "batch_loss": 0.23800984025001526, "gradient_norm": 2.637637138366699, "wall_seconds": 338.72}
{"event": "update", "epoch": 15, "update": 4450, "batch_loss": 0.15805542469024658, "gradient_norm": 1.7182122468948364, "wall_seconds": 340.05}
{"event": "update", "epoch": 15, "update": 4475, "batch_loss": 0.9887803792953491, "gradient_norm": 4.399768352508545, "wall_seconds": 341.36}
{"event": "update", "epoch": 15, "update": 4500, "batch_loss": 0.8187151551246643, "gradient_norm": 3.42893385887146, "wall_seconds": 342.68}
{"event": "update", "epoch": 15, "update": 4525, "batch_loss": 0.13261082768440247, "gradient_norm": 0.7087225317955017, "wall_seconds": 343.99}
{"event": "update", "epoch": 15, "update": 4550, "batch_loss": 0.3190368413925171, "gradient_norm": 1.2319694757461548, "wall_seconds": 345.3}
{"event": "update", "epoch": 15, "update": 4575, "batch_loss": 0.7146173119544983, "gradient_norm": 2.9019579887390137, "wall_seconds": 346.79}
{"event": "update", "epoch": 15, "update": 4600, "batch_loss": 0.37025654315948486, "gradient_norm": 3.349912643432617, "wall_seconds": 348.08}
{"event": "update", "epoch": 15, "update": 4625, "batch_loss": 0.21194662153720856, "gradient_norm": 2.6057825088500977, "wall_seconds": 349.28}
{"event": "epoch", "epoch": 15, "updates": 4635, "seconds": 16.296043812995777, "learning_rate": 0.0002897237368890237, "loss": 0.5316711029028777, "direction_loss": 0.41452633773053676, "projection_loss": 0.11714476542592628, "wall_seconds": 349.76}
{"event": "evaluation", "split": "train", "epoch": 15, "loss": 0.5770657511255922, "components": {"direction_loss": 0.4544118563803079, "projection_loss": 0.12265389329924382}, "mean_angle": 32.036605390727615, "mean_offset": 0.10457985270644819, "strict_count": 3, "loose_count": 24, "samples": 1234, "selection_score": 16.261377056878512, "wall_seconds": 361.71}
{"event": "evaluation", "split": "val", "epoch": 15, "loss": 0.8656248531068664, "components": {"direction_loss": 0.7284337864313499, "projection_loss": 0.13719107102916903}, "mean_angle": 44.22800770078797, "mean_offset": 0.09842669285699888, "strict_count": 0, "loose_count": 1, "samples": 166, "selection_score": 20.37476849327057, "wall_seconds": 363.29}
{"event": "update", "epoch": 16, "update": 4650, "batch_loss": 0.23528257012367249, "gradient_norm": 6.675178050994873, "wall_seconds": 364.14}
{"event": "update", "epoch": 16, "update": 4675, "batch_loss": 0.26560965180397034, "gradient_norm": 3.482189416885376, "wall_seconds": 365.55}
{"event": "update", "epoch": 16, "update": 4700, "batch_loss": 0.47815272212028503, "gradient_norm": 2.4074833393096924, "wall_seconds": 367.08}
{"event": "update", "epoch": 16, "update": 4725, "batch_loss": 0.781464159488678, "gradient_norm": 4.747894763946533, "wall_seconds": 368.61}
{"event": "update", "epoch": 16, "update": 4750, "batch_loss": 0.1739979386329651, "gradient_norm": 1.528977870941162, "wall_seconds": 370.18}
{"event": "update", "epoch": 16, "update": 4775, "batch_loss": 0.2800833582878113, "gradient_norm": 2.2235536575317383, "wall_seconds": 371.72}
{"event": "update", "epoch": 16, "update": 4800, "batch_loss": 0.7952963709831238, "gradient_norm": 3.8135628700256348, "wall_seconds": 373.26}
{"event": "update", "epoch": 16, "update": 4825, "batch_loss": 0.20951224863529205, "gradient_norm": 0.7453782558441162, "wall_seconds": 374.81}
{"event": "update", "epoch": 16, "update": 4850, "batch_loss": 0.27979591488838196, "gradient_norm": 2.7838821411132812, "wall_seconds": 376.34}
{"event": "update", "epoch": 16, "update": 4875, "batch_loss": 1.1777746677398682, "gradient_norm": 8.352009773254395, "wall_seconds": 377.85}
{"event": "update", "epoch": 16, "update": 4900, "batch_loss": 0.6606332659721375, "gradient_norm": 3.6592206954956055, "wall_seconds": 379.35}
{"event": "update", "epoch": 16, "update": 4925, "batch_loss": 0.321149617433548, "gradient_norm": 3.558964967727661, "wall_seconds": 380.87}
{"event": "epoch", "epoch": 16, "updates": 4944, "seconds": 18.671214401023462, "learning_rate": 0.00028832863678175105, "loss": 0.5030794383616849, "direction_loss": 0.3893487030456093, "projection_loss": 0.11373073448286644, "wall_seconds": 382.01}
{"event": "update", "epoch": 17, "update": 4950, "batch_loss": 0.35217544436454773, "gradient_norm": 2.66074538230896, "wall_seconds": 382.36}
{"event": "update", "epoch": 17, "update": 4975, "batch_loss": 0.5493096709251404, "gradient_norm": 4.20048189163208, "wall_seconds": 383.68}
{"event": "update", "epoch": 17, "update": 5000, "batch_loss": 0.21145892143249512, "gradient_norm": 2.089341402053833, "wall_seconds": 385.0}
{"event": "update", "epoch": 17, "update": 5025, "batch_loss": 0.3673465847969055, "gradient_norm": 4.524931907653809, "wall_seconds": 386.31}
{"event": "update", "epoch": 17, "update": 5050, "batch_loss": 0.2961147129535675, "gradient_norm": 4.225938320159912, "wall_seconds": 387.64}
{"event": "update", "epoch": 17, "update": 5075, "batch_loss": 0.5298874378204346, "gradient_norm": 3.5558011531829834, "wall_seconds": 388.96}
{"event": "update", "epoch": 17, "update": 5100, "batch_loss": 0.27647536993026733, "gradient_norm": 2.4846575260162354, "wall_seconds": 390.29}
{"event": "update", "epoch": 17, "update": 5125, "batch_loss": 0.8593907952308655, "gradient_norm": 5.267963886260986, "wall_seconds": 391.63}
{"event": "update", "epoch": 17, "update": 5150, "batch_loss": 1.0416852235794067, "gradient_norm": 70.40325927734375, "wall_seconds": 392.97}
{"event": "update", "epoch": 17, "update": 5175, "batch_loss": 0.1362241506576538, "gradient_norm": 1.8889371156692505, "wall_seconds": 394.49}
{"event": "update", "epoch": 17, "update": 5200, "batch_loss": 0.24157500267028809, "gradient_norm": 0.8577209711074829, "wall_seconds": 395.94}
{"event": "update", "epoch": 17, "update": 5225, "batch_loss": 0.20264174044132233, "gradient_norm": 3.8270275592803955, "wall_seconds": 397.39}
{"event": "update", "epoch": 17, "update": 5250, "batch_loss": 0.09879184514284134, "gradient_norm": 1.3121895790100098, "wall_seconds": 398.91}
{"event": "epoch", "epoch": 17, "updates": 5253, "seconds": 17.0546071639983, "learning_rate": 0.00028684901338723115, "loss": 0.5008146354092384, "direction_loss": 0.388109687208598, "projection_loss": 0.11270494798931929, "wall_seconds": 399.09}
{"event": "update", "epoch": 18, "update": 5275, "batch_loss": 1.0078517198562622, "gradient_norm": 9.668309211730957, "wall_seconds": 400.45}
{"event": "update", "epoch": 18, "update": 5300, "batch_loss": 0.7226650714874268, "gradient_norm": 7.9213104248046875, "wall_seconds": 401.96}
{"event": "update", "epoch": 18, "update": 5325, "batch_loss": 0.3142390549182892, "gradient_norm": 1.9614615440368652, "wall_seconds": 403.48}
{"event": "update", "epoch": 18, "update": 5350, "batch_loss": 0.16354916989803314, "gradient_norm": 1.070823073387146, "wall_seconds": 404.97}
{"event": "update", "epoch": 18, "update": 5375, "batch_loss": 0.8736870884895325, "gradient_norm": 3.022020101547241, "wall_seconds": 406.35}
{"event": "update", "epoch": 18, "update": 5400, "batch_loss": 0.1489182412624359, "gradient_norm": 1.324224829673767, "wall_seconds": 407.9}
{"event": "update", "epoch": 18, "update": 5425, "batch_loss": 0.694125771522522, "gradient_norm": 2.9532470703125, "wall_seconds": 409.37}
{"event": "update", "epoch": 18, "update": 5450, "batch_loss": 0.1884951889514923, "gradient_norm": 2.7657418251037598, "wall_seconds": 410.85}
{"event": "update", "epoch": 18, "update": 5475, "batch_loss": 0.7889521718025208, "gradient_norm": 4.0718302726745605, "wall_seconds": 412.37}
{"event": "update", "epoch": 18, "update": 5500, "batch_loss": 0.9833298921585083, "gradient_norm": 14.444643020629883, "wall_seconds": 413.92}
{"event": "update", "epoch": 18, "update": 5525, "batch_loss": 0.11564700305461884, "gradient_norm": 1.7093236446380615, "wall_seconds": 415.47}
{"event": "update", "epoch": 18, "update": 5550, "batch_loss": 0.40921109914779663, "gradient_norm": 2.3035078048706055, "wall_seconds": 417.08}
{"event": "epoch", "epoch": 18, "updates": 5562, "seconds": 18.69490509899333, "learning_rate": 0.0002852858807654296, "loss": 0.4778567006754141, "direction_loss": 0.3684520606114567, "projection_loss": 0.10940464201414991, "wall_seconds": 417.82}
{"event": "update", "epoch": 19, "update": 5575, "batch_loss": 0.1648656576871872, "gradient_norm": 1.4290448427200317, "wall_seconds": 418.65}
{"event": "update", "epoch": 19, "update": 5600, "batch_loss": 0.25378602743148804, "gradient_norm": 1.4201666116714478, "wall_seconds": 420.18}
{"event": "update", "epoch": 19, "update": 5625, "batch_loss": 0.5890997052192688, "gradient_norm": 4.040940284729004, "wall_seconds": 421.72}
{"event": "update", "epoch": 19, "update": 5650, "batch_loss": 0.372259259223938, "gradient_norm": 15.728962898254395, "wall_seconds": 423.27}
{"event": "update", "epoch": 19, "update": 5675, "batch_loss": 0.09002186357975006, "gradient_norm": 0.9478879570960999, "wall_seconds": 424.82}
{"event": "update", "epoch": 19, "update": 5700, "batch_loss": 0.6246803998947144, "gradient_norm": 4.690056800842285, "wall_seconds": 426.46}
{"event": "update", "epoch": 19, "update": 5725, "batch_loss": 1.0488284826278687, "gradient_norm": 4.836434841156006, "wall_seconds": 428.0}
{"event": "update", "epoch": 19, "update": 5750, "batch_loss": 0.9498040080070496, "gradient_norm": 7.599404335021973, "wall_seconds": 429.55}
{"event": "update", "epoch": 19, "update": 5775, "batch_loss": 0.10753162205219269, "gradient_norm": 1.3079670667648315, "wall_seconds": 431.1}
{"event": "update", "epoch": 19, "update": 5800, "batch_loss": 0.7381657958030701, "gradient_norm": 13.427030563354492, "wall_seconds": 432.66}
{"event": "update", "epoch": 19, "update": 5825, "batch_loss": 0.5617271661758423, "gradient_norm": 1.5918031930923462, "wall_seconds": 434.2}
{"event": "update", "epoch": 19, "update": 5850, "batch_loss": 0.45973309874534607, "gradient_norm": 4.786381721496582, "wall_seconds": 435.75}
{"event": "epoch", "epoch": 19, "updates": 5871, "seconds": 19.188455687020905, "learning_rate": 0.00028364031020936524, "loss": 0.46791111345808933, "direction_loss": 0.3590136084470119, "projection_loss": 0.1088975043590007, "wall_seconds": 437.03}
{"event": "update", "epoch": 20, "update": 5875, "batch_loss": 0.33480414748191833, "gradient_norm": 3.178781032562256, "wall_seconds": 437.31}
{"event": "update", "epoch": 20, "update": 5900, "batch_loss": 0.5767824053764343, "gradient_norm": 3.068685293197632, "wall_seconds": 438.85}
{"event": "update", "epoch": 20, "update": 5925, "batch_loss": 0.5855235457420349, "gradient_norm": 1.8257451057434082, "wall_seconds": 440.4}
{"event": "update", "epoch": 20, "update": 5950, "batch_loss": 0.1035105511546135, "gradient_norm": 1.0510426759719849, "wall_seconds": 441.94}
{"event": "update", "epoch": 20, "update": 5975, "batch_loss": 0.14644962549209595, "gradient_norm": 2.8861212730407715, "wall_seconds": 443.48}
{"event": "update", "epoch": 20, "update": 6000, "batch_loss": 0.09740598499774933, "gradient_norm": 1.0805038213729858, "wall_seconds": 445.03}
{"event": "update", "epoch": 20, "update": 6025, "batch_loss": 0.6710816621780396, "gradient_norm": 32.22378921508789, "wall_seconds": 446.57}
{"event": "update", "epoch": 20, "update": 6050, "batch_loss": 0.3342941105365753, "gradient_norm": 12.4534273147583, "wall_seconds": 448.12}
{"event": "update", "epoch": 20, "update": 6075, "batch_loss": 0.1955142617225647, "gradient_norm": 4.3666229248046875, "wall_seconds": 449.65}
{"event": "update", "epoch": 20, "update": 6100, "batch_loss": 0.6519399881362915, "gradient_norm": 15.824400901794434, "wall_seconds": 451.18}
{"event": "update", "epoch": 20, "update": 6125, "batch_loss": 0.23648011684417725, "gradient_norm": 2.2223165035247803, "wall_seconds": 452.71}
{"event": "update", "epoch": 20, "update": 6150, "batch_loss": 0.6832942366600037, "gradient_norm": 2.1792538166046143, "wall_seconds": 454.23}
{"event": "update", "epoch": 20, "update": 6175, "batch_loss": 0.26820531487464905, "gradient_norm": 3.3398542404174805, "wall_seconds": 455.75}
{"event": "epoch", "epoch": 20, "updates": 6180, "seconds": 18.99788927298505, "learning_rate": 0.00028191342951089913, "loss": 0.45325271098163566, "direction_loss": 0.34887713276912463, "projection_loss": 0.10437557825779413, "wall_seconds": 456.06}
{"event": "evaluation", "split": "train", "epoch": 20, "loss": 0.5010277345486746, "components": {"direction_loss": 0.39018759789329094, "projection_loss": 0.11084013589245767}, "mean_angle": 26.982114733038305, "mean_offset": 0.09880598406509286, "strict_count": 4, "loose_count": 29, "samples": 1234, "selection_score": 15.252211585809517, "wall_seconds": 467.99}
{"event": "evaluation", "split": "val", "epoch": 20, "loss": 0.8427977344716888, "components": {"direction_loss": 0.7121082132300699, "projection_loss": 0.13068952106208687}, "mean_angle": 41.22033045593515, "mean_offset": 0.09049328003802437, "strict_count": 0, "loose_count": 2, "samples": 166, "selection_score": 19.45507138004993, "wall_seconds": 469.56}
{"event": "update", "epoch": 21, "update": 6200, "batch_loss": 0.8498522043228149, "gradient_norm": 13.012651443481445, "wall_seconds": 470.67}
{"event": "update", "epoch": 21, "update": 6225, "batch_loss": 0.8127626180648804, "gradient_norm": 5.458060264587402, "wall_seconds": 472.0}
{"event": "update", "epoch": 21, "update": 6250, "batch_loss": 0.14179664850234985, "gradient_norm": 1.1442054510116577, "wall_seconds": 473.32}
{"event": "update", "epoch": 21, "update": 6275, "batch_loss": 0.2834458649158478, "gradient_norm": 2.5629630088806152, "wall_seconds": 474.69}
{"event": "update", "epoch": 21, "update": 6300, "batch_loss": 0.1814059615135193, "gradient_norm": 2.1571710109710693, "wall_seconds": 476.22}
{"event": "update", "epoch": 21, "update": 6325, "batch_loss": 0.6588369607925415, "gradient_norm": 4.850509166717529, "wall_seconds": 477.75}
{"event": "update", "epoch": 21, "update": 6350, "batch_loss": 0.5757856369018555, "gradient_norm": 2.9112021923065186, "wall_seconds": 479.28}
{"event": "update", "epoch": 21, "update": 6375, "batch_loss": 0.2566100060939789, "gradient_norm": 1.725463628768921, "wall_seconds": 480.82}
{"event": "update", "epoch": 21, "update": 6400, "batch_loss": 0.7335262298583984, "gradient_norm": 9.026176452636719, "wall_seconds": 482.42}
{"event": "update", "epoch": 21, "update": 6425, "batch_loss": 0.31690043210983276, "gradient_norm": 3.2580199241638184, "wall_seconds": 483.94}
{"event": "update", "epoch": 21, "update": 6450, "batch_loss": 0.8332021832466125, "gradient_norm": 4.25208044052124, "wall_seconds": 485.46}
{"event": "update", "epoch": 21, "update": 6475, "batch_loss": 0.47253677248954773, "gradient_norm": 2.906721591949463, "wall_seconds": 486.99}
{"event": "epoch", "epoch": 21, "updates": 6489, "seconds": 18.232497620978393, "learning_rate": 0.0002801064221878023, "loss": 0.4447451246180836, "direction_loss": 0.3407260102749692, "projection_loss": 0.10401911327141417, "wall_seconds": 487.85}
{"event": "update", "epoch": 22, "update": 6500, "batch_loss": 0.9089169502258301, "gradient_norm": 2.707444190979004, "wall_seconds": 488.54}
{"event": "update", "epoch": 22, "update": 6525, "batch_loss": 0.43598657846450806, "gradient_norm": 6.1763434410095215, "wall_seconds": 490.06}
{"event": "update", "epoch": 22, "update": 6550, "batch_loss": 0.1326749175786972, "gradient_norm": 2.055457592010498, "wall_seconds": 491.57}
{"event": "update", "epoch": 22, "update": 6575, "batch_loss": 0.16617515683174133, "gradient_norm": 1.5295130014419556, "wall_seconds": 493.08}
{"event": "update", "epoch": 22, "update": 6600, "batch_loss": 0.6476829051971436, "gradient_norm": 3.0164380073547363, "wall_seconds": 494.59}
{"event": "update", "epoch": 22, "update": 6625, "batch_loss": 0.5675054788589478, "gradient_norm": 107.72412872314453, "wall_seconds": 496.1}
{"event": "update", "epoch": 22, "update": 6650, "batch_loss": 0.14849306643009186, "gradient_norm": 1.4721932411193848, "wall_seconds": 497.61}
{"event": "update", "epoch": 22, "update": 6675, "batch_loss": 0.10112930089235306, "gradient_norm": 0.9274704456329346, "wall_seconds": 499.13}
{"event": "update", "epoch": 22, "update": 6700, "batch_loss": 0.1091727539896965, "gradient_norm": 0.9204398393630981, "wall_seconds": 500.67}
{"event": "update", "epoch": 22, "update": 6725, "batch_loss": 0.1924448013305664, "gradient_norm": 1.9855108261108398, "wall_seconds": 502.19}
{"event": "update", "epoch": 22, "update": 6750, "batch_loss": 0.1601124405860901, "gradient_norm": 3.8261492252349854, "wall_seconds": 503.72}
{"event": "update", "epoch": 22, "update": 6775, "batch_loss": 0.05756095424294472, "gradient_norm": 0.7883678078651428, "wall_seconds": 505.26}
{"event": "epoch", "epoch": 22, "updates": 6798, "seconds": 18.77440439106431, "learning_rate": 0.00027822052667263213, "loss": 0.43995845746520656, "direction_loss": 0.33986466678804333, "projection_loss": 0.10009379024999261, "wall_seconds": 506.65}
{"event": "update", "epoch": 23, "update": 6800, "batch_loss": 0.4661176800727844, "gradient_norm": 2.6252999305725098, "wall_seconds": 506.8}
{"event": "update", "epoch": 23, "update": 6825, "batch_loss": 0.8682864308357239, "gradient_norm": 5.698126316070557, "wall_seconds": 508.32}
{"event": "update", "epoch": 23, "update": 6850, "batch_loss": 0.5668708682060242, "gradient_norm": 2.441650867462158, "wall_seconds": 509.84}
{"event": "update", "epoch": 23, "update": 6875, "batch_loss": 0.2893574833869934, "gradient_norm": 4.173959255218506, "wall_seconds": 511.36}
{"event": "update", "epoch": 23, "update": 6900, "batch_loss": 0.47343945503234863, "gradient_norm": 3.767815589904785, "wall_seconds": 512.88}
{"event": "update", "epoch": 23, "update": 6925, "batch_loss": 0.43420344591140747, "gradient_norm": 10.283140182495117, "wall_seconds": 514.41}
{"event": "update", "epoch": 23, "update": 6950, "batch_loss": 0.6076452136039734, "gradient_norm": 2.870652675628662, "wall_seconds": 515.93}
{"event": "update", "epoch": 23, "update": 6975, "batch_loss": 0.07866786420345306, "gradient_norm": 1.0549129247665405, "wall_seconds": 517.44}
{"event": "update", "epoch": 23, "update": 7000, "batch_loss": 0.3384205102920532, "gradient_norm": 7.645994186401367, "wall_seconds": 518.98}
{"event": "update", "epoch": 23, "update": 7025, "batch_loss": 0.10223005712032318, "gradient_norm": 1.2832831144332886, "wall_seconds": 520.5}
{"event": "update", "epoch": 23, "update": 7050, "batch_loss": 0.47881531715393066, "gradient_norm": 3.0994131565093994, "wall_seconds": 522.05}
{"event": "update", "epoch": 23, "update": 7075, "batch_loss": 0.3013264536857605, "gradient_norm": 2.5492894649505615, "wall_seconds": 523.57}
{"event": "update", "epoch": 23, "update": 7100, "batch_loss": 0.9367597699165344, "gradient_norm": 5.0113372802734375, "wall_seconds": 525.09}
{"event": "epoch", "epoch": 23, "updates": 7107, "seconds": 18.83611681603361, "learning_rate": 0.000276257035463972, "loss": 0.4554108197361569, "direction_loss": 0.3528428408656891, "projection_loss": 0.10256797834216486, "wall_seconds": 525.51}
{"event": "update", "epoch": 24, "update": 7125, "batch_loss": 0.28355956077575684, "gradient_norm": 8.470504760742188, "wall_seconds": 526.64}
{"event": "update", "epoch": 24, "update": 7150, "batch_loss": 0.27026158571243286, "gradient_norm": 2.2640514373779297, "wall_seconds": 528.15}
{"event": "update", "epoch": 24, "update": 7175, "batch_loss": 0.25916096568107605, "gradient_norm": 2.580700397491455, "wall_seconds": 529.67}
{"event": "update", "epoch": 24, "update": 7200, "batch_loss": 0.5208343267440796, "gradient_norm": 1.4366165399551392, "wall_seconds": 531.19}
{"event": "update", "epoch": 24, "update": 7225, "batch_loss": 0.19148403406143188, "gradient_norm": 3.6663856506347656, "wall_seconds": 532.71}
{"event": "update", "epoch": 24, "update": 7250, "batch_loss": 0.8679172992706299, "gradient_norm": 40.9796028137207, "wall_seconds": 534.23}
{"event": "update", "epoch": 24, "update": 7275, "batch_loss": 0.33865416049957275, "gradient_norm": 5.041694641113281, "wall_seconds": 535.72}
{"event": "update", "epoch": 24, "update": 7300, "batch_loss": 0.21892277896404266, "gradient_norm": 2.595198154449463, "wall_seconds": 537.04}
{"event": "update", "epoch": 24, "update": 7325, "batch_loss": 0.4313383102416992, "gradient_norm": 2.495415687561035, "wall_seconds": 538.38}
{"event": "update", "epoch": 24, "update": 7350, "batch_loss": 0.8031971454620361, "gradient_norm": 35.05289077758789, "wall_seconds": 539.71}
{"event": "update", "epoch": 24, "update": 7375, "batch_loss": 0.5299944877624512, "gradient_norm": 5.662553310394287, "wall_seconds": 541.06}
{"event": "update", "epoch": 24, "update": 7400, "batch_loss": 0.2626482844352722, "gradient_norm": 9.957356452941895, "wall_seconds": 542.39}
{"event": "epoch", "epoch": 24, "updates": 7416, "seconds": 17.702638737042435, "learning_rate": 0.0002742172942406178, "loss": 0.41436449714862356, "direction_loss": 0.3145621002529487, "projection_loss": 0.09980239723378874, "wall_seconds": 543.24}
{"event": "update", "epoch": 25, "update": 7425, "batch_loss": 0.2816559374332428, "gradient_norm": 20.445493698120117, "wall_seconds": 543.74}
{"event": "update", "epoch": 25, "update": 7450, "batch_loss": 0.7053499221801758, "gradient_norm": 2.0673940181732178, "wall_seconds": 545.08}
{"event": "update", "epoch": 25, "update": 7475, "batch_loss": 0.8278123140335083, "gradient_norm": 14.56199836730957, "wall_seconds": 546.62}
{"event": "update", "epoch": 25, "update": 7500, "batch_loss": 0.9406046271324158, "gradient_norm": 21.22776985168457, "wall_seconds": 548.16}
{"event": "update", "epoch": 25, "update": 7525, "batch_loss": 0.2612261474132538, "gradient_norm": 2.1044137477874756, "wall_seconds": 549.69}
{"event": "update", "epoch": 25, "update": 7550, "batch_loss": 0.4646560549736023, "gradient_norm": 5.090084552764893, "wall_seconds": 551.23}
{"event": "update", "epoch": 25, "update": 7575, "batch_loss": 0.27035263180732727, "gradient_norm": 3.819969654083252, "wall_seconds": 552.77}
{"event": "update", "epoch": 25, "update": 7600, "batch_loss": 0.9261442422866821, "gradient_norm": 201.98313903808594, "wall_seconds": 554.3}
{"event": "update", "epoch": 25, "update": 7625, "batch_loss": 0.5995839834213257, "gradient_norm": 4.523381233215332, "wall_seconds": 555.84}
{"event": "update", "epoch": 25, "update": 7650, "batch_loss": 0.5381531715393066, "gradient_norm": 2.1372179985046387, "wall_seconds": 557.43}
{"event": "update", "epoch": 25, "update": 7675, "batch_loss": 0.443105548620224, "gradient_norm": 4.6506876945495605, "wall_seconds": 558.97}
{"event": "update", "epoch": 25, "update": 7700, "batch_loss": 0.26295608282089233, "gradient_norm": 1.9029124975204468, "wall_seconds": 560.52}
{"event": "update", "epoch": 25, "update": 7725, "batch_loss": 0.894512951374054, "gradient_norm": 4.318977355957031, "wall_seconds": 562.06}
{"event": "epoch", "epoch": 25, "updates": 7725, "seconds": 18.792535813059658, "learning_rate": 0.00027210270093931666, "loss": 0.3863446102922894, "direction_loss": 0.2899615155258239, "projection_loss": 0.0963830944253328, "wall_seconds": 562.06}
{"event": "evaluation", "split": "train", "epoch": 25, "loss": 0.3752184741657885, "components": {"direction_loss": 0.2810908049477847, "projection_loss": 0.09412766951989122}, "mean_angle": 22.987518877418925, "mean_offset": 0.08563711852557139, "strict_count": 12, "loose_count": 98, "samples": 1234, "selection_score": 14.449980676110332, "wall_seconds": 574.03}
{"event": "evaluation", "split": "val", "epoch": 25, "loss": 0.7729520061648035, "components": {"direction_loss": 0.65125449863543, "projection_loss": 0.12169751201767519}, "mean_angle": 40.58091185322727, "mean_offset": 0.08217665691914722, "strict_count": 0, "loose_count": 3, "samples": 166, "selection_score": 18.10385367420447, "wall_seconds": 575.66}
{"event": "update", "epoch": 26, "update": 7750, "batch_loss": 0.6949125528335571, "gradient_norm": 2.4800212383270264, "wall_seconds": 577.07}
{"event": "update", "epoch": 26, "update": 7775, "batch_loss": 0.5243486166000366, "gradient_norm": 19.7049503326416, "wall_seconds": 578.45}
{"event": "update", "epoch": 26, "update": 7800, "batch_loss": 0.11274655908346176, "gradient_norm": 1.7226159572601318, "wall_seconds": 579.86}
{"event": "update", "epoch": 26, "update": 7825, "batch_loss": 0.06826676428318024, "gradient_norm": 0.7596642971038818, "wall_seconds": 581.25}
{"event": "update", "epoch": 26, "update": 7850, "batch_loss": 0.15195773541927338, "gradient_norm": 1.607488751411438, "wall_seconds": 582.65}
{"event": "update", "epoch": 26, "update": 7875, "batch_loss": 0.22552557289600372, "gradient_norm": 0.9610924124717712, "wall_seconds": 584.05}
{"event": "update", "epoch": 26, "update": 7900, "batch_loss": 0.36914053559303284, "gradient_norm": 1.6349589824676514, "wall_seconds": 585.45}
{"event": "update", "epoch": 26, "update": 7925, "batch_loss": 0.5602921843528748, "gradient_norm": 7.479473114013672, "wall_seconds": 586.84}
{"event": "update", "epoch": 26, "update": 7950, "batch_loss": 0.1803705096244812, "gradient_norm": 1.4076248407363892, "wall_seconds": 588.24}
{"event": "update", "epoch": 26, "update": 7975, "batch_loss": 0.08710398524999619, "gradient_norm": 0.8935726284980774, "wall_seconds": 589.67}
{"event": "update", "epoch": 26, "update": 8000, "batch_loss": 0.05448710545897484, "gradient_norm": 0.6667175889015198, "wall_seconds": 591.45}
{"event": "update", "epoch": 26, "update": 8025, "batch_loss": 0.20852583646774292, "gradient_norm": 4.40054988861084, "wall_seconds": 592.84}
{"event": "epoch", "epoch": 26, "updates": 8034, "seconds": 17.677231108071283, "learning_rate": 0.000269914704796691, "loss": 0.40266367337837017, "direction_loss": 0.30823564565645434, "projection_loss": 0.09442802732342452, "wall_seconds": 593.39}
{"event": "update", "epoch": 27, "update": 8050, "batch_loss": 0.10899193584918976, "gradient_norm": 1.0862430334091187, "wall_seconds": 594.4}
{"event": "update", "epoch": 27, "update": 8075, "batch_loss": 0.29502907395362854, "gradient_norm": 3.9557044506073, "wall_seconds": 595.94}
{"event": "update", "epoch": 27, "update": 8100, "batch_loss": 0.5228409767150879, "gradient_norm": 9.558262825012207, "wall_seconds": 597.48}
{"event": "update", "epoch": 27, "update": 8125, "batch_loss": 0.840408980846405, "gradient_norm": 8.11841106414795, "wall_seconds": 599.02}
{"event": "update", "epoch": 27, "update": 8150, "batch_loss": 0.2713460922241211, "gradient_norm": 4.020637035369873, "wall_seconds": 600.54}
{"event": "update", "epoch": 27, "update": 8175, "batch_loss": 0.29652607440948486, "gradient_norm": 8.6293363571167, "wall_seconds": 602.06}
{"event": "update", "epoch": 27, "update": 8200, "batch_loss": 0.17783111333847046, "gradient_norm": 1.3443347215652466, "wall_seconds": 603.58}
{"event": "update", "epoch": 27, "update": 8225, "batch_loss": 0.3767247200012207, "gradient_norm": 7.9876837730407715, "wall_seconds": 605.09}
{"event": "update", "epoch": 27, "update": 8250, "batch_loss": 0.7139029502868652, "gradient_norm": 6.122686862945557, "wall_seconds": 606.61}
{"event": "update", "epoch": 27, "update": 8275, "batch_loss": 0.5365784168243408, "gradient_norm": 3.0271921157836914, "wall_seconds": 608.03}
{"event": "update", "epoch": 27, "update": 8300, "batch_loss": 1.0116709470748901, "gradient_norm": 20.673938751220703, "wall_seconds": 609.34}
{"event": "update", "epoch": 27, "update": 8325, "batch_loss": 0.18827278912067413, "gradient_norm": 2.7522027492523193, "wall_seconds": 610.67}
{"event": "epoch", "epoch": 27, "updates": 8343, "seconds": 18.21544035396073, "learning_rate": 0.00026765480535600414, "loss": 0.3858674833765389, "direction_loss": 0.2915567757344444, "projection_loss": 0.09431070852209625, "wall_seconds": 611.63}
{"event": "update", "epoch": 28, "update": 8350, "batch_loss": 0.13626094162464142, "gradient_norm": 1.2521517276763916, "wall_seconds": 612.04}
{"event": "update", "epoch": 28, "update": 8375, "batch_loss": 0.24437464773654938, "gradient_norm": 2.2070555686950684, "wall_seconds": 613.44}
{"event": "update", "epoch": 28, "update": 8400, "batch_loss": 0.8934678435325623, "gradient_norm": 5.2542853355407715, "wall_seconds": 614.95}
{"event": "update", "epoch": 28, "update": 8425, "batch_loss": 0.07877229154109955, "gradient_norm": 1.6921628713607788, "wall_seconds": 616.47}
{"event": "update", "epoch": 28, "update": 8450, "batch_loss": 0.5038820505142212, "gradient_norm": 4.486259937286377, "wall_seconds": 618.05}
{"event": "update", "epoch": 28, "update": 8475, "batch_loss": 0.5114532709121704, "gradient_norm": 2.44232177734375, "wall_seconds": 619.63}
{"event": "update", "epoch": 28, "update": 8500, "batch_loss": 1.1063193082809448, "gradient_norm": 4.740158557891846, "wall_seconds": 621.2}
{"event": "update", "epoch": 28, "update": 8525, "batch_loss": 0.5073013305664062, "gradient_norm": 1.2584177255630493, "wall_seconds": 622.78}
{"event": "update", "epoch": 28, "update": 8550, "batch_loss": 1.2591122388839722, "gradient_norm": 8.968219757080078, "wall_seconds": 624.36}
{"event": "update", "epoch": 28, "update": 8575, "batch_loss": 0.2823749780654907, "gradient_norm": 1.1212513446807861, "wall_seconds": 625.94}
{"event": "update", "epoch": 28, "update": 8600, "batch_loss": 0.2066827267408371, "gradient_norm": 1.7978681325912476, "wall_seconds": 627.52}
{"event": "update", "epoch": 28, "update": 8625, "batch_loss": 0.06592142581939697, "gradient_norm": 0.7579757571220398, "wall_seconds": 629.14}
{"event": "update", "epoch": 28, "update": 8650, "batch_loss": 0.08401284366846085, "gradient_norm": 1.0012288093566895, "wall_seconds": 630.72}
{"event": "epoch", "epoch": 28, "updates": 8652, "seconds": 19.191319469944574, "learning_rate": 0.0002653245514394482, "loss": 0.37056723679000786, "direction_loss": 0.2787734615273858, "projection_loss": 0.09179377418790297, "wall_seconds": 630.85}
{"event": "update", "epoch": 29, "update": 8675, "batch_loss": 0.9388341307640076, "gradient_norm": 2.067019462585449, "wall_seconds": 632.37}
{"event": "update", "epoch": 29, "update": 8700, "batch_loss": 0.2004513293504715, "gradient_norm": 1.1812134981155396, "wall_seconds": 633.97}
{"event": "update", "epoch": 29, "update": 8725, "batch_loss": 0.10570139437913895, "gradient_norm": 0.9889504313468933, "wall_seconds": 635.61}
{"event": "update", "epoch": 29, "update": 8750, "batch_loss": 0.742863118648529, "gradient_norm": 2.523287773132324, "wall_seconds": 637.19}
{"event": "update", "epoch": 29, "update": 8775, "batch_loss": 0.055484920740127563, "gradient_norm": 0.8935231566429138, "wall_seconds": 638.79}
{"event": "update", "epoch": 29, "update": 8800, "batch_loss": 0.24023523926734924, "gradient_norm": 1.441325306892395, "wall_seconds": 640.41}
{"event": "update", "epoch": 29, "update": 8825, "batch_loss": 0.1541939526796341, "gradient_norm": 1.5702580213546753, "wall_seconds": 642.02}
{"event": "update", "epoch": 29, "update": 8850, "batch_loss": 0.6071751117706299, "gradient_norm": 4.962395191192627, "wall_seconds": 643.65}
{"event": "update", "epoch": 29, "update": 8875, "batch_loss": 0.2808551490306854, "gradient_norm": 2.7872254848480225, "wall_seconds": 645.24}
{"event": "update", "epoch": 29, "update": 8900, "batch_loss": 0.0989735871553421, "gradient_norm": 1.1450737714767456, "wall_seconds": 646.83}
{"event": "update", "epoch": 29, "update": 8925, "batch_loss": 0.07800129055976868, "gradient_norm": 0.9854406118392944, "wall_seconds": 648.41}
{"event": "update", "epoch": 29, "update": 8950, "batch_loss": 0.20011433959007263, "gradient_norm": 7.024006366729736, "wall_seconds": 650.03}
{"event": "epoch", "epoch": 29, "updates": 8961, "seconds": 19.854284400003962, "learning_rate": 0.0002629255400866588, "loss": 0.33892222972076563, "direction_loss": 0.2501879023309537, "projection_loss": 0.08873432717698126, "wall_seconds": 650.74}
{"event": "update", "epoch": 30, "update": 8975, "batch_loss": 0.6501764059066772, "gradient_norm": 2.7358925342559814, "wall_seconds": 651.67}
{"event": "update", "epoch": 30, "update": 9000, "batch_loss": 0.13031771779060364, "gradient_norm": 1.3027746677398682, "wall_seconds": 653.29}
{"event": "update", "epoch": 30, "update": 9025, "batch_loss": 0.22920265793800354, "gradient_norm": 11.389432907104492, "wall_seconds": 654.9}
{"event": "update", "epoch": 30, "update": 9050, "batch_loss": 0.640545666217804, "gradient_norm": 6.043971061706543, "wall_seconds": 656.51}
{"event": "update", "epoch": 30, "update": 9075, "batch_loss": 0.5771713256835938, "gradient_norm": 7.108012676239014, "wall_seconds": 658.1}
{"event": "update", "epoch": 30, "update": 9100, "batch_loss": 0.11170255392789841, "gradient_norm": 1.2107616662979126, "wall_seconds": 659.7}
{"event": "update", "epoch": 30, "update": 9125, "batch_loss": 0.1670217365026474, "gradient_norm": 3.7540736198425293, "wall_seconds": 661.29}
{"event": "update", "epoch": 30, "update": 9150, "batch_loss": 0.8168462514877319, "gradient_norm": 10.03127384185791, "wall_seconds": 662.89}
{"event": "update", "epoch": 30, "update": 9175, "batch_loss": 0.09363605082035065, "gradient_norm": 0.9953727126121521, "wall_seconds": 664.49}
{"event": "update", "epoch": 30, "update": 9200, "batch_loss": 0.46876445412635803, "gradient_norm": 1.1968554258346558, "wall_seconds": 666.08}
{"event": "update", "epoch": 30, "update": 9225, "batch_loss": 0.6761102676391602, "gradient_norm": 2.1275434494018555, "wall_seconds": 667.67}
{"event": "update", "epoch": 30, "update": 9250, "batch_loss": 0.5506188869476318, "gradient_norm": 2.694117546081543, "wall_seconds": 669.26}
{"event": "epoch", "epoch": 30, "updates": 9270, "seconds": 19.766973846009932, "learning_rate": 0.0002604594154601839, "loss": 0.3884756726362234, "direction_loss": 0.30105119582863354, "projection_loss": 0.08742447719702458, "wall_seconds": 670.54}
{"event": "evaluation", "split": "train", "epoch": 30, "loss": 0.36064849047343484, "components": {"direction_loss": 0.27418125600431786, "projection_loss": 0.08646723419741835}, "mean_angle": 22.567369871553957, "mean_offset": 0.0763385429975965, "strict_count": 14, "loose_count": 129, "samples": 1234, "selection_score": 13.021601012160861, "wall_seconds": 682.8}
{"event": "evaluation", "split": "val", "epoch": 30, "loss": 0.7886309374168695, "components": {"direction_loss": 0.6595140963972334, "projection_loss": 0.12911683698016477}, "mean_angle": 40.92164061335196, "mean_offset": 0.08697182821749475, "strict_count": 0, "loose_count": 3, "samples": 166, "selection_score": 18.61806145575202, "wall_seconds": 684.45}
{"event": "update", "epoch": 31, "update": 9275, "batch_loss": 0.2036358118057251, "gradient_norm": 25.397899627685547, "wall_seconds": 684.76}
{"event": "update", "epoch": 31, "update": 9300, "batch_loss": 0.15403032302856445, "gradient_norm": 1.5926557779312134, "wall_seconds": 686.17}
{"event": "update", "epoch": 31, "update": 9325, "batch_loss": 0.13768580555915833, "gradient_norm": 1.6554551124572754, "wall_seconds": 687.59}
{"event": "update", "epoch": 31, "update": 9350, "batch_loss": 0.09710317105054855, "gradient_norm": 0.7936491370201111, "wall_seconds": 689.02}
{"event": "update", "epoch": 31, "update": 9375, "batch_loss": 0.13156962394714355, "gradient_norm": 0.8169977068901062, "wall_seconds": 690.45}
{"event": "update", "epoch": 31, "update": 9400, "batch_loss": 0.6165140271186829, "gradient_norm": 2.554481267929077, "wall_seconds": 691.87}
{"event": "update", "epoch": 31, "update": 9425, "batch_loss": 0.4661852717399597, "gradient_norm": 28.16901969909668, "wall_seconds": 693.27}
{"event": "update", "epoch": 31, "update": 9450, "batch_loss": 0.17590703070163727, "gradient_norm": 1.3926924467086792, "wall_seconds": 694.68}
{"event": "update", "epoch": 31, "update": 9475, "batch_loss": 0.5327099561691284, "gradient_norm": 4.275398254394531, "wall_seconds": 696.15}
{"event": "update", "epoch": 31, "update": 9500, "batch_loss": 0.2351975440979004, "gradient_norm": 10.524602890014648, "wall_seconds": 697.86}
{"event": "update", "epoch": 31, "update": 9525, "batch_loss": 0.09587650746107101, "gradient_norm": 1.3858243227005005, "wall_seconds": 699.49}
{"event": "update", "epoch": 31, "update": 9550, "batch_loss": 0.6652976274490356, "gradient_norm": 9.141497611999512, "wall_seconds": 701.09}
{"event": "update", "epoch": 31, "update": 9575, "batch_loss": 0.077255979180336, "gradient_norm": 0.9170246720314026, "wall_seconds": 702.68}
{"event": "epoch", "epoch": 31, "updates": 9579, "seconds": 18.461746120941825, "learning_rate": 0.0002579278677186568, "loss": 0.3461909997042999, "direction_loss": 0.26184723413484456, "projection_loss": 0.08434376471360461, "wall_seconds": 702.94}
{"event": "update", "epoch": 32, "update": 9600, "batch_loss": 0.6859610080718994, "gradient_norm": 1.9766722917556763, "wall_seconds": 704.3}
{"event": "update", "epoch": 32, "update": 9625, "batch_loss": 0.4576622545719147, "gradient_norm": 4.364106178283691, "wall_seconds": 705.92}
{"event": "update", "epoch": 32, "update": 9650, "batch_loss": 0.5444381237030029, "gradient_norm": 1.9263572692871094, "wall_seconds": 707.53}
{"event": "update", "epoch": 32, "update": 9675, "batch_loss": 0.1496935486793518, "gradient_norm": 1.3853733539581299, "wall_seconds": 709.17}
{"event": "update", "epoch": 32, "update": 9700, "batch_loss": 0.10914793610572815, "gradient_norm": 1.268703818321228, "wall_seconds": 710.77}
{"event": "update", "epoch": 32, "update": 9725, "batch_loss": 0.1705029308795929, "gradient_norm": 1.8909013271331787, "wall_seconds": 712.36}
{"event": "update", "epoch": 32, "update": 9750, "batch_loss": 0.1084294468164444, "gradient_norm": 1.0522613525390625, "wall_seconds": 714.28}
{"event": "update", "epoch": 32, "update": 9775, "batch_loss": 0.07524919509887695, "gradient_norm": 1.9181954860687256, "wall_seconds": 715.89}
{"event": "update", "epoch": 32, "update": 9800, "batch_loss": 1.1855640411376953, "gradient_norm": 2.3300437927246094, "wall_seconds": 717.48}
{"event": "update", "epoch": 32, "update": 9825, "batch_loss": 0.2091967761516571, "gradient_norm": 4.696028232574463, "wall_seconds": 719.06}
{"event": "update", "epoch": 32, "update": 9850, "batch_loss": 0.16942143440246582, "gradient_norm": 8.34212589263916, "wall_seconds": 720.65}
{"event": "update", "epoch": 32, "update": 9875, "batch_loss": 0.5328139066696167, "gradient_norm": 2.5529842376708984, "wall_seconds": 722.23}
{"event": "epoch", "epoch": 32, "updates": 9888, "seconds": 20.08915699995123, "learning_rate": 0.00025533263185844587, "loss": 0.32364394718621114, "direction_loss": 0.24020911124497168, "projection_loss": 0.08343483666124085, "wall_seconds": 723.05}
{"event": "update", "epoch": 33, "update": 9900, "batch_loss": 0.5884250998497009, "gradient_norm": 5.331005096435547, "wall_seconds": 723.84}
{"event": "update", "epoch": 33, "update": 9925, "batch_loss": 0.1535397171974182, "gradient_norm": 1.8723318576812744, "wall_seconds": 725.43}
{"event": "update", "epoch": 33, "update": 9950, "batch_loss": 0.1445126086473465, "gradient_norm": 8.296934127807617, "wall_seconds": 727.04}
{"event": "update", "epoch": 33, "update": 9975, "batch_loss": 0.46462777256965637, "gradient_norm": 8.887624740600586, "wall_seconds": 728.66}
{"event": "update", "epoch": 33, "update": 10000, "batch_loss": 0.2865907549858093, "gradient_norm": 3.300420045852661, "wall_seconds": 730.27}
{"event": "update", "epoch": 33, "update": 10025, "batch_loss": 0.11598385125398636, "gradient_norm": 1.92128324508667, "wall_seconds": 731.89}
{"event": "update", "epoch": 33, "update": 10050, "batch_loss": 0.39792054891586304, "gradient_norm": 13.442709922790527, "wall_seconds": 733.52}
{"event": "update", "epoch": 33, "update": 10075, "batch_loss": 0.2625887095928192, "gradient_norm": 4.886801719665527, "wall_seconds": 735.15}
{"event": "update", "epoch": 33, "update": 10100, "batch_loss": 0.09143846482038498, "gradient_norm": 2.2186837196350098, "wall_seconds": 736.7}
{"event": "update", "epoch": 33, "update": 10125, "batch_loss": 0.45982080698013306, "gradient_norm": 6.427600383758545, "wall_seconds": 738.25}
{"event": "update", "epoch": 33, "update": 10150, "batch_loss": 0.5566509962081909, "gradient_norm": 2.682891368865967, "wall_seconds": 739.81}
{"event": "update", "epoch": 33, "update": 10175, "batch_loss": 0.21302984654903412, "gradient_norm": 3.2006428241729736, "wall_seconds": 741.36}
{"event": "epoch", "epoch": 33, "updates": 10197, "seconds": 19.62842142500449, "learning_rate": 0.0002526754865245748, "loss": 0.316191295696184, "direction_loss": 0.23523387892663816, "projection_loss": 0.08095741620048807, "wall_seconds": 742.71}
{"event": "update", "epoch": 34, "update": 10200, "batch_loss": 0.07413724064826965, "gradient_norm": 1.792916178703308, "wall_seconds": 742.93}
{"event": "update", "epoch": 34, "update": 10225, "batch_loss": 0.3206336200237274, "gradient_norm": 2.1787655353546143, "wall_seconds": 744.47}
{"event": "update", "epoch": 34, "update": 10250, "batch_loss": 0.05658441781997681, "gradient_norm": 1.1367191076278687, "wall_seconds": 746.02}
{"event": "update", "epoch": 34, "update": 10275, "batch_loss": 0.5421991944313049, "gradient_norm": 1.2644050121307373, "wall_seconds": 747.58}
{"event": "update", "epoch": 34, "update": 10300, "batch_loss": 0.07036060839891434, "gradient_norm": 0.7424963712692261, "wall_seconds": 749.14}
{"event": "update", "epoch": 34, "update": 10325, "batch_loss": 0.1521819829940796, "gradient_norm": 1.06986665725708, "wall_seconds": 750.71}
{"event": "update", "epoch": 34, "update": 10350, "batch_loss": 0.7561627626419067, "gradient_norm": 2.991584300994873, "wall_seconds": 752.27}
{"event": "update", "epoch": 34, "update": 10375, "batch_loss": 0.10664470493793488, "gradient_norm": 5.775008678436279, "wall_seconds": 753.83}
{"event": "update", "epoch": 34, "update": 10400, "batch_loss": 0.40735572576522827, "gradient_norm": 3.1873466968536377, "wall_seconds": 755.38}
{"event": "update", "epoch": 34, "update": 10425, "batch_loss": 0.36831122636795044, "gradient_norm": 3.671055793762207, "wall_seconds": 756.93}
{"event": "update", "epoch": 34, "update": 10450, "batch_loss": 0.1639113426208496, "gradient_norm": 1.505717158317566, "wall_seconds": 758.47}
{"event": "update", "epoch": 34, "update": 10475, "batch_loss": 0.1420055329799652, "gradient_norm": 1.1595609188079834, "wall_seconds": 760.02}
{"event": "update", "epoch": 34, "update": 10500, "batch_loss": 0.08604808151721954, "gradient_norm": 1.0862125158309937, "wall_seconds": 761.58}
{"event": "epoch", "epoch": 34, "updates": 10506, "seconds": 19.206482258043252, "learning_rate": 0.0002499582527917281, "loss": 0.3148697728903985, "direction_loss": 0.23567272719551283, "projection_loss": 0.0791970460013014, "wall_seconds": 761.95}
{"event": "update", "epoch": 35, "update": 10525, "batch_loss": 0.7904370427131653, "gradient_norm": 3.798597574234009, "wall_seconds": 763.01}
{"event": "update", "epoch": 35, "update": 10550, "batch_loss": 0.19879014790058136, "gradient_norm": 3.425940990447998, "wall_seconds": 764.38}
{"event": "update", "epoch": 35, "update": 10575, "batch_loss": 0.762560248374939, "gradient_norm": 7.424442291259766, "wall_seconds": 765.75}
{"event": "update", "epoch": 35, "update": 10600, "batch_loss": 0.5960975885391235, "gradient_norm": 8.64231014251709, "wall_seconds": 767.19}
{"event": "update", "epoch": 35, "update": 10625, "batch_loss": 0.42074406147003174, "gradient_norm": 30.910200119018555, "wall_seconds": 768.55}
{"event": "update", "epoch": 35, "update": 10650, "batch_loss": 0.5410551428794861, "gradient_norm": 1.756088137626648, "wall_seconds": 769.94}
{"event": "update", "epoch": 35, "update": 10675, "batch_loss": 0.24657230079174042, "gradient_norm": 1.7113527059555054, "wall_seconds": 771.5}
{"event": "update", "epoch": 35, "update": 10700, "batch_loss": 0.1315019577741623, "gradient_norm": 1.5472673177719116, "wall_seconds": 773.07}
{"event": "update", "epoch": 35, "update": 10725, "batch_loss": 0.48191389441490173, "gradient_norm": 4.986739158630371, "wall_seconds": 774.63}
{"event": "update", "epoch": 35, "update": 10750, "batch_loss": 0.18076977133750916, "gradient_norm": 1.8262884616851807, "wall_seconds": 776.19}
{"event": "update", "epoch": 35, "update": 10775, "batch_loss": 0.43380412459373474, "gradient_norm": 8.318182945251465, "wall_seconds": 777.74}
{"event": "update", "epoch": 35, "update": 10800, "batch_loss": 0.13046343624591827, "gradient_norm": 1.4961981773376465, "wall_seconds": 779.3}
{"event": "epoch", "epoch": 35, "updates": 10815, "seconds": 18.2472796930233, "learning_rate": 0.00024718279291617736, "loss": 0.29429092546819285, "direction_loss": 0.2155192318678844, "projection_loss": 0.07877169441389496, "wall_seconds": 780.23}
{"event": "evaluation", "split": "train", "epoch": 35, "loss": 0.3275391084822785, "components": {"direction_loss": 0.23986411400251031, "projection_loss": 0.08767499476429709}, "mean_angle": 20.800667391954114, "mean_offset": 0.08333637988309163, "strict_count": 13, "loose_count": 71, "samples": 1234, "selection_score": 13.486959580834771, "wall_seconds": 792.51}
{"event": "evaluation", "split": "val", "epoch": 35, "loss": 0.7607898374637926, "components": {"direction_loss": 0.640446843332555, "projection_loss": 0.12034300023532775}, "mean_angle": 39.31890869356064, "mean_offset": 0.08585781076220313, "strict_count": 0, "loose_count": 1, "samples": 166, "selection_score": 17.157597612508077, "wall_seconds": 794.13}
{"event": "update", "epoch": 36, "update": 10825, "batch_loss": 0.050226226449012756, "gradient_norm": 0.7943762540817261, "wall_seconds": 794.75}
{"event": "update", "epoch": 36, "update": 10850, "batch_loss": 0.4671705961227417, "gradient_norm": 1.8218806982040405, "wall_seconds": 796.15}
{"event": "update", "epoch": 36, "update": 10875, "batch_loss": 0.6544549465179443, "gradient_norm": 3.1185719966888428, "wall_seconds": 797.61}
{"event": "update", "epoch": 36, "update": 10900, "batch_loss": 0.7566102147102356, "gradient_norm": 4.527397155761719, "wall_seconds": 799.2}
{"event": "update", "epoch": 36, "update": 10925, "batch_loss": 0.4993525445461273, "gradient_norm": 19.593278884887695, "wall_seconds": 800.81}
{"event": "update", "epoch": 36, "update": 10950, "batch_loss": 0.1651524305343628, "gradient_norm": 2.121102809906006, "wall_seconds": 802.41}
{"event": "update", "epoch": 36, "update": 10975, "batch_loss": 0.253852903842926, "gradient_norm": 4.195584297180176, "wall_seconds": 804.03}
{"event": "update", "epoch": 36, "update": 11000, "batch_loss": 0.028531868010759354, "gradient_norm": 0.4943517744541168, "wall_seconds": 805.65}
{"event": "update", "epoch": 36, "update": 11025, "batch_loss": 0.06491092592477798, "gradient_norm": 1.086826205253601, "wall_seconds": 807.32}
{"event": "update", "epoch": 36, "update": 11050, "batch_loss": 0.10618267953395844, "gradient_norm": 0.8249549865722656, "wall_seconds": 808.96}
{"event": "update", "epoch": 36, "update": 11075, "batch_loss": 0.3580119013786316, "gradient_norm": 8.764780044555664, "wall_seconds": 810.57}
{"event": "update", "epoch": 36, "update": 11100, "batch_loss": 0.6803111433982849, "gradient_norm": 7.890170574188232, "wall_seconds": 812.22}
{"event": "epoch", "epoch": 36, "updates": 11124, "seconds": 19.59380874503404, "learning_rate": 0.000244351009059484, "loss": 0.2780414419535493, "direction_loss": 0.20063786335346837, "projection_loss": 0.07740357794121173, "wall_seconds": 813.78}
{"event": "update", "epoch": 37, "update": 11125, "batch_loss": 0.09723716974258423, "gradient_norm": 0.9926146268844604, "wall_seconds": 813.88}
{"event": "update", "epoch": 37, "update": 11150, "batch_loss": 0.4261993169784546, "gradient_norm": 2.475754737854004, "wall_seconds": 815.5}
{"event": "update", "epoch": 37, "update": 11175, "batch_loss": 0.5400601029396057, "gradient_norm": 2.559746265411377, "wall_seconds": 817.12}
{"event": "update", "epoch": 37, "update": 11200, "batch_loss": 0.36819320917129517, "gradient_norm": 4.2372541427612305, "wall_seconds": 818.74}
{"event": "update", "epoch": 37, "update": 11225, "batch_loss": 0.6015827059745789, "gradient_norm": 1.8249192237854004, "wall_seconds": 820.36}
{"event": "update", "epoch": 37, "update": 11250, "batch_loss": 0.09585744142532349, "gradient_norm": 1.4594086408615112, "wall_seconds": 821.99}
{"event": "update", "epoch": 37, "update": 11275, "batch_loss": 0.4408981204032898, "gradient_norm": 8.45111083984375, "wall_seconds": 823.47}
{"event": "update", "epoch": 37, "update": 11300, "batch_loss": 0.3637901544570923, "gradient_norm": 3.631420135498047, "wall_seconds": 824.89}
{"event": "update", "epoch": 37, "update": 11325, "batch_loss": 0.19502970576286316, "gradient_norm": 1.2425585985183716, "wall_seconds": 826.44}
{"event": "update", "epoch": 37, "update": 11350, "batch_loss": 0.058797407895326614, "gradient_norm": 1.0751899480819702, "wall_seconds": 828.08}
{"event": "update", "epoch": 37, "update": 11375, "batch_loss": 0.2516467571258545, "gradient_norm": 1.8340246677398682, "wall_seconds": 829.7}
{"event": "update", "epoch": 37, "update": 11400, "batch_loss": 0.2014453113079071, "gradient_norm": 1.2724868059158325, "wall_seconds": 831.33}
{"event": "update", "epoch": 37, "update": 11425, "batch_loss": 0.03787778317928314, "gradient_norm": 0.6826659440994263, "wall_seconds": 832.81}
{"event": "epoch", "epoch": 37, "updates": 11433, "seconds": 19.4557116930373, "learning_rate": 0.00024146484198485252, "loss": 0.2855500701265455, "direction_loss": 0.20952036842172497, "projection_loss": 0.07602970153878245, "wall_seconds": 833.26}
{"event": "update", "epoch": 38, "update": 11450, "batch_loss": 0.383332759141922, "gradient_norm": 7.785161972045898, "wall_seconds": 834.25}
{"event": "update", "epoch": 38, "update": 11475, "batch_loss": 0.3898838758468628, "gradient_norm": 4.325202465057373, "wall_seconds": 835.68}
{"event": "update", "epoch": 38, "update": 11500, "batch_loss": 0.18472245335578918, "gradient_norm": 1.4356236457824707, "wall_seconds": 837.11}
{"event": "update", "epoch": 38, "update": 11525, "batch_loss": 0.5731333494186401, "gradient_norm": 3.070258378982544, "wall_seconds": 838.54}
{"event": "update", "epoch": 38, "update": 11550, "batch_loss": 0.3235298991203308, "gradient_norm": 2.3748691082000732, "wall_seconds": 839.96}
{"event": "update", "epoch": 38, "update": 11575, "batch_loss": 0.5871309041976929, "gradient_norm": 2.7372536659240723, "wall_seconds": 841.38}
{"event": "update", "epoch": 38, "update": 11600, "batch_loss": 0.05057796090841293, "gradient_norm": 0.6244309544563293, "wall_seconds": 842.78}
{"event": "update", "epoch": 38, "update": 11625, "batch_loss": 1.1680052280426025, "gradient_norm": 3.809142827987671, "wall_seconds": 844.18}
{"event": "update", "epoch": 38, "update": 11650, "batch_loss": 0.07018907368183136, "gradient_norm": 0.9729217886924744, "wall_seconds": 845.82}
{"event": "update", "epoch": 38, "update": 11675, "batch_loss": 0.13158755004405975, "gradient_norm": 2.582490921020508, "wall_seconds": 847.44}
{"event": "update", "epoch": 38, "update": 11700, "batch_loss": 0.03756282478570938, "gradient_norm": 0.6095600724220276, "wall_seconds": 849.05}
{"event": "update", "epoch": 38, "update": 11725, "batch_loss": 0.27494674921035767, "gradient_norm": 2.883800745010376, "wall_seconds": 850.62}
{"event": "epoch", "epoch": 38, "updates": 11742, "seconds": 18.380103182978928, "learning_rate": 0.00023852626972702874, "loss": 0.2871575833809965, "direction_loss": 0.21357620651478995, "projection_loss": 0.07358137707450885, "wall_seconds": 851.67}
{"event": "update", "epoch": 39, "update": 11750, "batch_loss": 0.1380205899477005, "gradient_norm": 2.0626893043518066, "wall_seconds": 852.2}
{"event": "update", "epoch": 39, "update": 11775, "batch_loss": 0.7420245409011841, "gradient_norm": 4.249526023864746, "wall_seconds": 853.74}
{"event": "update", "epoch": 39, "update": 11800, "batch_loss": 0.2732934057712555, "gradient_norm": 3.2128102779388428, "wall_seconds": 855.28}
{"event": "update", "epoch": 39, "update": 11825, "batch_loss": 0.05298440158367157, "gradient_norm": 0.891608715057373, "wall_seconds": 856.82}
{"event": "update", "epoch": 39, "update": 11850, "batch_loss": 0.09637859463691711, "gradient_norm": 7.124702453613281, "wall_seconds": 858.18}
{"event": "update", "epoch": 39, "update": 11875, "batch_loss": 0.405403733253479, "gradient_norm": 8.260359764099121, "wall_seconds": 859.53}
{"event": "update", "epoch": 39, "update": 11900, "batch_loss": 0.07257843017578125, "gradient_norm": 1.260210633277893, "wall_seconds": 860.89}
{"event": "update", "epoch": 39, "update": 11925, "batch_loss": 0.4089145064353943, "gradient_norm": 3.3241279125213623, "wall_seconds": 862.24}
{"event": "update", "epoch": 39, "update": 11950, "batch_loss": 0.15080219507217407, "gradient_norm": 1.0292370319366455, "wall_seconds": 863.61}
{"event": "update", "epoch": 39, "update": 11975, "batch_loss": 0.15095067024230957, "gradient_norm": 2.0364294052124023, "wall_seconds": 865.03}
{"event": "update", "epoch": 39, "update": 12000, "batch_loss": 0.12150945514440536, "gradient_norm": 1.4125940799713135, "wall_seconds": 866.44}
{"event": "update", "epoch": 39, "update": 12025, "batch_loss": 0.17216189205646515, "gradient_norm": 5.541619777679443, "wall_seconds": 867.86}
{"event": "update", "epoch": 39, "update": 12050, "batch_loss": 0.06313379853963852, "gradient_norm": 0.9658159613609314, "wall_seconds": 869.28}
{"event": "epoch", "epoch": 39, "updates": 12051, "seconds": 17.633447217056528, "learning_rate": 0.00023553730623665316, "loss": 0.2813779879814222, "direction_loss": 0.20886618569961218, "projection_loss": 0.07251180249841421, "wall_seconds": 869.34}
{"event": "update", "epoch": 40, "update": 12075, "batch_loss": 0.05196163058280945, "gradient_norm": 0.9204061031341553, "wall_seconds": 870.68}
{"event": "update", "epoch": 40, "update": 12100, "batch_loss": 0.14180602133274078, "gradient_norm": 1.3211956024169922, "wall_seconds": 872.05}
{"event": "update", "epoch": 40, "update": 12125, "batch_loss": 0.5478342771530151, "gradient_norm": 1.7520153522491455, "wall_seconds": 873.42}
{"event": "update", "epoch": 40, "update": 12150, "batch_loss": 0.35997551679611206, "gradient_norm": 8.54471492767334, "wall_seconds": 874.78}
{"event": "update", "epoch": 40, "update": 12175, "batch_loss": 0.07516150176525116, "gradient_norm": 0.9849627614021301, "wall_seconds": 876.15}
{"event": "update", "epoch": 40, "update": 12200, "batch_loss": 0.5542550683021545, "gradient_norm": 2.320930004119873, "wall_seconds": 877.52}
{"event": "update", "epoch": 40, "update": 12225, "batch_loss": 0.11774304509162903, "gradient_norm": 3.40586256980896, "wall_seconds": 878.89}
{"event": "update", "epoch": 40, "update": 12250, "batch_loss": 0.06164531037211418, "gradient_norm": 0.854481041431427, "wall_seconds": 880.25}
{"event": "update", "epoch": 40, "update": 12275, "batch_loss": 0.03172794729471207, "gradient_norm": 0.7794315814971924, "wall_seconds": 881.64}
{"event": "update", "epoch": 40, "update": 12300, "batch_loss": 0.12809418141841888, "gradient_norm": 3.0786612033843994, "wall_seconds": 883.06}
{"event": "update", "epoch": 40, "update": 12325, "batch_loss": 0.34442397952079773, "gradient_norm": 4.121480941772461, "wall_seconds": 884.46}
{"event": "update", "epoch": 40, "update": 12350, "batch_loss": 0.13196666538715363, "gradient_norm": 0.7841637134552002, "wall_seconds": 885.88}
{"event": "epoch", "epoch": 40, "updates": 12360, "seconds": 17.0740814920282, "learning_rate": 0.00023250000000000007, "loss": 0.2763844375865386, "direction_loss": 0.20436597253517452, "projection_loss": 0.07201846492759026, "wall_seconds": 886.44}
{"event": "evaluation", "split": "train", "epoch": 40, "loss": 0.26225889153851006, "components": {"direction_loss": 0.18854501965301748, "projection_loss": 0.07371387136813308}, "mean_angle": 16.293873512257054, "mean_offset": 0.07111494961615733, "strict_count": 47, "loose_count": 205, "samples": 1234, "selection_score": 11.956502683768914, "wall_seconds": 898.63}
{"event": "evaluation", "split": "val", "epoch": 40, "loss": 0.7212318769061422, "components": {"direction_loss": 0.6022443148610462, "projection_loss": 0.11898756108011108}, "mean_angle": 36.609335610485935, "mean_offset": 0.07844453013967723, "strict_count": 2, "loose_count": 11, "samples": 166, "selection_score": 16.95811514407212, "wall_seconds": 900.25}
{"event": "update", "epoch": 41, "update": 12375, "batch_loss": 0.6481503248214722, "gradient_norm": 6.320998191833496, "wall_seconds": 901.15}
{"event": "update", "epoch": 41, "update": 12400, "batch_loss": 0.38536643981933594, "gradient_norm": 1.6176836490631104, "wall_seconds": 902.58}
{"event": "update", "epoch": 41, "update": 12425, "batch_loss": 0.09223712980747223, "gradient_norm": 1.016439437866211, "wall_seconds": 903.99}
{"event": "update", "epoch": 41, "update": 12450, "batch_loss": 0.12042485177516937, "gradient_norm": 1.994073510169983, "wall_seconds": 905.41}
{"event": "update", "epoch": 41, "update": 12475, "batch_loss": 0.6149771213531494, "gradient_norm": 1.996756911277771, "wall_seconds": 906.83}
{"event": "update", "epoch": 41, "update": 12500, "batch_loss": 0.15906240046024323, "gradient_norm": 1.110986590385437, "wall_seconds": 908.27}
{"event": "update", "epoch": 41, "update": 12525, "batch_loss": 0.2095818817615509, "gradient_norm": 20.841455459594727, "wall_seconds": 909.71}
{"event": "update", "epoch": 41, "update": 12550, "batch_loss": 0.07642728090286255, "gradient_norm": 1.1910380125045776, "wall_seconds": 911.12}
{"event": "update", "epoch": 41, "update": 12575, "batch_loss": 0.4770227372646332, "gradient_norm": 1.5698822736740112, "wall_seconds": 912.53}
{"event": "update", "epoch": 41, "update": 12600, "batch_loss": 0.10513724386692047, "gradient_norm": 0.8547110557556152, "wall_seconds": 913.96}
{"event": "update", "epoch": 41, "update": 12625, "batch_loss": 0.12175248563289642, "gradient_norm": 1.187013864517212, "wall_seconds": 915.38}
{"event": "update", "epoch": 41, "update": 12650, "batch_loss": 0.09464040398597717, "gradient_norm": 1.2435351610183716, "wall_seconds": 916.8}
{"event": "epoch", "epoch": 41, "updates": 12669, "seconds": 17.585862323991023, "learning_rate": 0.00022941643263504723, "loss": 0.2587338361520821, "direction_loss": 0.18965257738144825, "projection_loss": 0.06908125878950186, "wall_seconds": 917.89}
{"event": "update", "epoch": 42, "update": 12675, "batch_loss": 0.2564017176628113, "gradient_norm": 10.755819320678711, "wall_seconds": 918.26}
{"event": "update", "epoch": 42, "update": 12700, "batch_loss": 0.5801290273666382, "gradient_norm": 2.486619710922241, "wall_seconds": 919.7}
{"event": "update", "epoch": 42, "update": 12725, "batch_loss": 0.46169957518577576, "gradient_norm": 1.0519829988479614, "wall_seconds": 921.14}
{"event": "update", "epoch": 42, "update": 12750, "batch_loss": 0.035521917045116425, "gradient_norm": 0.5464494228363037, "wall_seconds": 922.6}
{"event": "update", "epoch": 42, "update": 12775, "batch_loss": 0.21991103887557983, "gradient_norm": 2.4851198196411133, "wall_seconds": 924.04}
{"event": "update", "epoch": 42, "update": 12800, "batch_loss": 0.22007179260253906, "gradient_norm": 17.575450897216797, "wall_seconds": 925.47}
{"event": "update", "epoch": 42, "update": 12825, "batch_loss": 0.04996798560023308, "gradient_norm": 0.8917141556739807, "wall_seconds": 926.94}
{"event": "update", "epoch": 42, "update": 12850, "batch_loss": 0.1270430088043213, "gradient_norm": 1.6838725805282593, "wall_seconds": 928.37}
{"event": "update", "epoch": 42, "update": 12875, "batch_loss": 0.19885939359664917, "gradient_norm": 28.559221267700195, "wall_seconds": 929.8}
{"event": "update", "epoch": 42, "update": 12900, "batch_loss": 0.6166372299194336, "gradient_norm": 28.982715606689453, "wall_seconds": 931.24}
{"event": "update", "epoch": 42, "update": 12925, "batch_loss": 0.3637387752532959, "gradient_norm": 5.835063457489014, "wall_seconds": 932.68}
{"event": "update", "epoch": 42, "update": 12950, "batch_loss": 0.5424415469169617, "gradient_norm": 42.118343353271484, "wall_seconds": 934.11}
{"event": "update", "epoch": 42, "update": 12975, "batch_loss": 0.4416608512401581, "gradient_norm": 7.987989902496338, "wall_seconds": 935.55}
{"event": "epoch", "epoch": 42, "updates": 12978, "seconds": 17.800765528925695, "learning_rate": 0.00022628871746483887, "loss": 0.25241325714442775, "direction_loss": 0.18518005577602834, "projection_loss": 0.06723320067858676, "wall_seconds": 935.72}
{"event": "update", "epoch": 43, "update": 13000, "batch_loss": 0.1558898538351059, "gradient_norm": 0.9620007872581482, "wall_seconds": 937.01}
{"event": "update", "epoch": 43, "update": 13025, "batch_loss": 0.047933027148246765, "gradient_norm": 0.8391740918159485, "wall_seconds": 938.44}
{"event": "update", "epoch": 43, "update": 13050, "batch_loss": 0.2521190941333771, "gradient_norm": 20.154687881469727, "wall_seconds": 939.87}
{"event": "update", "epoch": 43, "update": 13075, "batch_loss": 0.04073028266429901, "gradient_norm": 0.6074398159980774, "wall_seconds": 941.28}
{"event": "update", "epoch": 43, "update": 13100, "batch_loss": 0.35059601068496704, "gradient_norm": 2.6050193309783936, "wall_seconds": 942.72}
{"event": "update", "epoch": 43, "update": 13125, "batch_loss": 0.08950448036193848, "gradient_norm": 0.9884823560714722, "wall_seconds": 944.15}
{"event": "update", "epoch": 43, "update": 13150, "batch_loss": 0.08031030744314194, "gradient_norm": 0.7789298295974731, "wall_seconds": 945.58}
{"event": "update", "epoch": 43, "update": 13175, "batch_loss": 0.11438214778900146, "gradient_norm": 23.339004516601562, "wall_seconds": 947.01}
{"event": "update", "epoch": 43, "update": 13200, "batch_loss": 0.19305430352687836, "gradient_norm": 1.8531861305236816, "wall_seconds": 948.45}
{"event": "update", "epoch": 43, "update": 13225, "batch_loss": 0.620326817035675, "gradient_norm": 1.5430254936218262, "wall_seconds": 949.9}
{"event": "update", "epoch": 43, "update": 13250, "batch_loss": 0.03529591113328934, "gradient_norm": 0.6011461019515991, "wall_seconds": 951.33}
{"event": "update", "epoch": 43, "update": 13275, "batch_loss": 0.1719539761543274, "gradient_norm": 2.12994122505188, "wall_seconds": 952.78}
{"event": "epoch", "epoch": 43, "updates": 13287, "seconds": 17.725837428006344, "learning_rate": 0.0002231189980691199, "loss": 0.24815643562465858, "direction_loss": 0.1790505860420095, "projection_loss": 0.06910584951529047, "wall_seconds": 953.47}
{"event": "update", "epoch": 44, "update": 13300, "batch_loss": 0.09132472425699234, "gradient_norm": 0.7637472748756409, "wall_seconds": 954.25}
{"event": "update", "epoch": 44, "update": 13325, "batch_loss": 0.08705149590969086, "gradient_norm": 1.4069328308105469, "wall_seconds": 955.71}
{"event": "update", "epoch": 44, "update": 13350, "batch_loss": 0.20688596367835999, "gradient_norm": 9.80828857421875, "wall_seconds": 957.16}
{"event": "update", "epoch": 44, "update": 13375, "batch_loss": 0.15290357172489166, "gradient_norm": 1.4061498641967773, "wall_seconds": 958.61}
{"event": "update", "epoch": 44, "update": 13400, "batch_loss": 0.12607716023921967, "gradient_norm": 1.4038790464401245, "wall_seconds": 960.04}
{"event": "update", "epoch": 44, "update": 13425, "batch_loss": 0.16167223453521729, "gradient_norm": 13.325582504272461, "wall_seconds": 961.52}
{"event": "update", "epoch": 44, "update": 13450, "batch_loss": 0.1895676553249359, "gradient_norm": 7.468242168426514, "wall_seconds": 962.94}
{"event": "update", "epoch": 44, "update": 13475, "batch_loss": 0.1254538595676422, "gradient_norm": 2.022653818130493, "wall_seconds": 964.36}
{"event": "update", "epoch": 44, "update": 13500, "batch_loss": 0.0505356565117836, "gradient_norm": 1.0550546646118164, "wall_seconds": 965.8}
{"event": "update", "epoch": 44, "update": 13525, "batch_loss": 0.08042536675930023, "gradient_norm": 0.9809547662734985, "wall_seconds": 967.39}
{"event": "update", "epoch": 44, "update": 13550, "batch_loss": 0.1092674732208252, "gradient_norm": 0.8808850646018982, "wall_seconds": 969.02}
{"event": "update", "epoch": 44, "update": 13575, "batch_loss": 0.6148114800453186, "gradient_norm": 11.05074405670166, "wall_seconds": 970.69}
{"event": "epoch", "epoch": 44, "updates": 13596, "seconds": 18.55308717302978, "learning_rate": 0.0002199094468152331, "loss": 0.22126442395645757, "direction_loss": 0.15565073601577004, "projection_loss": 0.06561368884974593, "wall_seconds": 972.05}
{"event": "update", "epoch": 45, "update": 13600, "batch_loss": 0.1100892499089241, "gradient_norm": 1.0203096866607666, "wall_seconds": 972.35}
{"event": "update", "epoch": 45, "update": 13625, "batch_loss": 0.2535371482372284, "gradient_norm": 1.742059350013733, "wall_seconds": 973.99}
{"event": "update", "epoch": 45, "update": 13650, "batch_loss": 0.45861297845840454, "gradient_norm": 4.805281639099121, "wall_seconds": 975.64}
{"event": "update", "epoch": 45, "update": 13675, "batch_loss": 0.48490098118782043, "gradient_norm": 3.7830028533935547, "wall_seconds": 977.34}
{"event": "update", "epoch": 45, "update": 13700, "batch_loss": 0.6154406070709229, "gradient_norm": 2.9824166297912598, "wall_seconds": 978.98}
{"event": "update", "epoch": 45, "update": 13725, "batch_loss": 0.4356343746185303, "gradient_norm": 4.087087631225586, "wall_seconds": 980.61}
{"event": "update", "epoch": 45, "update": 13750, "batch_loss": 0.042314931750297546, "gradient_norm": 0.951829195022583, "wall_seconds": 982.27}
{"event": "update", "epoch": 45, "update": 13775, "batch_loss": 0.04699130356311798, "gradient_norm": 0.7744187712669373, "wall_seconds": 983.92}
{"event": "update", "epoch": 45, "update": 13800, "batch_loss": 0.23444122076034546, "gradient_norm": 6.040081024169922, "wall_seconds": 985.56}
{"event": "update", "epoch": 45, "update": 13825, "batch_loss": 0.1717153638601303, "gradient_norm": 4.007754325866699, "wall_seconds": 987.18}
{"event": "update", "epoch": 45, "update": 13850, "batch_loss": 0.04939671605825424, "gradient_norm": 0.9222632646560669, "wall_seconds": 988.79}
{"event": "update", "epoch": 45, "update": 13875, "batch_loss": 0.06007829308509827, "gradient_norm": 0.8243027329444885, "wall_seconds": 990.42}
{"event": "update", "epoch": 45, "update": 13900, "batch_loss": 0.19691477715969086, "gradient_norm": 4.466907978057861, "wall_seconds": 992.05}
{"event": "epoch", "epoch": 45, "updates": 13905, "seconds": 20.28943885094486, "learning_rate": 0.0002166622633692872, "loss": 0.21629156626314167, "direction_loss": 0.1519683140739074, "projection_loss": 0.06432325205489438, "wall_seconds": 992.38}
{"event": "evaluation", "split": "train", "epoch": 45, "loss": 0.2747451680104099, "components": {"direction_loss": 0.20687790824073204, "projection_loss": 0.06786725890024216}, "mean_angle": 17.404248411062277, "mean_offset": 0.06432827954839786, "strict_count": 29, "loose_count": 195, "samples": 1234, "selection_score": 11.230975829582293, "wall_seconds": 1004.85}
{"event": "evaluation", "split": "val", "epoch": 45, "loss": 0.7894857645214323, "components": {"direction_loss": 0.669227985468839, "projection_loss": 0.12025777672428682}, "mean_angle": 38.667851306138985, "mean_offset": 0.07622431825316253, "strict_count": 0, "loose_count": 7, "samples": 166, "selection_score": 16.501475684735812, "wall_seconds": 1006.5}
{"event": "update", "epoch": 46, "update": 13925, "batch_loss": 0.03161993995308876, "gradient_norm": 0.5068038105964661, "wall_seconds": 1007.68}
{"event": "update", "epoch": 46, "update": 13950, "batch_loss": 0.11871577799320221, "gradient_norm": 1.6162109375, "wall_seconds": 1009.11}
{"event": "update", "epoch": 46, "update": 13975, "batch_loss": 0.1264609396457672, "gradient_norm": 2.585536479949951, "wall_seconds": 1010.54}
{"event": "update", "epoch": 46, "update": 14000, "batch_loss": 0.3782593011856079, "gradient_norm": 2.2855184078216553, "wall_seconds": 1011.96}
{"event": "update", "epoch": 46, "update": 14025, "batch_loss": 0.06953743100166321, "gradient_norm": 0.5990894436836243, "wall_seconds": 1013.4}
{"event": "update", "epoch": 46, "update": 14050, "batch_loss": 1.1224483251571655, "gradient_norm": 5.02078914642334, "wall_seconds": 1014.83}
{"event": "update", "epoch": 46, "update": 14075, "batch_loss": 0.33664795756340027, "gradient_norm": 5.387150764465332, "wall_seconds": 1016.25}
{"event": "update", "epoch": 46, "update": 14100, "batch_loss": 0.04569685459136963, "gradient_norm": 0.8215681314468384, "wall_seconds": 1017.68}
{"event": "update", "epoch": 46, "update": 14125, "batch_loss": 0.08093307167291641, "gradient_norm": 1.1946991682052612, "wall_seconds": 1019.13}
{"event": "update", "epoch": 46, "update": 14150, "batch_loss": 0.16828495264053345, "gradient_norm": 3.0829083919525146, "wall_seconds": 1020.55}
{"event": "update", "epoch": 46, "update": 14175, "batch_loss": 0.44327035546302795, "gradient_norm": 11.170916557312012, "wall_seconds": 1021.98}
{"event": "update", "epoch": 46, "update": 14200, "batch_loss": 0.04384112358093262, "gradient_norm": 0.5903779864311218, "wall_seconds": 1023.4}
{"event": "epoch", "epoch": 46, "updates": 14214, "seconds": 17.64702308701817, "learning_rate": 0.00021337967318861562, "loss": 0.21818864002002697, "direction_loss": 0.15650012602688476, "projection_loss": 0.06168851496672901, "wall_seconds": 1024.2}
{"event": "update", "epoch": 47, "update": 14225, "batch_loss": 0.32833752036094666, "gradient_norm": 6.867522239685059, "wall_seconds": 1024.85}
{"event": "update", "epoch": 47, "update": 14250, "batch_loss": 0.17749828100204468, "gradient_norm": 4.135900497436523, "wall_seconds": 1026.27}
{"event": "update", "epoch": 47, "update": 14275, "batch_loss": 0.11435247957706451, "gradient_norm": 0.6650523543357849, "wall_seconds": 1027.68}
{"event": "update", "epoch": 47, "update": 14300, "batch_loss": 0.04368375241756439, "gradient_norm": 0.8975794315338135, "wall_seconds": 1029.09}
{"event": "update", "epoch": 47, "update": 14325, "batch_loss": 0.0905504822731018, "gradient_norm": 3.296588659286499, "wall_seconds": 1030.51}
{"event": "update", "epoch": 47, "update": 14350, "batch_loss": 0.1533590704202652, "gradient_norm": 1.219482183456421, "wall_seconds": 1031.93}
{"event": "update", "epoch": 47, "update": 14375, "batch_loss": 0.03945615515112877, "gradient_norm": 0.7772599458694458, "wall_seconds": 1033.37}
{"event": "update", "epoch": 47, "update": 14400, "batch_loss": 0.11893554031848907, "gradient_norm": 13.84394645690918, "wall_seconds": 1034.84}
{"event": "update", "epoch": 47, "update": 14425, "batch_loss": 0.05187246948480606, "gradient_norm": 0.9412209987640381, "wall_seconds": 1036.4}
{"event": "update", "epoch": 47, "update": 14450, "batch_loss": 0.26866888999938965, "gradient_norm": 4.2279052734375, "wall_seconds": 1038.02}
{"event": "update", "epoch": 47, "update": 14475, "batch_loss": 0.05639659985899925, "gradient_norm": 0.770986020565033, "wall_seconds": 1039.66}
{"event": "update", "epoch": 47, "update": 14500, "batch_loss": 0.05790477618575096, "gradient_norm": 0.8968326449394226, "wall_seconds": 1041.29}
{"event": "epoch", "epoch": 47, "updates": 14523, "seconds": 18.54965188796632, "learning_rate": 0.0002100639259965591, "loss": 0.22951677421974306, "direction_loss": 0.16707635423126277, "projection_loss": 0.06244042079980263, "wall_seconds": 1042.77}
{"event": "update", "epoch": 48, "update": 14525, "batch_loss": 0.04161350056529045, "gradient_norm": 0.696704089641571, "wall_seconds": 1042.93}
{"event": "update", "epoch": 48, "update": 14550, "batch_loss": 0.14342233538627625, "gradient_norm": 1.515008568763733, "wall_seconds": 1044.53}
{"event": "update", "epoch": 48, "update": 14575, "batch_loss": 0.09710562974214554, "gradient_norm": 1.6623483896255493, "wall_seconds": 1046.14}
{"event": "update", "epoch": 48, "update": 14600, "batch_loss": 0.5655794143676758, "gradient_norm": 2.503418207168579, "wall_seconds": 1047.75}
{"event": "update", "epoch": 48, "update": 14625, "batch_loss": 0.059086982160806656, "gradient_norm": 0.8990100026130676, "wall_seconds": 1049.35}
{"event": "update", "epoch": 48, "update": 14650, "batch_loss": 0.03748632222414017, "gradient_norm": 0.9318743944168091, "wall_seconds": 1050.96}
{"event": "update", "epoch": 48, "update": 14675, "batch_loss": 0.07939992845058441, "gradient_norm": 0.9872959852218628, "wall_seconds": 1052.56}
{"event": "update", "epoch": 48, "update": 14700, "batch_loss": 0.6321536898612976, "gradient_norm": 1.8327604532241821, "wall_seconds": 1054.17}
{"event": "update", "epoch": 48, "update": 14725, "batch_loss": 0.028645899146795273, "gradient_norm": 0.8690455555915833, "wall_seconds": 1055.78}
{"event": "update", "epoch": 48, "update": 14750, "batch_loss": 0.10642349720001221, "gradient_norm": 4.613508701324463, "wall_seconds": 1057.42}
{"event": "update", "epoch": 48, "update": 14775, "batch_loss": 0.1766139566898346, "gradient_norm": 1.9874985218048096, "wall_seconds": 1059.03}
{"event": "update", "epoch": 48, "update": 14800, "batch_loss": 0.47371548414230347, "gradient_norm": 13.130767822265625, "wall_seconds": 1060.64}
{"event": "update", "epoch": 48, "update": 14825, "batch_loss": 0.03918784111738205, "gradient_norm": 0.88489830493927, "wall_seconds": 1062.26}
{"event": "epoch", "epoch": 48, "updates": 14832, "seconds": 19.918128888006322, "learning_rate": 0.00020671729424061793, "loss": 0.20665765392504984, "direction_loss": 0.14605861648047763, "projection_loss": 0.06059903747476094, "wall_seconds": 1062.72}
{"event": "update", "epoch": 49, "update": 14850, "batch_loss": 0.17502911388874054, "gradient_norm": 1.025072455406189, "wall_seconds": 1063.91}
{"event": "update", "epoch": 49, "update": 14875, "batch_loss": 0.4983178973197937, "gradient_norm": 2.1970958709716797, "wall_seconds": 1065.52}
{"event": "update", "epoch": 49, "update": 14900, "batch_loss": 0.06293570250272751, "gradient_norm": 0.9795269966125488, "wall_seconds": 1067.13}
{"event": "update", "epoch": 49, "update": 14925, "batch_loss": 0.11605174839496613, "gradient_norm": 2.4852614402770996, "wall_seconds": 1068.72}
{"event": "update", "epoch": 49, "update": 14950, "batch_loss": 0.019083313643932343, "gradient_norm": 0.599513828754425, "wall_seconds": 1070.32}
{"event": "update", "epoch": 49, "update": 14975, "batch_loss": 0.06273174285888672, "gradient_norm": 1.1339006423950195, "wall_seconds": 1071.92}
{"event": "update", "epoch": 49, "update": 15000, "batch_loss": 0.49686604738235474, "gradient_norm": 10.95277214050293, "wall_seconds": 1073.52}
{"event": "update", "epoch": 49, "update": 15025, "batch_loss": 0.572820782661438, "gradient_norm": 31.61687469482422, "wall_seconds": 1075.14}
{"event": "update", "epoch": 49, "update": 15050, "batch_loss": 0.35970339179039, "gradient_norm": 6.487368106842041, "wall_seconds": 1076.77}
{"event": "update", "epoch": 49, "update": 15075, "batch_loss": 0.035267673432826996, "gradient_norm": 0.9035518765449524, "wall_seconds": 1078.39}
{"event": "update", "epoch": 49, "update": 15100, "batch_loss": 0.09545620530843735, "gradient_norm": 1.001853585243225, "wall_seconds": 1080.0}
{"event": "update", "epoch": 49, "update": 15125, "batch_loss": 0.14998002350330353, "gradient_norm": 4.194141864776611, "wall_seconds": 1081.63}
{"event": "epoch", "epoch": 49, "updates": 15141, "seconds": 19.911116319010034, "learning_rate": 0.00020334207153502963, "loss": 0.19726205606321462, "direction_loss": 0.1395209768101742, "projection_loss": 0.057741078561718305, "wall_seconds": 1082.66}
{"event": "update", "epoch": 50, "update": 15150, "batch_loss": 0.35341814160346985, "gradient_norm": 2.181403398513794, "wall_seconds": 1083.27}
{"event": "update", "epoch": 50, "update": 15175, "batch_loss": 0.10307755321264267, "gradient_norm": 1.0465985536575317, "wall_seconds": 1084.89}
{"event": "update", "epoch": 50, "update": 15200, "batch_loss": 0.6392121315002441, "gradient_norm": 19.826818466186523, "wall_seconds": 1086.5}
{"event": "update", "epoch": 50, "update": 15225, "batch_loss": 0.08422809094190598, "gradient_norm": 1.3582133054733276, "wall_seconds": 1088.12}
{"event": "update", "epoch": 50, "update": 15250, "batch_loss": 0.07752120494842529, "gradient_norm": 1.0241905450820923, "wall_seconds": 1089.73}
{"event": "update", "epoch": 50, "update": 15275, "batch_loss": 0.0642961710691452, "gradient_norm": 0.6710651516914368, "wall_seconds": 1091.37}
{"event": "update", "epoch": 50, "update": 15300, "batch_loss": 0.03501708805561066, "gradient_norm": 1.0932754278182983, "wall_seconds": 1092.99}
{"event": "update", "epoch": 50, "update": 15325, "batch_loss": 0.39515894651412964, "gradient_norm": 8.553071975708008, "wall_seconds": 1094.51}
{"event": "update", "epoch": 50, "update": 15350, "batch_loss": 0.5932997465133667, "gradient_norm": 1.589281439781189, "wall_seconds": 1095.92}
{"event": "update", "epoch": 50, "update": 15375, "batch_loss": 0.04847078025341034, "gradient_norm": 0.7668619751930237, "wall_seconds": 1097.34}
{"event": "update", "epoch": 50, "update": 15400, "batch_loss": 0.03470399230718613, "gradient_norm": 0.8126929998397827, "wall_seconds": 1098.76}
{"event": "update", "epoch": 50, "update": 15425, "batch_loss": 0.08879337459802628, "gradient_norm": 1.1273053884506226, "wall_seconds": 1100.17}
{"event": "update", "epoch": 50, "update": 15450, "batch_loss": 0.10233402252197266, "gradient_norm": 1.4418960809707642, "wall_seconds": 1101.79}
{"event": "epoch", "epoch": 50, "updates": 15450, "seconds": 19.097817276022397, "learning_rate": 0.00019994057108884035, "loss": 0.1921738068749781, "direction_loss": 0.1357844662309188, "projection_loss": 0.05638934041839848, "wall_seconds": 1101.79}
{"event": "evaluation", "split": "train", "epoch": 50, "loss": 0.18569168834562144, "components": {"direction_loss": 0.129352037882341, "projection_loss": 0.05633965039828028}, "mean_angle": 11.840539716618856, "mean_offset": 0.05880231258528823, "strict_count": 66, "loose_count": 300, "samples": 1234, "selection_score": 9.937985021825984, "wall_seconds": 1114.12}
{"event": "evaluation", "split": "val", "epoch": 50, "loss": 0.6437898947890982, "components": {"direction_loss": 0.5345101712765284, "projection_loss": 0.1092797238604132}, "mean_angle": 32.83260344166354, "mean_offset": 0.07136269142859648, "strict_count": 1, "loose_count": 11, "samples": 166, "selection_score": 14.960862922075043, "wall_seconds": 1115.76}
{"event": "update", "epoch": 51, "update": 15475, "batch_loss": 0.1844797283411026, "gradient_norm": 1.9820493459701538, "wall_seconds": 1117.24}
{"event": "update", "epoch": 51, "update": 15500, "batch_loss": 0.12255874276161194, "gradient_norm": 2.231482744216919, "wall_seconds": 1118.66}
{"event": "update", "epoch": 51, "update": 15525, "batch_loss": 0.3689062297344208, "gradient_norm": 6.432142734527588, "wall_seconds": 1120.08}
{"event": "update", "epoch": 51, "update": 15550, "batch_loss": 0.5636850595474243, "gradient_norm": 1.9955110549926758, "wall_seconds": 1121.49}
{"event": "update", "epoch": 51, "update": 15575, "batch_loss": 0.3018972873687744, "gradient_norm": 20.431909561157227, "wall_seconds": 1122.89}
{"event": "update", "epoch": 51, "update": 15600, "batch_loss": 0.05559073016047478, "gradient_norm": 1.0259490013122559, "wall_seconds": 1124.29}
{"event": "update", "epoch": 51, "update": 15625, "batch_loss": 0.41310593485832214, "gradient_norm": 8.112478256225586, "wall_seconds": 1125.71}
{"event": "update", "epoch": 51, "update": 15650, "batch_loss": 0.03859467804431915, "gradient_norm": 0.8441203236579895, "wall_seconds": 1127.09}
{"event": "update", "epoch": 51, "update": 15675, "batch_loss": 0.27070116996765137, "gradient_norm": 5.534549236297607, "wall_seconds": 1128.47}
{"event": "update", "epoch": 51, "update": 15700, "batch_loss": 0.11799377202987671, "gradient_norm": 3.547266960144043, "wall_seconds": 1129.86}
{"event": "update", "epoch": 51, "update": 15725, "batch_loss": 0.053928930312395096, "gradient_norm": 3.4016242027282715, "wall_seconds": 1131.26}
{"event": "update", "epoch": 51, "update": 15750, "batch_loss": 0.11928348988294601, "gradient_norm": 7.152822494506836, "wall_seconds": 1132.65}
{"event": "epoch", "epoch": 51, "updates": 15759, "seconds": 17.333500765031204, "learning_rate": 0.00019651512412054728, "loss": 0.19676526879206468, "direction_loss": 0.13990306194624116, "projection_loss": 0.05686220655903051, "wall_seconds": 1133.15}
{"event": "update", "epoch": 52, "update": 15775, "batch_loss": 0.36794430017471313, "gradient_norm": 22.088651657104492, "wall_seconds": 1134.06}
{"event": "update", "epoch": 52, "update": 15800, "batch_loss": 0.5119010210037231, "gradient_norm": 15.277177810668945, "wall_seconds": 1135.48}
{"event": "update", "epoch": 52, "update": 15825, "batch_loss": 0.5288841724395752, "gradient_norm": 2.112560749053955, "wall_seconds": 1136.85}
{"event": "update", "epoch": 52, "update": 15850, "batch_loss": 0.02737555094063282, "gradient_norm": 0.7039585709571838, "wall_seconds": 1138.23}
{"event": "update", "epoch": 52, "update": 15875, "batch_loss": 0.28068065643310547, "gradient_norm": 28.010265350341797, "wall_seconds": 1139.6}
{"event": "update", "epoch": 52, "update": 15900, "batch_loss": 0.03696610406041145, "gradient_norm": 0.5624668002128601, "wall_seconds": 1140.99}
{"event": "update", "epoch": 52, "update": 15925, "batch_loss": 0.11215026676654816, "gradient_norm": 1.4405872821807861, "wall_seconds": 1142.38}
{"event": "update", "epoch": 52, "update": 15950, "batch_loss": 0.08108391612768173, "gradient_norm": 1.2883715629577637, "wall_seconds": 1143.79}
{"event": "update", "epoch": 52, "update": 15975, "batch_loss": 0.09347435086965561, "gradient_norm": 1.784637451171875, "wall_seconds": 1145.19}
{"event": "update", "epoch": 52, "update": 16000, "batch_loss": 0.07522261142730713, "gradient_norm": 1.1646665334701538, "wall_seconds": 1146.6}
{"event": "update", "epoch": 52, "update": 16025, "batch_loss": 0.2658941149711609, "gradient_norm": 33.93646240234375, "wall_seconds": 1148.01}
{"event": "update", "epoch": 52, "update": 16050, "batch_loss": 0.24838021397590637, "gradient_norm": 7.108326435089111, "wall_seconds": 1149.43}
{"event": "epoch", "epoch": 52, "updates": 16068, "seconds": 17.26954111305531, "learning_rate": 0.00019306807826039753, "loss": 0.1732929004552492, "direction_loss": 0.11864564140105388, "projection_loss": 0.05464725905193116, "wall_seconds": 1150.44}
{"event": "update", "epoch": 53, "update": 16075, "batch_loss": 0.34657543897628784, "gradient_norm": 5.496191501617432, "wall_seconds": 1150.86}
{"event": "update", "epoch": 53, "update": 16100, "batch_loss": 0.5859822630882263, "gradient_norm": 1.661698341369629, "wall_seconds": 1152.28}
{"event": "update", "epoch": 53, "update": 16125, "batch_loss": 0.6692200899124146, "gradient_norm": 14.935912132263184, "wall_seconds": 1153.7}
{"event": "update", "epoch": 53, "update": 16150, "batch_loss": 0.1020781546831131, "gradient_norm": 28.73931312561035, "wall_seconds": 1155.11}
{"event": "update", "epoch": 53, "update": 16175, "batch_loss": 0.04308941960334778, "gradient_norm": 1.1584759950637817, "wall_seconds": 1156.56}
{"event": "update", "epoch": 53, "update": 16200, "batch_loss": 0.10042873024940491, "gradient_norm": 0.8100466728210449, "wall_seconds": 1157.98}
{"event": "update", "epoch": 53, "update": 16225, "batch_loss": 0.06704187393188477, "gradient_norm": 1.425453782081604, "wall_seconds": 1159.39}
{"event": "update", "epoch": 53, "update": 16250, "batch_loss": 0.08169423043727875, "gradient_norm": 1.3926517963409424, "wall_seconds": 1160.8}
{"event": "update", "epoch": 53, "update": 16275, "batch_loss": 0.046957436949014664, "gradient_norm": 0.9165709614753723, "wall_seconds": 1162.2}
{"event": "update", "epoch": 53, "update": 16300, "batch_loss": 0.04050440713763237, "gradient_norm": 0.8092859387397766, "wall_seconds": 1163.61}
{"event": "update", "epoch": 53, "update": 16325, "batch_loss": 1.0781890153884888, "gradient_norm": 2.9023804664611816, "wall_seconds": 1165.02}
{"event": "update", "epoch": 53, "update": 16350, "batch_loss": 0.15037982165813446, "gradient_norm": 2.397491931915283, "wall_seconds": 1166.44}
{"event": "update", "epoch": 53, "update": 16375, "batch_loss": 0.0468788780272007, "gradient_norm": 1.548549771308899, "wall_seconds": 1167.86}
{"event": "epoch", "epoch": 53, "updates": 16377, "seconds": 17.50143924797885, "learning_rate": 0.00018960179594143994, "loss": 0.1780490914066858, "direction_loss": 0.12424755158020573, "projection_loss": 0.053801539859687685, "wall_seconds": 1167.97}
{"event": "update", "epoch": 54, "update": 16400, "batch_loss": 0.5391667485237122, "gradient_norm": 2.054976463317871, "wall_seconds": 1169.29}
{"event": "update", "epoch": 54, "update": 16425, "batch_loss": 0.06386996805667877, "gradient_norm": 1.7569715976715088, "wall_seconds": 1170.71}
{"event": "update", "epoch": 54, "update": 16450, "batch_loss": 0.45834478735923767, "gradient_norm": 1.8539838790893555, "wall_seconds": 1172.11}
{"event": "update", "epoch": 54, "update": 16475, "batch_loss": 0.057642847299575806, "gradient_norm": 1.0237876176834106, "wall_seconds": 1173.51}
{"event": "update", "epoch": 54, "update": 16500, "batch_loss": 0.07729819416999817, "gradient_norm": 0.9983029365539551, "wall_seconds": 1174.94}
{"event": "update", "epoch": 54, "update": 16525, "batch_loss": 0.024342983961105347, "gradient_norm": 0.5478158593177795, "wall_seconds": 1176.35}
{"event": "update", "epoch": 54, "update": 16550, "batch_loss": 0.24259397387504578, "gradient_norm": 1.3634110689163208, "wall_seconds": 1177.77}
{"event": "update", "epoch": 54, "update": 16575, "batch_loss": 0.030150730162858963, "gradient_norm": 0.765214204788208, "wall_seconds": 1179.19}
{"event": "update", "epoch": 54, "update": 16600, "batch_loss": 0.04601457342505455, "gradient_norm": 1.1541333198547363, "wall_seconds": 1180.6}
{"event": "update", "epoch": 54, "update": 16625, "batch_loss": 0.0696600005030632, "gradient_norm": 1.0768736600875854, "wall_seconds": 1182.02}
{"event": "update", "epoch": 54, "update": 16650, "batch_loss": 0.5763887166976929, "gradient_norm": 7.295071125030518, "wall_seconds": 1183.42}
{"event": "update", "epoch": 54, "update": 16675, "batch_loss": 0.5102378726005554, "gradient_norm": 49.074310302734375, "wall_seconds": 1184.82}
{"event": "epoch", "epoch": 54, "updates": 16686, "seconds": 17.43931096000597, "learning_rate": 0.0001861186527804312, "loss": 0.1714243483993812, "direction_loss": 0.11912488053791298, "projection_loss": 0.0522994678135436, "wall_seconds": 1185.43}
{"event": "update", "epoch": 55, "update": 16700, "batch_loss": 0.07935738563537598, "gradient_norm": 1.4332668781280518, "wall_seconds": 1186.26}
{"event": "update", "epoch": 55, "update": 16725, "batch_loss": 0.6534768342971802, "gradient_norm": 1.3571308851242065, "wall_seconds": 1187.76}
{"event": "update", "epoch": 55, "update": 16750, "batch_loss": 0.1434437334537506, "gradient_norm": 2.4887306690216064, "wall_seconds": 1189.36}
{"event": "update", "epoch": 55, "update": 16775, "batch_loss": 0.38160791993141174, "gradient_norm": 2.6222848892211914, "wall_seconds": 1190.98}
{"event": "update", "epoch": 55, "update": 16800, "batch_loss": 0.40492111444473267, "gradient_norm": 1.9994176626205444, "wall_seconds": 1192.61}
{"event": "update", "epoch": 55, "update": 16825, "batch_loss": 0.03696049004793167, "gradient_norm": 0.8293930888175964, "wall_seconds": 1194.23}
{"event": "update", "epoch": 55, "update": 16850, "batch_loss": 0.25657665729522705, "gradient_norm": 4.751804828643799, "wall_seconds": 1195.83}
{"event": "update", "epoch": 55, "update": 16875, "batch_loss": 0.12866659462451935, "gradient_norm": 1.56876540184021, "wall_seconds": 1197.44}
{"event": "update", "epoch": 55, "update": 16900, "batch_loss": 0.0840180367231369, "gradient_norm": 1.1419986486434937, "wall_seconds": 1199.04}
{"event": "update", "epoch": 55, "update": 16925, "batch_loss": 0.3437684178352356, "gradient_norm": 5.575168609619141, "wall_seconds": 1200.62}
{"event": "update", "epoch": 55, "update": 16950, "batch_loss": 0.049605533480644226, "gradient_norm": 0.9510742425918579, "wall_seconds": 1202.21}
{"event": "update", "epoch": 55, "update": 16975, "batch_loss": 1.0375205278396606, "gradient_norm": 8.201780319213867, "wall_seconds": 1203.82}
{"event": "epoch", "epoch": 55, "updates": 16995, "seconds": 19.630736821098253, "learning_rate": 0.000182621035949707, "loss": 0.14953369617981405, "direction_loss": 0.09880718807320034, "projection_loss": 0.05072650809831181, "wall_seconds": 1205.09}
{"event": "evaluation", "split": "train", "epoch": 55, "loss": 0.15749707855314402, "components": {"direction_loss": 0.10784947217783228, "projection_loss": 0.049647606488142156}, "mean_angle": 10.10941951520246, "mean_offset": 0.05309915177575882, "strict_count": 93, "loose_count": 323, "samples": 1234, "selection_score": 8.765118932255117, "wall_seconds": 1217.38}
{"event": "evaluation", "split": "val", "epoch": 55, "loss": 0.6944032940699394, "components": {"direction_loss": 0.584780999560313, "projection_loss": 0.10962228961737759}, "mean_angle": 34.43442293750235, "mean_offset": 0.0737429701993859, "strict_count": 2, "loose_count": 10, "samples": 166, "selection_score": 15.84833185096329, "wall_seconds": 1219.03}
{"event": "update", "epoch": 56, "update": 17000, "batch_loss": 0.052141837775707245, "gradient_norm": 0.736538827419281, "wall_seconds": 1219.34}
{"event": "update", "epoch": 56, "update": 17025, "batch_loss": 0.2460850477218628, "gradient_norm": 3.1778736114501953, "wall_seconds": 1220.77}
{"event": "update", "epoch": 56, "update": 17050, "batch_loss": 0.4127039611339569, "gradient_norm": 7.992520809173584, "wall_seconds": 1222.25}
{"event": "update", "epoch": 56, "update": 17075, "batch_loss": 0.043984584510326385, "gradient_norm": 0.862594485282898, "wall_seconds": 1223.71}
{"event": "update", "epoch": 56, "update": 17100, "batch_loss": 0.12054908275604248, "gradient_norm": 2.3040499687194824, "wall_seconds": 1225.13}
{"event": "update", "epoch": 56, "update": 17125, "batch_loss": 0.028224382549524307, "gradient_norm": 0.6171275973320007, "wall_seconds": 1226.53}
{"event": "update", "epoch": 56, "update": 17150, "batch_loss": 0.059032343327999115, "gradient_norm": 0.877909779548645, "wall_seconds": 1227.96}
{"event": "update", "epoch": 56, "update": 17175, "batch_loss": 0.19825682044029236, "gradient_norm": 10.594286918640137, "wall_seconds": 1229.37}
{"event": "update", "epoch": 56, "update": 17200, "batch_loss": 0.0317276269197464, "gradient_norm": 0.8381849527359009, "wall_seconds": 1230.78}
{"event": "update", "epoch": 56, "update": 17225, "batch_loss": 0.13660484552383423, "gradient_norm": 0.9177139401435852, "wall_seconds": 1232.2}
{"event": "update", "epoch": 56, "update": 17250, "batch_loss": 0.021648121997714043, "gradient_norm": 0.5888354182243347, "wall_seconds": 1233.61}
{"event": "update", "epoch": 56, "update": 17275, "batch_loss": 0.4184156060218811, "gradient_norm": 3.8215644359588623, "wall_seconds": 1235.06}
{"event": "update", "epoch": 56, "update": 17300, "batch_loss": 0.253909170627594, "gradient_norm": 3.6923959255218506, "wall_seconds": 1236.47}
{"event": "epoch", "epoch": 56, "updates": 17304, "seconds": 17.638455294072628, "learning_rate": 0.00017911134254113326, "loss": 0.14472457369852879, "direction_loss": 0.09537842352550048, "projection_loss": 0.04934615006208468, "wall_seconds": 1236.69}
{"event": "update", "epoch": 57, "update": 17325, "batch_loss": 0.450415700674057, "gradient_norm": 1.7956199645996094, "wall_seconds": 1237.9}
{"event": "update", "epoch": 57, "update": 17350, "batch_loss": 0.0272805355489254, "gradient_norm": 0.5301846861839294, "wall_seconds": 1239.31}
{"event": "update", "epoch": 57, "update": 17375, "batch_loss": 0.043441034853458405, "gradient_norm": 0.9203096032142639, "wall_seconds": 1240.71}
{"event": "update", "epoch": 57, "update": 17400, "batch_loss": 0.09654846042394638, "gradient_norm": 1.0912281274795532, "wall_seconds": 1242.14}
{"event": "update", "epoch": 57, "update": 17425, "batch_loss": 0.14628566801548004, "gradient_norm": 4.448819160461426, "wall_seconds": 1243.57}
{"event": "update", "epoch": 57, "update": 17450, "batch_loss": 0.05157294124364853, "gradient_norm": 1.156787633895874, "wall_seconds": 1245.01}
{"event": "update", "epoch": 57, "update": 17475, "batch_loss": 0.0544542521238327, "gradient_norm": 1.0188437700271606, "wall_seconds": 1246.43}
{"event": "update", "epoch": 57, "update": 17500, "batch_loss": 0.0495850071310997, "gradient_norm": 1.3124940395355225, "wall_seconds": 1247.85}
{"event": "update", "epoch": 57, "update": 17525, "batch_loss": 0.104848712682724, "gradient_norm": 2.781344413757324, "wall_seconds": 1249.27}
{"event": "update", "epoch": 57, "update": 17550, "batch_loss": 0.5725000500679016, "gradient_norm": 3.100236177444458, "wall_seconds": 1250.69}
{"event": "update", "epoch": 57, "update": 17575, "batch_loss": 0.5982445478439331, "gradient_norm": 11.070630073547363, "wall_seconds": 1252.11}
{"event": "update", "epoch": 57, "update": 17600, "batch_loss": 0.052234724164009094, "gradient_norm": 0.7547442317008972, "wall_seconds": 1253.56}
{"event": "epoch", "epoch": 57, "updates": 17613, "seconds": 17.564239916973747, "learning_rate": 0.00017559197792325911, "loss": 0.15455708070243052, "direction_loss": 0.10463361865580474, "projection_loss": 0.049923462012852124, "wall_seconds": 1254.28}
{"event": "update", "epoch": 58, "update": 17625, "batch_loss": 0.022572606801986694, "gradient_norm": 0.802341103553772, "wall_seconds": 1255.08}
{"event": "update", "epoch": 58, "update": 17650, "batch_loss": 0.06799096614122391, "gradient_norm": 0.7960143089294434, "wall_seconds": 1256.75}
{"event": "update", "epoch": 58, "update": 17675, "batch_loss": 0.08898548781871796, "gradient_norm": 0.9212148785591125, "wall_seconds": 1258.33}
{"event": "update", "epoch": 58, "update": 17700, "batch_loss": 0.20873861014842987, "gradient_norm": 4.85653829574585, "wall_seconds": 1259.91}
{"event": "update", "epoch": 58, "update": 17725, "batch_loss": 0.04038756340742111, "gradient_norm": 0.7249937653541565, "wall_seconds": 1261.49}
{"event": "update", "epoch": 58, "update": 17750, "batch_loss": 0.07094599306583405, "gradient_norm": 0.5830574631690979, "wall_seconds": 1263.15}
{"event": "update", "epoch": 58, "update": 17775, "batch_loss": 0.5964143872261047, "gradient_norm": 2.7445790767669678, "wall_seconds": 1264.75}
{"event": "update", "epoch": 58, "update": 17800, "batch_loss": 0.13910965621471405, "gradient_norm": 3.3963468074798584, "wall_seconds": 1266.34}
{"event": "update", "epoch": 58, "update": 17825, "batch_loss": 0.05659309774637222, "gradient_norm": 1.448195219039917, "wall_seconds": 1267.94}
{"event": "update", "epoch": 58, "update": 17850, "batch_loss": 0.03468150645494461, "gradient_norm": 1.1489611864089966, "wall_seconds": 1269.52}
{"event": "update", "epoch": 58, "update": 17875, "batch_loss": 0.01584385149180889, "gradient_norm": 0.6650453209877014, "wall_seconds": 1271.14}
{"event": "update", "epoch": 58, "update": 17900, "batch_loss": 0.07350507378578186, "gradient_norm": 0.8065574169158936, "wall_seconds": 1272.74}
{"event": "epoch", "epoch": 58, "updates": 17922, "seconds": 19.84355486196, "learning_rate": 0.00017206535409279743, "loss": 0.14836777705620716, "direction_loss": 0.10089460194504833, "projection_loss": 0.047473175667008954, "wall_seconds": 1274.15}
{"event": "update", "epoch": 59, "update": 17925, "batch_loss": 0.38279810547828674, "gradient_norm": 2.500333547592163, "wall_seconds": 1274.37}
{"event": "update", "epoch": 59, "update": 17950, "batch_loss": 0.12162274867296219, "gradient_norm": 4.00678825378418, "wall_seconds": 1275.99}
{"event": "update", "epoch": 59, "update": 17975, "batch_loss": 0.10139124095439911, "gradient_norm": 1.0639280080795288, "wall_seconds": 1277.57}
{"event": "update", "epoch": 59, "update": 18000, "batch_loss": 0.03108799085021019, "gradient_norm": 1.0689886808395386, "wall_seconds": 1279.18}
{"event": "update", "epoch": 59, "update": 18025, "batch_loss": 0.11813913285732269, "gradient_norm": 1.3669508695602417, "wall_seconds": 1280.78}
{"event": "update", "epoch": 59, "update": 18050, "batch_loss": 0.18974164128303528, "gradient_norm": 3.2197954654693604, "wall_seconds": 1282.36}
{"event": "update", "epoch": 59, "update": 18075, "batch_loss": 0.016619665548205376, "gradient_norm": 0.5963444113731384, "wall_seconds": 1283.95}
{"event": "update", "epoch": 59, "update": 18100, "batch_loss": 0.08835954964160919, "gradient_norm": 0.8824285268783569, "wall_seconds": 1285.54}
{"event": "update", "epoch": 59, "update": 18125, "batch_loss": 0.5002508759498596, "gradient_norm": 10.527952194213867, "wall_seconds": 1287.14}
{"event": "update", "epoch": 59, "update": 18150, "batch_loss": 0.03727615252137184, "gradient_norm": 0.7012138366699219, "wall_seconds": 1288.73}
{"event": "update", "epoch": 59, "update": 18175, "batch_loss": 0.042018432170152664, "gradient_norm": 1.0442861318588257, "wall_seconds": 1290.34}
{"event": "update", "epoch": 59, "update": 18200, "batch_loss": 0.04903449863195419, "gradient_norm": 0.9938091039657593, "wall_seconds": 1291.98}
{"event": "update", "epoch": 59, "update": 18225, "batch_loss": 0.0562579371035099, "gradient_norm": 0.834809422492981, "wall_seconds": 1293.58}
{"event": "epoch", "epoch": 59, "updates": 18231, "seconds": 19.781864905031398, "learning_rate": 0.0001685338880215629, "loss": 0.13034183679622519, "direction_loss": 0.0842322568323107, "projection_loss": 0.04610958066882152, "wall_seconds": 1293.96}
{"event": "update", "epoch": 60, "update": 18250, "batch_loss": 0.017226357012987137, "gradient_norm": 0.6154654622077942, "wall_seconds": 1295.2}
{"event": "update", "epoch": 60, "update": 18275, "batch_loss": 0.07341701537370682, "gradient_norm": 2.099436044692993, "wall_seconds": 1296.78}
{"event": "update", "epoch": 60, "update": 18300, "batch_loss": 0.031514301896095276, "gradient_norm": 0.5414115190505981, "wall_seconds": 1298.36}
{"event": "update", "epoch": 60, "update": 18325, "batch_loss": 0.014374098740518093, "gradient_norm": 0.40476319193840027, "wall_seconds": 1299.94}
{"event": "update", "epoch": 60, "update": 18350, "batch_loss": 0.013683452270925045, "gradient_norm": 0.338419109582901, "wall_seconds": 1301.53}
{"event": "update", "epoch": 60, "update": 18375, "batch_loss": 0.01875690370798111, "gradient_norm": 0.6045710444450378, "wall_seconds": 1303.11}
{"event": "update", "epoch": 60, "update": 18400, "batch_loss": 0.04419954493641853, "gradient_norm": 1.2038739919662476, "wall_seconds": 1304.71}
{"event": "update", "epoch": 60, "update": 18425, "batch_loss": 0.05570576339960098, "gradient_norm": 0.9334076046943665, "wall_seconds": 1306.29}
{"event": "update", "epoch": 60, "update": 18450, "batch_loss": 0.09662096202373505, "gradient_norm": 2.150466203689575, "wall_seconds": 1307.89}
{"event": "update", "epoch": 60, "update": 18475, "batch_loss": 0.06775465607643127, "gradient_norm": 1.3433536291122437, "wall_seconds": 1309.51}
{"event": "update", "epoch": 60, "update": 18500, "batch_loss": 0.16489112377166748, "gradient_norm": 1.7365607023239136, "wall_seconds": 1311.11}
{"event": "update", "epoch": 60, "update": 18525, "batch_loss": 0.03950819373130798, "gradient_norm": 0.7249321937561035, "wall_seconds": 1312.72}
{"event": "epoch", "epoch": 60, "updates": 18540, "seconds": 19.70206448691897, "learning_rate": 0.00016500000000000005, "loss": 0.13121129260541844, "direction_loss": 0.08566091564292243, "projection_loss": 0.04555037697532623, "wall_seconds": 1313.7}
{"event": "evaluation", "split": "train", "epoch": 60, "loss": 0.12193062634326554, "components": {"direction_loss": 0.07668923239776113, "projection_loss": 0.04524139395191951}, "mean_angle": 8.552701470132682, "mean_offset": 0.05078114722395011, "strict_count": 120, "loose_count": 391, "samples": 1234, "selection_score": 8.071585403620801, "wall_seconds": 1326.03}
{"event": "evaluation", "split": "val", "epoch": 60, "loss": 0.6121489365237305, "components": {"direction_loss": 0.5067531646352755, "projection_loss": 0.10539577273001154}, "mean_angle": 31.139577831669026, "mean_offset": 0.0703678764255594, "strict_count": 4, "loose_count": 12, "samples": 166, "selection_score": 14.504710022006147, "wall_seconds": 1327.66}
{"event": "update", "epoch": 61, "update": 18550, "batch_loss": 0.03886454552412033, "gradient_norm": 2.09371018409729, "wall_seconds": 1328.3}
{"event": "update", "epoch": 61, "update": 18575, "batch_loss": 0.05909748002886772, "gradient_norm": 0.9577710628509521, "wall_seconds": 1329.73}
{"event": "update", "epoch": 61, "update": 18600, "batch_loss": 0.03413527458906174, "gradient_norm": 0.8536401391029358, "wall_seconds": 1331.15}
{"event": "update", "epoch": 61, "update": 18625, "batch_loss": 0.033962734043598175, "gradient_norm": 0.9423701167106628, "wall_seconds": 1332.55}
{"event": "update", "epoch": 61, "update": 18650, "batch_loss": 0.03129570186138153, "gradient_norm": 0.646497905254364, "wall_seconds": 1333.95}
{"event": "update", "epoch": 61, "update": 18675, "batch_loss": 0.0472891703248024, "gradient_norm": 0.8937315940856934, "wall_seconds": 1335.34}
{"event": "update", "epoch": 61, "update": 18700, "batch_loss": 0.051890548318624496, "gradient_norm": 1.1792523860931396, "wall_seconds": 1336.74}
{"event": "update", "epoch": 61, "update": 18725, "batch_loss": 0.025920087471604347, "gradient_norm": 0.6633230447769165, "wall_seconds": 1338.15}
{"event": "update", "epoch": 61, "update": 18750, "batch_loss": 0.04304603859782219, "gradient_norm": 0.906287670135498, "wall_seconds": 1339.53}
{"event": "update", "epoch": 61, "update": 18775, "batch_loss": 0.05572923272848129, "gradient_norm": 2.3885815143585205, "wall_seconds": 1340.9}
{"event": "update", "epoch": 61, "update": 18800, "batch_loss": 0.024688154458999634, "gradient_norm": 0.597864031791687, "wall_seconds": 1342.26}
{"event": "update", "epoch": 61, "update": 18825, "batch_loss": 0.2926586866378784, "gradient_norm": 7.176779270172119, "wall_seconds": 1343.62}
{"event": "epoch", "epoch": 61, "updates": 18849, "seconds": 17.21534963697195, "learning_rate": 0.00016146611197843716, "loss": 0.1347825469440106, "direction_loss": 0.08949792275431293, "projection_loss": 0.04528462400771617, "wall_seconds": 1344.94}
{"event": "update", "epoch": 62, "update": 18850, "batch_loss": 0.5046604871749878, "gradient_norm": 1.4750382900238037, "wall_seconds": 1345.02}
{"event": "update", "epoch": 62, "update": 18875, "batch_loss": 0.05876035988330841, "gradient_norm": 0.768186628818512, "wall_seconds": 1346.4}
{"event": "update", "epoch": 62, "update": 18900, "batch_loss": 0.1716698557138443, "gradient_norm": 2.926790237426758, "wall_seconds": 1347.77}
{"event": "update", "epoch": 62, "update": 18925, "batch_loss": 0.019117159768939018, "gradient_norm": 0.8949998617172241, "wall_seconds": 1349.2}
{"event": "update", "epoch": 62, "update": 18950, "batch_loss": 0.010187597945332527, "gradient_norm": 0.4781290888786316, "wall_seconds": 1350.66}
{"event": "update", "epoch": 62, "update": 18975, "batch_loss": 0.02545185200870037, "gradient_norm": 1.0138636827468872, "wall_seconds": 1351.92}
{"event": "update", "epoch": 62, "update": 19000, "batch_loss": 0.03648773953318596, "gradient_norm": 0.8447582721710205, "wall_seconds": 1353.18}
{"event": "update", "epoch": 62, "update": 19025, "batch_loss": 0.12870287895202637, "gradient_norm": 3.653877019882202, "wall_seconds": 1354.47}
{"event": "update", "epoch": 62, "update": 19050, "batch_loss": 0.022129155695438385, "gradient_norm": 0.67535001039505, "wall_seconds": 1355.74}
{"event": "update", "epoch": 62, "update": 19075, "batch_loss": 0.03579866886138916, "gradient_norm": 0.75047367811203, "wall_seconds": 1357.02}
{"event": "update", "epoch": 62, "update": 19100, "batch_loss": 0.0309792198240757, "gradient_norm": 0.7267485857009888, "wall_seconds": 1358.29}
{"event": "update", "epoch": 62, "update": 19125, "batch_loss": 0.020362090319395065, "gradient_norm": 0.4301181733608246, "wall_seconds": 1359.56}
{"event": "update", "epoch": 62, "update": 19150, "batch_loss": 0.16677778959274292, "gradient_norm": 10.014185905456543, "wall_seconds": 1360.85}
{"event": "epoch", "epoch": 62, "updates": 19158, "seconds": 16.29178505798336, "learning_rate": 0.00015793464590720262, "loss": 0.11042634154423903, "direction_loss": 0.06909474304188919, "projection_loss": 0.041331599031784835, "wall_seconds": 1361.26}
{"event": "update", "epoch": 63, "update": 19175, "batch_loss": 0.22954034805297852, "gradient_norm": 2.328284502029419, "wall_seconds": 1362.2}
{"event": "update", "epoch": 63, "update": 19200, "batch_loss": 0.012376761995255947, "gradient_norm": 0.49253708124160767, "wall_seconds": 1363.59}
{"event": "update", "epoch": 63, "update": 19225, "batch_loss": 0.02964825928211212, "gradient_norm": 0.752973198890686, "wall_seconds": 1364.96}
{"event": "update", "epoch": 63, "update": 19250, "batch_loss": 0.04329759627580643, "gradient_norm": 1.2075731754302979, "wall_seconds": 1366.24}
{"event": "update", "epoch": 63, "update": 19275, "batch_loss": 0.026834774762392044, "gradient_norm": 0.9845813512802124, "wall_seconds": 1367.5}
{"event": "update", "epoch": 63, "update": 19300, "batch_loss": 0.04842563718557358, "gradient_norm": 0.7310240864753723, "wall_seconds": 1368.77}
{"event": "update", "epoch": 63, "update": 19325, "batch_loss": 0.31619852781295776, "gradient_norm": 29.545665740966797, "wall_seconds": 1370.13}
{"event": "update", "epoch": 63, "update": 19350, "batch_loss": 0.07771903276443481, "gradient_norm": 1.2609288692474365, "wall_seconds": 1371.54}
{"event": "update", "epoch": 63, "update": 19375, "batch_loss": 0.023768143728375435, "gradient_norm": 0.7943731546401978, "wall_seconds": 1372.96}
{"event": "update", "epoch": 63, "update": 19400, "batch_loss": 0.5284829139709473, "gradient_norm": 9.619296073913574, "wall_seconds": 1374.37}
{"event": "update", "epoch": 63, "update": 19425, "batch_loss": 0.009841687977313995, "gradient_norm": 0.331515371799469, "wall_seconds": 1375.77}
{"event": "update", "epoch": 63, "update": 19450, "batch_loss": 0.09286614507436752, "gradient_norm": 0.9730530977249146, "wall_seconds": 1377.17}
{"event": "epoch", "epoch": 63, "updates": 19467, "seconds": 16.85207697097212, "learning_rate": 0.00015440802207674096, "loss": 0.11412425099221485, "direction_loss": 0.07260810863566275, "projection_loss": 0.041516142634665854, "wall_seconds": 1378.14}
{"event": "update", "epoch": 64, "update": 19475, "batch_loss": 0.24462154507637024, "gradient_norm": 1.705306887626648, "wall_seconds": 1378.68}
{"event": "update", "epoch": 64, "update": 19500, "batch_loss": 0.03611867129802704, "gradient_norm": 0.9059372544288635, "wall_seconds": 1380.32}
{"event": "update", "epoch": 64, "update": 19525, "batch_loss": 0.10247968137264252, "gradient_norm": 1.4538947343826294, "wall_seconds": 1381.95}
{"event": "update", "epoch": 64, "update": 19550, "batch_loss": 0.07934699952602386, "gradient_norm": 1.469496726989746, "wall_seconds": 1383.58}
{"event": "update", "epoch": 64, "update": 19575, "batch_loss": 0.05912388116121292, "gradient_norm": 1.0701580047607422, "wall_seconds": 1385.22}
{"event": "update", "epoch": 64, "update": 19600, "batch_loss": 0.11912798881530762, "gradient_norm": 5.011963367462158, "wall_seconds": 1386.88}
{"event": "update", "epoch": 64, "update": 19625, "batch_loss": 0.019977310672402382, "gradient_norm": 0.6239283680915833, "wall_seconds": 1388.52}
{"event": "update", "epoch": 64, "update": 19650, "batch_loss": 0.08586681634187698, "gradient_norm": 1.6552166938781738, "wall_seconds": 1390.14}
{"event": "update", "epoch": 64, "update": 19675, "batch_loss": 0.09167807549238205, "gradient_norm": 1.202876091003418, "wall_seconds": 1391.57}
{"event": "update", "epoch": 64, "update": 19700, "batch_loss": 0.013334427028894424, "gradient_norm": 0.552606999874115, "wall_seconds": 1393.0}
{"event": "update", "epoch": 64, "update": 19725, "batch_loss": 0.09868384897708893, "gradient_norm": 1.4778937101364136, "wall_seconds": 1394.41}
{"event": "update", "epoch": 64, "update": 19750, "batch_loss": 0.05994987487792969, "gradient_norm": 1.3545037508010864, "wall_seconds": 1395.81}
{"event": "update", "epoch": 64, "update": 19775, "batch_loss": 0.5046278238296509, "gradient_norm": 16.729990005493164, "wall_seconds": 1397.22}
{"event": "epoch", "epoch": 64, "updates": 19776, "seconds": 19.108048342051916, "learning_rate": 0.00015088865745886682, "loss": 0.10611747325710481, "direction_loss": 0.0646442247246546, "projection_loss": 0.04147324843914814, "wall_seconds": 1397.27}
{"event": "update", "epoch": 65, "update": 19800, "batch_loss": 0.1682378053665161, "gradient_norm": 1.5565972328186035, "wall_seconds": 1398.64}
{"event": "update", "epoch": 65, "update": 19825, "batch_loss": 0.045582037419080734, "gradient_norm": 0.9504537582397461, "wall_seconds": 1400.18}
{"event": "update", "epoch": 65, "update": 19850, "batch_loss": 0.15358251333236694, "gradient_norm": 0.654975950717926, "wall_seconds": 1401.77}
{"event": "update", "epoch": 65, "update": 19875, "batch_loss": 0.036492809653282166, "gradient_norm": 1.1472340822219849, "wall_seconds": 1403.36}
{"event": "update", "epoch": 65, "update": 19900, "batch_loss": 0.032525498420000076, "gradient_norm": 1.0273916721343994, "wall_seconds": 1404.95}
{"event": "update", "epoch": 65, "update": 19925, "batch_loss": 0.04282576963305473, "gradient_norm": 0.9830617308616638, "wall_seconds": 1406.59}
{"event": "update", "epoch": 65, "update": 19950, "batch_loss": 0.4472867548465729, "gradient_norm": 11.700813293457031, "wall_seconds": 1408.21}
{"event": "update", "epoch": 65, "update": 19975, "batch_loss": 0.047640882432460785, "gradient_norm": 0.8325209617614746, "wall_seconds": 1409.81}
{"event": "update", "epoch": 65, "update": 20000, "batch_loss": 0.02192801609635353, "gradient_norm": 0.589553713798523, "wall_seconds": 1411.42}
{"event": "update", "epoch": 65, "update": 20025, "batch_loss": 0.05512688308954239, "gradient_norm": 1.1937401294708252, "wall_seconds": 1413.01}
{"event": "update", "epoch": 65, "update": 20050, "batch_loss": 0.025765065103769302, "gradient_norm": 0.6696905493736267, "wall_seconds": 1414.58}
{"event": "update", "epoch": 65, "update": 20075, "batch_loss": 0.041912741959095, "gradient_norm": 0.86304771900177, "wall_seconds": 1416.15}
{"event": "epoch", "epoch": 65, "updates": 20085, "seconds": 19.486752453027293, "learning_rate": 0.00014737896405029308, "loss": 0.11264753899562688, "direction_loss": 0.07173077118691704, "projection_loss": 0.040916767631728364, "wall_seconds": 1416.79}
{"event": "evaluation", "split": "train", "epoch": 65, "loss": 0.09801183755749555, "components": {"direction_loss": 0.05855540353296807, "projection_loss": 0.03945643379469214}, "mean_angle": 6.748206223803459, "mean_offset": 0.04580161586443281, "strict_count": 132, "loose_count": 460, "samples": 1234, "selection_score": 7.047535766641289, "wall_seconds": 1428.91}
{"event": "evaluation", "split": "val", "epoch": 65, "loss": 0.643200844705823, "components": {"direction_loss": 0.5432278964954641, "projection_loss": 0.09997295146157224}, "mean_angle": 30.889865904059036, "mean_offset": 0.0663085802709291, "strict_count": 3, "loose_count": 22, "samples": 166, "selection_score": 14.374417163378405, "wall_seconds": 1430.52}
{"event": "update", "epoch": 66, "update": 20100, "batch_loss": 0.06953932344913483, "gradient_norm": 1.7285627126693726, "wall_seconds": 1431.42}
{"event": "update", "epoch": 66, "update": 20125, "batch_loss": 0.04638319090008736, "gradient_norm": 0.994553804397583, "wall_seconds": 1432.82}
{"event": "update", "epoch": 66, "update": 20150, "batch_loss": 0.13802863657474518, "gradient_norm": 11.506603240966797, "wall_seconds": 1434.23}
{"event": "update", "epoch": 66, "update": 20175, "batch_loss": 0.08231136202812195, "gradient_norm": 1.0438032150268555, "wall_seconds": 1435.64}
{"event": "update", "epoch": 66, "update": 20200, "batch_loss": 0.017500964924693108, "gradient_norm": 0.552887499332428, "wall_seconds": 1437.03}
{"event": "update", "epoch": 66, "update": 20225, "batch_loss": 0.013774294406175613, "gradient_norm": 0.5841469764709473, "wall_seconds": 1438.42}
{"event": "update", "epoch": 66, "update": 20250, "batch_loss": 0.013657543808221817, "gradient_norm": 0.6460726261138916, "wall_seconds": 1439.82}
{"event": "update", "epoch": 66, "update": 20275, "batch_loss": 0.02139233984053135, "gradient_norm": 2.5557703971862793, "wall_seconds": 1441.2}
{"event": "update", "epoch": 66, "update": 20300, "batch_loss": 0.018072210252285004, "gradient_norm": 0.573380172252655, "wall_seconds": 1442.61}
{"event": "update", "epoch": 66, "update": 20325, "batch_loss": 0.0636206790804863, "gradient_norm": 0.7912238836288452, "wall_seconds": 1444.0}
{"event": "update", "epoch": 66, "update": 20350, "batch_loss": 0.05925934761762619, "gradient_norm": 1.063571572303772, "wall_seconds": 1445.41}
{"event": "update", "epoch": 66, "update": 20375, "batch_loss": 0.020606931298971176, "gradient_norm": 0.6255348324775696, "wall_seconds": 1446.82}
{"event": "epoch", "epoch": 66, "updates": 20394, "seconds": 17.319727388909087, "learning_rate": 0.00014388134721956885, "loss": 0.09561452176421881, "direction_loss": 0.05759848504401955, "projection_loss": 0.03801603630529279, "wall_seconds": 1447.89}
{"event": "update", "epoch": 67, "update": 20400, "batch_loss": 0.058936361223459244, "gradient_norm": 1.0564122200012207, "wall_seconds": 1448.26}
{"event": "update", "epoch": 67, "update": 20425, "batch_loss": 0.08417806774377823, "gradient_norm": 2.765845775604248, "wall_seconds": 1449.67}
{"event": "update", "epoch": 67, "update": 20450, "batch_loss": 0.40680450201034546, "gradient_norm": 2.200538396835327, "wall_seconds": 1451.07}
{"event": "update", "epoch": 67, "update": 20475, "batch_loss": 0.3613675832748413, "gradient_norm": 10.293572425842285, "wall_seconds": 1452.47}
{"event": "update", "epoch": 67, "update": 20500, "batch_loss": 0.031219732016324997, "gradient_norm": 0.6940494775772095, "wall_seconds": 1453.86}
{"event": "update", "epoch": 67, "update": 20525, "batch_loss": 0.056108202785253525, "gradient_norm": 1.7303725481033325, "wall_seconds": 1455.31}
{"event": "update", "epoch": 67, "update": 20550, "batch_loss": 0.13763897120952606, "gradient_norm": 0.8395211100578308, "wall_seconds": 1456.71}
{"event": "update", "epoch": 67, "update": 20575, "batch_loss": 0.1599189192056656, "gradient_norm": 2.0264971256256104, "wall_seconds": 1458.1}
{"event": "update", "epoch": 67, "update": 20600, "batch_loss": 0.038482364267110825, "gradient_norm": 0.5772132873535156, "wall_seconds": 1459.49}
{"event": "update", "epoch": 67, "update": 20625, "batch_loss": 0.056094639003276825, "gradient_norm": 0.8999077677726746, "wall_seconds": 1460.87}
{"event": "update", "epoch": 67, "update": 20650, "batch_loss": 0.3015719950199127, "gradient_norm": 61.483497619628906, "wall_seconds": 1462.27}
{"event": "update", "epoch": 67, "update": 20675, "batch_loss": 0.127250537276268, "gradient_norm": 1.3698769807815552, "wall_seconds": 1463.66}
{"event": "update", "epoch": 67, "update": 20700, "batch_loss": 0.15208125114440918, "gradient_norm": 1.695049524307251, "wall_seconds": 1465.08}
{"event": "epoch", "epoch": 67, "updates": 20703, "seconds": 17.322960802004673, "learning_rate": 0.00014039820405856014, "loss": 0.10518734405236847, "direction_loss": 0.0667134624678714, "projection_loss": 0.038473881462610035, "wall_seconds": 1465.24}
{"event": "update", "epoch": 68, "update": 20725, "batch_loss": 0.11772088706493378, "gradient_norm": 36.00093078613281, "wall_seconds": 1466.51}
{"event": "update", "epoch": 68, "update": 20750, "batch_loss": 0.19387172162532806, "gradient_norm": 2.9015066623687744, "wall_seconds": 1467.93}
{"event": "update", "epoch": 68, "update": 20775, "batch_loss": 0.021209217607975006, "gradient_norm": 0.5770275592803955, "wall_seconds": 1469.34}
{"event": "update", "epoch": 68, "update": 20800, "batch_loss": 0.030765380710363388, "gradient_norm": 0.836730420589447, "wall_seconds": 1470.76}
{"event": "update", "epoch": 68, "update": 20825, "batch_loss": 0.08838221430778503, "gradient_norm": 1.362586259841919, "wall_seconds": 1472.18}
{"event": "update", "epoch": 68, "update": 20850, "batch_loss": 0.06999018788337708, "gradient_norm": 3.6172282695770264, "wall_seconds": 1473.56}
{"event": "update", "epoch": 68, "update": 20875, "batch_loss": 0.03579181060194969, "gradient_norm": 1.0828579664230347, "wall_seconds": 1474.95}
{"event": "update", "epoch": 68, "update": 20900, "batch_loss": 0.4620327055454254, "gradient_norm": 5.473722457885742, "wall_seconds": 1476.33}
{"event": "update", "epoch": 68, "update": 20925, "batch_loss": 0.4566764235496521, "gradient_norm": 3.4383842945098877, "wall_seconds": 1477.72}
{"event": "update", "epoch": 68, "update": 20950, "batch_loss": 0.08614630997180939, "gradient_norm": 0.7766013145446777, "wall_seconds": 1479.1}
{"event": "update", "epoch": 68, "update": 20975, "batch_loss": 0.055843234062194824, "gradient_norm": 2.2026302814483643, "wall_seconds": 1480.49}
{"event": "update", "epoch": 68, "update": 21000, "batch_loss": 0.05140990763902664, "gradient_norm": 6.67775297164917, "wall_seconds": 1481.85}
{"event": "epoch", "epoch": 68, "updates": 21012, "seconds": 17.21942267299164, "learning_rate": 0.0001369319217396025, "loss": 0.09785653955666906, "direction_loss": 0.06105420195250025, "projection_loss": 0.03680233751699884, "wall_seconds": 1482.49}
{"event": "update", "epoch": 69, "update": 21025, "batch_loss": 0.03213495388627052, "gradient_norm": 0.9925158023834229, "wall_seconds": 1483.21}
{"event": "update", "epoch": 69, "update": 21050, "batch_loss": 0.03403905779123306, "gradient_norm": 0.9825868010520935, "wall_seconds": 1484.57}
{"event": "update", "epoch": 69, "update": 21075, "batch_loss": 0.014090214855968952, "gradient_norm": 0.5283428430557251, "wall_seconds": 1485.94}
{"event": "update", "epoch": 69, "update": 21100, "batch_loss": 0.024827906861901283, "gradient_norm": 0.804553210735321, "wall_seconds": 1487.28}
{"event": "update", "epoch": 69, "update": 21125, "batch_loss": 0.03460891544818878, "gradient_norm": 0.8414969444274902, "wall_seconds": 1488.67}
{"event": "update", "epoch": 69, "update": 21150, "batch_loss": 0.05935215950012207, "gradient_norm": 1.3367819786071777, "wall_seconds": 1490.07}
{"event": "update", "epoch": 69, "update": 21175, "batch_loss": 0.016159025952219963, "gradient_norm": 0.4202939569950104, "wall_seconds": 1491.54}
{"event": "update", "epoch": 69, "update": 21200, "batch_loss": 0.018296625465154648, "gradient_norm": 0.7043247818946838, "wall_seconds": 1493.13}
{"event": "update", "epoch": 69, "update": 21225, "batch_loss": 0.019728049635887146, "gradient_norm": 0.6781647205352783, "wall_seconds": 1494.74}
{"event": "update", "epoch": 69, "update": 21250, "batch_loss": 0.10376375913619995, "gradient_norm": 0.8899365663528442, "wall_seconds": 1496.37}
{"event": "update", "epoch": 69, "update": 21275, "batch_loss": 0.03968062251806259, "gradient_norm": 0.9975115656852722, "wall_seconds": 1497.99}
{"event": "update", "epoch": 69, "update": 21300, "batch_loss": 0.020843300968408585, "gradient_norm": 0.9014089703559875, "wall_seconds": 1499.58}
{"event": "epoch", "epoch": 69, "updates": 21321, "seconds": 18.431165040005, "learning_rate": 0.0001334848758794528, "loss": 0.09846624127789921, "direction_loss": 0.06114906020276852, "projection_loss": 0.03731718057286556, "wall_seconds": 1500.94}
{"event": "update", "epoch": 70, "update": 21325, "batch_loss": 0.01430146861821413, "gradient_norm": 0.7060549855232239, "wall_seconds": 1501.23}
{"event": "update", "epoch": 70, "update": 21350, "batch_loss": 0.030741192400455475, "gradient_norm": 0.7461933493614197, "wall_seconds": 1502.85}
{"event": "update", "epoch": 70, "update": 21375, "batch_loss": 0.06451667845249176, "gradient_norm": 0.9743846654891968, "wall_seconds": 1504.44}
{"event": "update", "epoch": 70, "update": 21400, "batch_loss": 0.0230724960565567, "gradient_norm": 0.7198812365531921, "wall_seconds": 1506.07}
{"event": "update", "epoch": 70, "update": 21425, "batch_loss": 0.02134508080780506, "gradient_norm": 0.5252963900566101, "wall_seconds": 1507.67}
{"event": "update", "epoch": 70, "update": 21450, "batch_loss": 0.2329259067773819, "gradient_norm": 8.553000450134277, "wall_seconds": 1509.13}
{"event": "update", "epoch": 70, "update": 21475, "batch_loss": 0.027282241731882095, "gradient_norm": 0.8882164359092712, "wall_seconds": 1510.68}
{"event": "update", "epoch": 70, "update": 21500, "batch_loss": 0.020687062293291092, "gradient_norm": 0.5392051935195923, "wall_seconds": 1512.29}
{"event": "update", "epoch": 70, "update": 21525, "batch_loss": 0.045496243983507156, "gradient_norm": 0.7790216207504272, "wall_seconds": 1513.9}
{"event": "update", "epoch": 70, "update": 21550, "batch_loss": 0.05712626874446869, "gradient_norm": 4.702301979064941, "wall_seconds": 1515.51}
{"event": "update", "epoch": 70, "update": 21575, "batch_loss": 0.13887900114059448, "gradient_norm": 1.189438819885254, "wall_seconds": 1517.13}
{"event": "update", "epoch": 70, "update": 21600, "batch_loss": 0.04342583939433098, "gradient_norm": 1.0566322803497314, "wall_seconds": 1518.74}
{"event": "update", "epoch": 70, "update": 21625, "batch_loss": 0.09029591083526611, "gradient_norm": 0.7805266380310059, "wall_seconds": 1520.33}
{"event": "epoch", "epoch": 70, "updates": 21630, "seconds": 19.683006459032185, "learning_rate": 0.00013005942891115973, "loss": 0.08966341327628305, "direction_loss": 0.05396871359136206, "projection_loss": 0.03569469948388286, "wall_seconds": 1520.66}
{"event": "evaluation", "split": "train", "epoch": 70, "loss": 0.07408912520179438, "components": {"direction_loss": 0.038312411239840326, "projection_loss": 0.0357767140969779}, "mean_angle": 5.384918167491291, "mean_offset": 0.04328421547770145, "strict_count": 104, "loose_count": 412, "samples": 1234, "selection_score": 6.696194612227341, "wall_seconds": 1532.86}
{"event": "evaluation", "split": "val", "epoch": 70, "loss": 0.5772988375231444, "components": {"direction_loss": 0.4778100272881832, "projection_loss": 0.09948881271194263}, "mean_angle": 28.205940012113157, "mean_offset": 0.07005481978496873, "strict_count": 2, "loose_count": 14, "samples": 166, "selection_score": 13.557281160931545, "wall_seconds": 1534.48}
{"event": "update", "epoch": 71, "update": 21650, "batch_loss": 0.0538296103477478, "gradient_norm": 1.0619868040084839, "wall_seconds": 1535.64}
{"event": "update", "epoch": 71, "update": 21675, "batch_loss": 0.08596941083669662, "gradient_norm": 11.098074913024902, "wall_seconds": 1537.03}
{"event": "update", "epoch": 71, "update": 21700, "batch_loss": 0.025367779657244682, "gradient_norm": 0.6506503224372864, "wall_seconds": 1538.41}
{"event": "update", "epoch": 71, "update": 21725, "batch_loss": 0.013672386296093464, "gradient_norm": 0.983062207698822, "wall_seconds": 1539.8}
{"event": "update", "epoch": 71, "update": 21750, "batch_loss": 0.021720005199313164, "gradient_norm": 0.5764594078063965, "wall_seconds": 1541.2}
{"event": "update", "epoch": 71, "update": 21775, "batch_loss": 0.13144375383853912, "gradient_norm": 0.9698036313056946, "wall_seconds": 1542.61}
{"event": "update", "epoch": 71, "update": 21800, "batch_loss": 0.03802260011434555, "gradient_norm": 1.1523363590240479, "wall_seconds": 1544.04}
{"event": "update", "epoch": 71, "update": 21825, "batch_loss": 0.41836246848106384, "gradient_norm": 10.440407752990723, "wall_seconds": 1545.45}
{"event": "update", "epoch": 71, "update": 21850, "batch_loss": 0.042584992945194244, "gradient_norm": 1.0553903579711914, "wall_seconds": 1546.9}
{"event": "update", "epoch": 71, "update": 21875, "batch_loss": 1.0353740453720093, "gradient_norm": 9.029712677001953, "wall_seconds": 1548.4}
{"event": "update", "epoch": 71, "update": 21900, "batch_loss": 0.025897575542330742, "gradient_norm": 0.7391903400421143, "wall_seconds": 1549.83}
{"event": "update", "epoch": 71, "update": 21925, "batch_loss": 0.05327952653169632, "gradient_norm": 3.241741180419922, "wall_seconds": 1551.22}
{"event": "epoch", "epoch": 71, "updates": 21939, "seconds": 17.45908972795587, "learning_rate": 0.00012665792846497045, "loss": 0.082640979849587, "direction_loss": 0.048002032192783, "projection_loss": 0.034638947713667316, "wall_seconds": 1552.0}
{"event": "update", "epoch": 72, "update": 21950, "batch_loss": 0.019558262079954147, "gradient_norm": 0.6343010067939758, "wall_seconds": 1552.64}
{"event": "update", "epoch": 72, "update": 21975, "batch_loss": 0.3989526927471161, "gradient_norm": 1.8781131505966187, "wall_seconds": 1554.03}
{"event": "update", "epoch": 72, "update": 22000, "batch_loss": 0.06596784293651581, "gradient_norm": 1.0166248083114624, "wall_seconds": 1555.42}
{"event": "update", "epoch": 72, "update": 22025, "batch_loss": 0.01708410121500492, "gradient_norm": 0.586009681224823, "wall_seconds": 1556.79}
{"event": "update", "epoch": 72, "update": 22050, "batch_loss": 0.035673074424266815, "gradient_norm": 0.6205582618713379, "wall_seconds": 1558.18}
{"event": "update", "epoch": 72, "update": 22075, "batch_loss": 0.07554532587528229, "gradient_norm": 2.1548264026641846, "wall_seconds": 1559.58}
{"event": "update", "epoch": 72, "update": 22100, "batch_loss": 0.025312915444374084, "gradient_norm": 0.5619205236434937, "wall_seconds": 1560.98}
{"event": "update", "epoch": 72, "update": 22125, "batch_loss": 0.029965247958898544, "gradient_norm": 0.8818329572677612, "wall_seconds": 1562.4}
{"event": "update", "epoch": 72, "update": 22150, "batch_loss": 0.06984622031450272, "gradient_norm": 1.2073441743850708, "wall_seconds": 1563.83}
{"event": "update", "epoch": 72, "update": 22175, "batch_loss": 0.034640122205019, "gradient_norm": 0.976863443851471, "wall_seconds": 1565.23}
{"event": "update", "epoch": 72, "update": 22200, "batch_loss": 0.030933085829019547, "gradient_norm": 0.7095149755477905, "wall_seconds": 1566.65}
{"event": "update", "epoch": 72, "update": 22225, "batch_loss": 0.04505356401205063, "gradient_norm": 3.3919432163238525, "wall_seconds": 1568.05}
{"event": "epoch", "epoch": 72, "updates": 22248, "seconds": 17.33752227493096, "learning_rate": 0.00012328270575938212, "loss": 0.08351610474608465, "direction_loss": 0.04871167048526629, "projection_loss": 0.03480443428912029, "wall_seconds": 1569.36}
{"event": "update", "epoch": 73, "update": 22250, "batch_loss": 0.026869887486100197, "gradient_norm": 0.6483263969421387, "wall_seconds": 1569.5}
{"event": "update", "epoch": 73, "update": 22275, "batch_loss": 0.05311693996191025, "gradient_norm": 0.9011663794517517, "wall_seconds": 1570.89}
{"event": "update", "epoch": 73, "update": 22300, "batch_loss": 0.040785349905490875, "gradient_norm": 3.0637829303741455, "wall_seconds": 1572.3}
{"event": "update", "epoch": 73, "update": 22325, "batch_loss": 0.0583990141749382, "gradient_norm": 1.1275498867034912, "wall_seconds": 1573.7}
{"event": "update", "epoch": 73, "update": 22350, "batch_loss": 0.01744125783443451, "gradient_norm": 0.5254223942756653, "wall_seconds": 1575.1}
{"event": "update", "epoch": 73, "update": 22375, "batch_loss": 0.0228992011398077, "gradient_norm": 0.9262385964393616, "wall_seconds": 1576.49}
{"event": "update", "epoch": 73, "update": 22400, "batch_loss": 0.018024593591690063, "gradient_norm": 0.701032280921936, "wall_seconds": 1577.89}
{"event": "update", "epoch": 73, "update": 22425, "batch_loss": 0.019759945571422577, "gradient_norm": 0.7751436233520508, "wall_seconds": 1579.29}
{"event": "update", "epoch": 73, "update": 22450, "batch_loss": 0.008973980322480202, "gradient_norm": 0.5134598612785339, "wall_seconds": 1580.7}
{"event": "update", "epoch": 73, "update": 22475, "batch_loss": 0.026289748027920723, "gradient_norm": 0.7293190360069275, "wall_seconds": 1582.12}
{"event": "update", "epoch": 73, "update": 22500, "batch_loss": 0.015995794907212257, "gradient_norm": 0.7515007853507996, "wall_seconds": 1583.55}
{"event": "update", "epoch": 73, "update": 22525, "batch_loss": 0.40200144052505493, "gradient_norm": 5.271374702453613, "wall_seconds": 1584.98}
{"event": "update", "epoch": 73, "update": 22550, "batch_loss": 0.027248727157711983, "gradient_norm": 0.9979826211929321, "wall_seconds": 1586.58}
{"event": "epoch", "epoch": 73, "updates": 22557, "seconds": 17.64476078504231, "learning_rate": 0.00011993607400344095, "loss": 0.08146537326855927, "direction_loss": 0.047781110378933206, "projection_loss": 0.033684263144720894, "wall_seconds": 1587.03}
{"event": "update", "epoch": 74, "update": 22575, "batch_loss": 0.03867964446544647, "gradient_norm": 1.3510361909866333, "wall_seconds": 1588.21}
{"event": "update", "epoch": 74, "update": 22600, "batch_loss": 0.09413505345582962, "gradient_norm": 0.7999519109725952, "wall_seconds": 1589.8}
{"event": "update", "epoch": 74, "update": 22625, "batch_loss": 0.02224774658679962, "gradient_norm": 0.8748379349708557, "wall_seconds": 1591.38}
{"event": "update", "epoch": 74, "update": 22650, "batch_loss": 0.04177591949701309, "gradient_norm": 1.0079760551452637, "wall_seconds": 1592.95}
{"event": "update", "epoch": 74, "update": 22675, "batch_loss": 0.20941731333732605, "gradient_norm": 83.79750061035156, "wall_seconds": 1594.55}
{"event": "update", "epoch": 74, "update": 22700, "batch_loss": 0.1299395114183426, "gradient_norm": 2.9875738620758057, "wall_seconds": 1596.16}
{"event": "update", "epoch": 74, "update": 22725, "batch_loss": 0.04229637607932091, "gradient_norm": 0.8317466378211975, "wall_seconds": 1597.77}
{"event": "update", "epoch": 74, "update": 22750, "batch_loss": 0.22389763593673706, "gradient_norm": 1.8689924478530884, "wall_seconds": 1599.36}
{"event": "update", "epoch": 74, "update": 22775, "batch_loss": 0.12119991332292557, "gradient_norm": 2.3330609798431396, "wall_seconds": 1600.96}
{"event": "update", "epoch": 74, "update": 22800, "batch_loss": 0.02050800248980522, "gradient_norm": 0.7018490433692932, "wall_seconds": 1602.56}
{"event": "update", "epoch": 74, "update": 22825, "batch_loss": 0.12753885984420776, "gradient_norm": 40.33318328857422, "wall_seconds": 1604.18}
{"event": "update", "epoch": 74, "update": 22850, "batch_loss": 0.013020753860473633, "gradient_norm": 0.4346202611923218, "wall_seconds": 1605.82}
{"event": "epoch", "epoch": 74, "updates": 22866, "seconds": 19.666883195051923, "learning_rate": 0.00011662032681138448, "loss": 0.07459979085930936, "direction_loss": 0.04266654679814363, "projection_loss": 0.03193324398720332, "wall_seconds": 1606.73}
{"event": "update", "epoch": 75, "update": 22875, "batch_loss": 0.02966538444161415, "gradient_norm": 0.7724431753158569, "wall_seconds": 1607.27}
{"event": "update", "epoch": 75, "update": 22900, "batch_loss": 0.021786082535982132, "gradient_norm": 0.7894019484519958, "wall_seconds": 1608.68}
{"event": "update", "epoch": 75, "update": 22925, "batch_loss": 0.1336098611354828, "gradient_norm": 1.251950740814209, "wall_seconds": 1610.08}
{"event": "update", "epoch": 75, "update": 22950, "batch_loss": 0.3450740575790405, "gradient_norm": 2.689234972000122, "wall_seconds": 1611.48}
{"event": "update", "epoch": 75, "update": 22975, "batch_loss": 0.04385227710008621, "gradient_norm": 1.207275629043579, "wall_seconds": 1612.89}
{"event": "update", "epoch": 75, "update": 23000, "batch_loss": 0.0900210440158844, "gradient_norm": 2.211369752883911, "wall_seconds": 1614.28}
{"event": "update", "epoch": 75, "update": 23025, "batch_loss": 0.05256914719939232, "gradient_norm": 1.1415870189666748, "wall_seconds": 1615.69}
{"event": "update", "epoch": 75, "update": 23050, "batch_loss": 0.03582843393087387, "gradient_norm": 0.7442741990089417, "wall_seconds": 1617.1}
{"event": "update", "epoch": 75, "update": 23075, "batch_loss": 0.06935200095176697, "gradient_norm": 1.7818297147750854, "wall_seconds": 1618.5}
{"event": "update", "epoch": 75, "update": 23100, "batch_loss": 0.015402019023895264, "gradient_norm": 0.8574832677841187, "wall_seconds": 1619.91}
{"event": "update", "epoch": 75, "update": 23125, "batch_loss": 0.022691577672958374, "gradient_norm": 0.6436216235160828, "wall_seconds": 1621.33}
{"event": "update", "epoch": 75, "update": 23150, "batch_loss": 0.05148407816886902, "gradient_norm": 0.9612653255462646, "wall_seconds": 1622.72}
{"event": "update", "epoch": 75, "update": 23175, "batch_loss": 0.020347408950328827, "gradient_norm": 1.1432112455368042, "wall_seconds": 1624.19}
{"event": "epoch", "epoch": 75, "updates": 23175, "seconds": 17.432002645917237, "learning_rate": 0.00011333773663071289, "loss": 0.07473007574635203, "direction_loss": 0.04365436291862491, "projection_loss": 0.031075712954519826, "wall_seconds": 1624.19}
{"event": "evaluation", "split": "train", "epoch": 75, "loss": 0.05886767362885938, "components": {"direction_loss": 0.028680423883175193, "projection_loss": 0.03018724975799553}, "mean_angle": 4.453842113177916, "mean_offset": 0.03818118013729299, "strict_count": 142, "loose_count": 521, "samples": 1234, "selection_score": 5.725356376832219, "wall_seconds": 1636.91}
{"event": "evaluation", "split": "val", "epoch": 75, "loss": 0.5947948939739222, "components": {"direction_loss": 0.501700635208378, "projection_loss": 0.0930942628218467}, "mean_angle": 29.194477479500943, "mean_offset": 0.062090846242843174, "strict_count": 3, "loose_count": 15, "samples": 166, "selection_score": 13.282644313234467, "wall_seconds": 1638.56}
{"event": "update", "epoch": 76, "update": 23200, "batch_loss": 0.015874601900577545, "gradient_norm": 0.5784394145011902, "wall_seconds": 1639.99}
{"event": "update", "epoch": 76, "update": 23225, "batch_loss": 0.03736090660095215, "gradient_norm": 0.9746052026748657, "wall_seconds": 1641.4}
{"event": "update", "epoch": 76, "update": 23250, "batch_loss": 0.07675178349018097, "gradient_norm": 0.826845109462738, "wall_seconds": 1642.82}
{"event": "update", "epoch": 76, "update": 23275, "batch_loss": 0.027411941438913345, "gradient_norm": 1.1196616888046265, "wall_seconds": 1644.25}
{"event": "update", "epoch": 76, "update": 23300, "batch_loss": 0.05306947976350784, "gradient_norm": 0.9745022058486938, "wall_seconds": 1645.7}
{"event": "update", "epoch": 76, "update": 23325, "batch_loss": 0.01689598336815834, "gradient_norm": 0.7405750751495361, "wall_seconds": 1647.12}
{"event": "update", "epoch": 76, "update": 23350, "batch_loss": 0.06347379833459854, "gradient_norm": 1.2503423690795898, "wall_seconds": 1648.63}
{"event": "update", "epoch": 76, "update": 23375, "batch_loss": 0.01742646098136902, "gradient_norm": 0.9414377212524414, "wall_seconds": 1650.24}
{"event": "update", "epoch": 76, "update": 23400, "batch_loss": 0.051670584827661514, "gradient_norm": 1.0610686540603638, "wall_seconds": 1651.85}
{"event": "update", "epoch": 76, "update": 23425, "batch_loss": 0.04530197009444237, "gradient_norm": 1.2361698150634766, "wall_seconds": 1653.46}
{"event": "update", "epoch": 76, "update": 23450, "batch_loss": 0.4115222096443176, "gradient_norm": 3.2902679443359375, "wall_seconds": 1655.07}
{"event": "update", "epoch": 76, "update": 23475, "batch_loss": 0.09497365355491638, "gradient_norm": 2.935443878173828, "wall_seconds": 1656.69}
{"event": "epoch", "epoch": 76, "updates": 23484, "seconds": 18.661759972921573, "learning_rate": 0.00011009055318476701, "loss": 0.07221579084676996, "direction_loss": 0.041035118302997546, "projection_loss": 0.031180672509055374, "wall_seconds": 1657.27}
{"event": "update", "epoch": 77, "update": 23500, "batch_loss": 0.04209224507212639, "gradient_norm": 0.7952767014503479, "wall_seconds": 1658.34}
{"event": "update", "epoch": 77, "update": 23525, "batch_loss": 0.13086867332458496, "gradient_norm": 1.5096216201782227, "wall_seconds": 1659.95}
{"event": "update", "epoch": 77, "update": 23550, "batch_loss": 0.014511819928884506, "gradient_norm": 0.43709075450897217, "wall_seconds": 1661.57}
{"event": "update", "epoch": 77, "update": 23575, "batch_loss": 0.06410040706396103, "gradient_norm": 1.0078139305114746, "wall_seconds": 1663.15}
{"event": "update", "epoch": 77, "update": 23600, "batch_loss": 0.012675884179770947, "gradient_norm": 0.6037883162498474, "wall_seconds": 1664.71}
{"event": "update", "epoch": 77, "update": 23625, "batch_loss": 0.02730296552181244, "gradient_norm": 0.8652873635292053, "wall_seconds": 1666.28}
{"event": "update", "epoch": 77, "update": 23650, "batch_loss": 0.026384403929114342, "gradient_norm": 0.6550655961036682, "wall_seconds": 1667.88}
{"event": "update", "epoch": 77, "update": 23675, "batch_loss": 0.008979269303381443, "gradient_norm": 0.35884198546409607, "wall_seconds": 1669.48}
{"event": "update", "epoch": 77, "update": 23700, "batch_loss": 0.029933802783489227, "gradient_norm": 1.019602656364441, "wall_seconds": 1671.07}
{"event": "update", "epoch": 77, "update": 23725, "batch_loss": 0.04271499067544937, "gradient_norm": 1.0205590724945068, "wall_seconds": 1672.67}
{"event": "update", "epoch": 77, "update": 23750, "batch_loss": 0.15156635642051697, "gradient_norm": 2.106248617172241, "wall_seconds": 1674.27}
{"event": "update", "epoch": 77, "update": 23775, "batch_loss": 0.08098159730434418, "gradient_norm": 1.1517060995101929, "wall_seconds": 1675.87}
{"event": "epoch", "epoch": 77, "updates": 23793, "seconds": 19.719530145986937, "learning_rate": 0.0001068810019308802, "loss": 0.07900650921236947, "direction_loss": 0.04800467778505181, "projection_loss": 0.031001831425996905, "wall_seconds": 1677.02}
{"event": "update", "epoch": 78, "update": 23800, "batch_loss": 0.062224648892879486, "gradient_norm": 1.3426966667175293, "wall_seconds": 1677.5}
{"event": "update", "epoch": 78, "update": 23825, "batch_loss": 0.02562112733721733, "gradient_norm": 1.1371625661849976, "wall_seconds": 1679.09}
{"event": "update", "epoch": 78, "update": 23850, "batch_loss": 0.0585019513964653, "gradient_norm": 1.4913486242294312, "wall_seconds": 1680.51}
{"event": "update", "epoch": 78, "update": 23875, "batch_loss": 0.013676783069968224, "gradient_norm": 0.8118590116500854, "wall_seconds": 1681.91}
{"event": "update", "epoch": 78, "update": 23900, "batch_loss": 0.030334973707795143, "gradient_norm": 0.7996039986610413, "wall_seconds": 1683.35}
{"event": "update", "epoch": 78, "update": 23925, "batch_loss": 0.0857636034488678, "gradient_norm": 4.502322196960449, "wall_seconds": 1684.98}
{"event": "update", "epoch": 78, "update": 23950, "batch_loss": 0.322827011346817, "gradient_norm": 3.2967774868011475, "wall_seconds": 1686.61}
{"event": "update", "epoch": 78, "update": 23975, "batch_loss": 0.0291464701294899, "gradient_norm": 0.9092516303062439, "wall_seconds": 1688.2}
{"event": "update", "epoch": 78, "update": 24000, "batch_loss": 0.0216558538377285, "gradient_norm": 0.6773956418037415, "wall_seconds": 1689.81}
{"event": "update", "epoch": 78, "update": 24025, "batch_loss": 0.011125518009066582, "gradient_norm": 0.4526735842227936, "wall_seconds": 1691.4}
{"event": "update", "epoch": 78, "update": 24050, "batch_loss": 0.0368516705930233, "gradient_norm": 0.8817952275276184, "wall_seconds": 1693.0}
{"event": "update", "epoch": 78, "update": 24075, "batch_loss": 0.011422678828239441, "gradient_norm": 0.5618939995765686, "wall_seconds": 1694.61}
{"event": "update", "epoch": 78, "update": 24100, "batch_loss": 0.046929895877838135, "gradient_norm": 1.2045897245407104, "wall_seconds": 1696.22}
{"event": "epoch", "epoch": 78, "updates": 24102, "seconds": 19.300314896041527, "learning_rate": 0.0001037112825351612, "loss": 0.06529426277423432, "direction_loss": 0.036100868119464245, "projection_loss": 0.029193394706468288, "wall_seconds": 1696.35}
{"event": "update", "epoch": 79, "update": 24125, "batch_loss": 0.01573377102613449, "gradient_norm": 0.5504592657089233, "wall_seconds": 1697.86}
{"event": "update", "epoch": 79, "update": 24150, "batch_loss": 0.04150665923953056, "gradient_norm": 1.4625085592269897, "wall_seconds": 1699.47}
{"event": "update", "epoch": 79, "update": 24175, "batch_loss": 0.01896446757018566, "gradient_norm": 0.7420082092285156, "wall_seconds": 1701.11}
{"event": "update", "epoch": 79, "update": 24200, "batch_loss": 0.014129995368421078, "gradient_norm": 0.7139614224433899, "wall_seconds": 1702.71}
{"event": "update", "epoch": 79, "update": 24225, "batch_loss": 0.01786905527114868, "gradient_norm": 1.119449496269226, "wall_seconds": 1704.31}
{"event": "update", "epoch": 79, "update": 24250, "batch_loss": 0.02960757166147232, "gradient_norm": 3.03945255279541, "wall_seconds": 1705.93}
{"event": "update", "epoch": 79, "update": 24275, "batch_loss": 0.017740260809659958, "gradient_norm": 0.6919478178024292, "wall_seconds": 1707.52}
{"event": "update", "epoch": 79, "update": 24300, "batch_loss": 0.010357704013586044, "gradient_norm": 0.438068687915802, "wall_seconds": 1709.12}
{"event": "update", "epoch": 79, "update": 24325, "batch_loss": 0.022687319666147232, "gradient_norm": 0.7555943131446838, "wall_seconds": 1710.72}
{"event": "update", "epoch": 79, "update": 24350, "batch_loss": 0.011363900266587734, "gradient_norm": 0.47043511271476746, "wall_seconds": 1712.32}
{"event": "update", "epoch": 79, "update": 24375, "batch_loss": 0.03644878417253494, "gradient_norm": 1.0546808242797852, "wall_seconds": 1713.93}
{"event": "update", "epoch": 79, "update": 24400, "batch_loss": 0.03246572986245155, "gradient_norm": 1.047875165939331, "wall_seconds": 1715.53}
{"event": "epoch", "epoch": 79, "updates": 24411, "seconds": 19.858710082015023, "learning_rate": 0.00010058356736495287, "loss": 0.06586487072473166, "direction_loss": 0.037127411449490326, "projection_loss": 0.028737458946844457, "wall_seconds": 1716.24}
{"event": "update", "epoch": 80, "update": 24425, "batch_loss": 0.044361114501953125, "gradient_norm": 1.8443915843963623, "wall_seconds": 1717.17}
{"event": "update", "epoch": 80, "update": 24450, "batch_loss": 0.031813062727451324, "gradient_norm": 0.7853199243545532, "wall_seconds": 1718.79}
{"event": "update", "epoch": 80, "update": 24475, "batch_loss": 0.0268736369907856, "gradient_norm": 0.8976125121116638, "wall_seconds": 1720.42}
{"event": "update", "epoch": 80, "update": 24500, "batch_loss": 0.05751602351665497, "gradient_norm": 1.2819387912750244, "wall_seconds": 1722.02}
{"event": "update", "epoch": 80, "update": 24525, "batch_loss": 0.029599066823720932, "gradient_norm": 0.8563343286514282, "wall_seconds": 1723.59}
{"event": "update", "epoch": 80, "update": 24550, "batch_loss": 0.05178399384021759, "gradient_norm": 0.8939483761787415, "wall_seconds": 1725.15}
{"event": "update", "epoch": 80, "update": 24575, "batch_loss": 0.053139735013246536, "gradient_norm": 0.8230770230293274, "wall_seconds": 1726.75}
{"event": "update", "epoch": 80, "update": 24600, "batch_loss": 0.05804911255836487, "gradient_norm": 0.789033055305481, "wall_seconds": 1728.34}
{"event": "update", "epoch": 80, "update": 24625, "batch_loss": 0.13460728526115417, "gradient_norm": 1.1114245653152466, "wall_seconds": 1729.94}
{"event": "update", "epoch": 80, "update": 24650, "batch_loss": 0.010911413468420506, "gradient_norm": 0.5018659830093384, "wall_seconds": 1731.53}
{"event": "update", "epoch": 80, "update": 24675, "batch_loss": 0.5057052373886108, "gradient_norm": 1.78257155418396, "wall_seconds": 1733.08}
{"event": "update", "epoch": 80, "update": 24700, "batch_loss": 0.026205914095044136, "gradient_norm": 0.855350136756897, "wall_seconds": 1734.61}
{"event": "epoch", "epoch": 80, "updates": 24720, "seconds": 19.470413942006417, "learning_rate": 9.750000000000004e-05, "loss": 0.06503483722804528, "direction_loss": 0.03637292123495147, "projection_loss": 0.028661915818093468, "wall_seconds": 1735.74}
{"event": "evaluation", "split": "train", "epoch": 80, "loss": 0.05064167068196488, "components": {"direction_loss": 0.023557772471557593, "projection_loss": 0.027083898283166864}, "mean_angle": 4.042666623317539, "mean_offset": 0.033940980552410405, "strict_count": 227, "loose_count": 618, "samples": 1234, "selection_score": 5.278732852680594, "wall_seconds": 1747.79}
{"event": "evaluation", "split": "val", "epoch": 80, "loss": 0.5710708216640604, "components": {"direction_loss": 0.47626698490636177, "projection_loss": 0.0948038350521441}, "mean_angle": 27.966988356716662, "mean_offset": 0.06037839827498039, "strict_count": 8, "loose_count": 23, "samples": 166, "selection_score": 12.643679117733788, "wall_seconds": 1749.41}
{"event": "update", "epoch": 81, "update": 24725, "batch_loss": 0.0581694059073925, "gradient_norm": 0.7312213182449341, "wall_seconds": 1749.75}
{"event": "update", "epoch": 81, "update": 24750, "batch_loss": 0.09720808267593384, "gradient_norm": 1.257818341255188, "wall_seconds": 1751.14}
{"event": "update", "epoch": 81, "update": 24775, "batch_loss": 0.25384950637817383, "gradient_norm": 1.2949482202529907, "wall_seconds": 1752.5}
{"event": "update", "epoch": 81, "update": 24800, "batch_loss": 0.0950993224978447, "gradient_norm": 0.747551441192627, "wall_seconds": 1753.86}
{"event": "update", "epoch": 81, "update": 24825, "batch_loss": 0.03043442592024803, "gradient_norm": 0.6267750859260559, "wall_seconds": 1755.24}
{"event": "update", "epoch": 81, "update": 24850, "batch_loss": 0.010781407356262207, "gradient_norm": 0.484097421169281, "wall_seconds": 1756.62}
{"event": "update", "epoch": 81, "update": 24875, "batch_loss": 0.02273678034543991, "gradient_norm": 0.8200861811637878, "wall_seconds": 1758.03}
{"event": "update", "epoch": 81, "update": 24900, "batch_loss": 0.010861789807677269, "gradient_norm": 0.5711034536361694, "wall_seconds": 1759.41}
{"event": "update", "epoch": 81, "update": 24925, "batch_loss": 0.010885047726333141, "gradient_norm": 0.4459308683872223, "wall_seconds": 1760.88}
{"event": "update", "epoch": 81, "update": 24950, "batch_loss": 0.04136364161968231, "gradient_norm": 1.051903486251831, "wall_seconds": 1762.28}
{"event": "update", "epoch": 81, "update": 24975, "batch_loss": 0.12396790832281113, "gradient_norm": 0.7604237198829651, "wall_seconds": 1763.69}
{"event": "update", "epoch": 81, "update": 25000, "batch_loss": 0.0186387300491333, "gradient_norm": 0.7090520262718201, "wall_seconds": 1765.1}
{"event": "update", "epoch": 81, "update": 25025, "batch_loss": 0.019127991050481796, "gradient_norm": 0.6550378203392029, "wall_seconds": 1766.5}
{"event": "epoch", "epoch": 81, "updates": 25029, "seconds": 17.26010423700791, "learning_rate": 9.446269376334692e-05, "loss": 0.061137106871863335, "direction_loss": 0.03332654077984616, "projection_loss": 0.027810566264659022, "wall_seconds": 1766.72}
{"event": "update", "epoch": 82, "update": 25050, "batch_loss": 0.015889354050159454, "gradient_norm": 0.8459107279777527, "wall_seconds": 1767.87}
{"event": "update", "epoch": 82, "update": 25075, "batch_loss": 0.012900046072900295, "gradient_norm": 0.6743751764297485, "wall_seconds": 1769.2}
{"event": "update", "epoch": 82, "update": 25100, "batch_loss": 0.15266884863376617, "gradient_norm": 3.1683175563812256, "wall_seconds": 1770.54}
{"event": "update", "epoch": 82, "update": 25125, "batch_loss": 0.015819059684872627, "gradient_norm": 0.5656900405883789, "wall_seconds": 1771.88}
{"event": "update", "epoch": 82, "update": 25150, "batch_loss": 0.004869814962148666, "gradient_norm": 0.3197433352470398, "wall_seconds": 1773.22}
{"event": "update", "epoch": 82, "update": 25175, "batch_loss": 0.027361329644918442, "gradient_norm": 0.9387224316596985, "wall_seconds": 1774.55}
{"event": "update", "epoch": 82, "update": 25200, "batch_loss": 0.01825767010450363, "gradient_norm": 0.6411178112030029, "wall_seconds": 1775.96}
{"event": "update", "epoch": 82, "update": 25225, "batch_loss": 0.023945456370711327, "gradient_norm": 0.9805853962898254, "wall_seconds": 1777.41}
{"event": "update", "epoch": 82, "update": 25250, "batch_loss": 0.02354835346341133, "gradient_norm": 1.391021966934204, "wall_seconds": 1778.75}
{"event": "update", "epoch": 82, "update": 25275, "batch_loss": 0.019714074209332466, "gradient_norm": 0.611932098865509, "wall_seconds": 1780.19}
{"event": "update", "epoch": 82, "update": 25300, "batch_loss": 0.053074244409799576, "gradient_norm": 2.19508695602417, "wall_seconds": 1781.54}
{"event": "update", "epoch": 82, "update": 25325, "batch_loss": 0.03783030807971954, "gradient_norm": 1.043707251548767, "wall_seconds": 1782.95}
{"event": "epoch", "epoch": 82, "updates": 25338, "seconds": 16.922481070039794, "learning_rate": 9.147373027297139e-05, "loss": 0.055583684136140094, "direction_loss": 0.029018831377240678, "projection_loss": 0.026564852870409068, "wall_seconds": 1783.67}
{"event": "update", "epoch": 83, "update": 25350, "batch_loss": 0.014560462906956673, "gradient_norm": 0.4308586120605469, "wall_seconds": 1784.42}
{"event": "update", "epoch": 83, "update": 25375, "batch_loss": 0.24268653988838196, "gradient_norm": 4.367123126983643, "wall_seconds": 1785.84}
{"event": "update", "epoch": 83, "update": 25400, "batch_loss": 0.08160685002803802, "gradient_norm": 1.4972220659255981, "wall_seconds": 1787.16}
{"event": "update", "epoch": 83, "update": 25425, "batch_loss": 0.023142680525779724, "gradient_norm": 1.0174968242645264, "wall_seconds": 1788.55}
{"event": "update", "epoch": 83, "update": 25450, "batch_loss": 0.018983084708452225, "gradient_norm": 0.4306894838809967, "wall_seconds": 1789.95}
{"event": "update", "epoch": 83, "update": 25475, "batch_loss": 0.04738284647464752, "gradient_norm": 0.7038504481315613, "wall_seconds": 1791.35}
{"event": "update", "epoch": 83, "update": 25500, "batch_loss": 0.036706339567899704, "gradient_norm": 0.6401546597480774, "wall_seconds": 1792.74}
{"event": "update", "epoch": 83, "update": 25525, "batch_loss": 0.009131016209721565, "gradient_norm": 0.39924147725105286, "wall_seconds": 1794.14}
{"event": "update", "epoch": 83, "update": 25550, "batch_loss": 0.0191512331366539, "gradient_norm": 0.9221798181533813, "wall_seconds": 1795.43}
{"event": "update", "epoch": 83, "update": 25575, "batch_loss": 0.0233437642455101, "gradient_norm": 0.8276256918907166, "wall_seconds": 1796.75}
{"event": "update", "epoch": 83, "update": 25600, "batch_loss": 0.1148310974240303, "gradient_norm": 0.6538935303688049, "wall_seconds": 1797.99}
{"event": "update", "epoch": 83, "update": 25625, "batch_loss": 0.4608563184738159, "gradient_norm": 1.1671477556228638, "wall_seconds": 1799.24}
{"event": "epoch", "epoch": 83, "updates": 25647, "seconds": 16.645092080929317, "learning_rate": 8.853515801514755e-05, "loss": 0.05787864297241987, "direction_loss": 0.032003832225045534, "projection_loss": 0.025874810913695413, "wall_seconds": 1800.35}
{"event": "update", "epoch": 84, "update": 25650, "batch_loss": 0.028653930872678757, "gradient_norm": 0.9421923756599426, "wall_seconds": 1800.53}
{"event": "update", "epoch": 84, "update": 25675, "batch_loss": 0.03304021432995796, "gradient_norm": 0.7199204564094543, "wall_seconds": 1801.77}
{"event": "update", "epoch": 84, "update": 25700, "batch_loss": 0.017664486542344093, "gradient_norm": 0.8817815780639648, "wall_seconds": 1803.01}
{"event": "update", "epoch": 84, "update": 25725, "batch_loss": 0.008179059252142906, "gradient_norm": 0.3642537295818329, "wall_seconds": 1804.25}
{"event": "update", "epoch": 84, "update": 25750, "batch_loss": 0.007037046365439892, "gradient_norm": 0.3250161111354828, "wall_seconds": 1805.63}
{"event": "update", "epoch": 84, "update": 25775, "batch_loss": 0.06014636531472206, "gradient_norm": 0.9245378375053406, "wall_seconds": 1807.01}
{"event": "update", "epoch": 84, "update": 25800, "batch_loss": 0.017808344215154648, "gradient_norm": 0.648705005645752, "wall_seconds": 1808.38}
{"event": "update", "epoch": 84, "update": 25825, "batch_loss": 0.05728045850992203, "gradient_norm": 1.4371576309204102, "wall_seconds": 1809.76}
{"event": "update", "epoch": 84, "update": 25850, "batch_loss": 0.01750767230987549, "gradient_norm": 0.5825449824333191, "wall_seconds": 1811.13}
{"event": "update", "epoch": 84, "update": 25875, "batch_loss": 0.010833251290023327, "gradient_norm": 0.4095861613750458, "wall_seconds": 1812.5}
{"event": "update", "epoch": 84, "update": 25900, "batch_loss": 0.03591267764568329, "gradient_norm": 1.2479538917541504, "wall_seconds": 1813.89}
{"event": "update", "epoch": 84, "update": 25925, "batch_loss": 0.014614388346672058, "gradient_norm": 1.0059393644332886, "wall_seconds": 1815.28}
{"event": "update", "epoch": 84, "update": 25950, "batch_loss": 0.4898715019226074, "gradient_norm": 1.5513185262680054, "wall_seconds": 1816.68}
{"event": "epoch", "epoch": 84, "updates": 25956, "seconds": 16.630447907955386, "learning_rate": 8.564899094051616e-05, "loss": 0.05147797121504862, "direction_loss": 0.026117115622607847, "projection_loss": 0.025360855602204944, "wall_seconds": 1817.01}
{"event": "update", "epoch": 85, "update": 25975, "batch_loss": 0.020130759105086327, "gradient_norm": 0.7503226399421692, "wall_seconds": 1818.08}
{"event": "update", "epoch": 85, "update": 26000, "batch_loss": 0.010488536208868027, "gradient_norm": 0.6880322694778442, "wall_seconds": 1819.58}
{"event": "update", "epoch": 85, "update": 26025, "batch_loss": 0.015959909185767174, "gradient_norm": 0.5062035322189331, "wall_seconds": 1821.18}
{"event": "update", "epoch": 85, "update": 26050, "batch_loss": 0.014700588770210743, "gradient_norm": 0.58791184425354, "wall_seconds": 1822.74}
{"event": "update", "epoch": 85, "update": 26075, "batch_loss": 0.012410453520715237, "gradient_norm": 0.6603432893753052, "wall_seconds": 1824.32}
{"event": "update", "epoch": 85, "update": 26100, "batch_loss": 0.01608360931277275, "gradient_norm": 0.6987223625183105, "wall_seconds": 1825.89}
{"event": "update", "epoch": 85, "update": 26125, "batch_loss": 0.016232330352067947, "gradient_norm": 0.42635270953178406, "wall_seconds": 1827.46}
{"event": "update", "epoch": 85, "update": 26150, "batch_loss": 0.028175631538033485, "gradient_norm": 1.1688059568405151, "wall_seconds": 1829.03}
{"event": "update", "epoch": 85, "update": 26175, "batch_loss": 0.00721824262291193, "gradient_norm": 0.26246169209480286, "wall_seconds": 1830.61}
{"event": "update", "epoch": 85, "update": 26200, "batch_loss": 0.023787526413798332, "gradient_norm": 0.7545759677886963, "wall_seconds": 1832.18}
{"event": "update", "epoch": 85, "update": 26225, "batch_loss": 0.017184726893901825, "gradient_norm": 0.6918822526931763, "wall_seconds": 1833.78}
{"event": "update", "epoch": 85, "update": 26250, "batch_loss": 0.009600804187357426, "gradient_norm": 0.5876531004905701, "wall_seconds": 1835.36}
{"event": "epoch", "epoch": 85, "updates": 26265, "seconds": 19.275008173077367, "learning_rate": 8.281720708382274e-05, "loss": 0.05612497042481164, "direction_loss": 0.030431294921771254, "projection_loss": 0.02569367549256867, "wall_seconds": 1836.31}
{"event": "evaluation", "split": "train", "epoch": 85, "loss": 0.04019346102057825, "components": {"direction_loss": 0.01658234297297966, "projection_loss": 0.023611117996625613}, "mean_angle": 3.1461359276440044, "mean_offset": 0.031720589329508386, "strict_count": 229, "loose_count": 650, "samples": 1234, "selection_score": 4.778532639720459, "wall_seconds": 1848.33}
{"event": "evaluation", "split": "val", "epoch": 85, "loss": 0.5674005034996803, "components": {"direction_loss": 0.4728917139834803, "projection_loss": 0.09450879138726068}, "mean_angle": 27.813889541001206, "mean_offset": 0.06303161432397136, "strict_count": 5, "loose_count": 23, "samples": 166, "selection_score": 12.880079044769523, "wall_seconds": 1849.91}
{"event": "update", "epoch": 86, "update": 26275, "batch_loss": 0.018088186159729958, "gradient_norm": 0.6000897884368896, "wall_seconds": 1850.48}
{"event": "update", "epoch": 86, "update": 26300, "batch_loss": 0.007802336476743221, "gradient_norm": 0.4233551025390625, "wall_seconds": 1851.83}
{"event": "update", "epoch": 86, "update": 26325, "batch_loss": 0.023197945207357407, "gradient_norm": 1.0053879022598267, "wall_seconds": 1853.2}
{"event": "update", "epoch": 86, "update": 26350, "batch_loss": 0.016605939716100693, "gradient_norm": 0.7324790358543396, "wall_seconds": 1854.59}
{"event": "update", "epoch": 86, "update": 26375, "batch_loss": 0.03836991637945175, "gradient_norm": 0.6099564433097839, "wall_seconds": 1855.96}
{"event": "update", "epoch": 86, "update": 26400, "batch_loss": 0.3714348077774048, "gradient_norm": 62.66331100463867, "wall_seconds": 1857.32}
{"event": "update", "epoch": 86, "update": 26425, "batch_loss": 0.024820495396852493, "gradient_norm": 0.7329177856445312, "wall_seconds": 1858.68}
{"event": "update", "epoch": 86, "update": 26450, "batch_loss": 0.025095172226428986, "gradient_norm": 0.6502126455307007, "wall_seconds": 1860.04}
{"event": "update", "epoch": 86, "update": 26475, "batch_loss": 0.05882875993847847, "gradient_norm": 2.0139963626861572, "wall_seconds": 1861.41}
{"event": "update", "epoch": 86, "update": 26500, "batch_loss": 0.018672527745366096, "gradient_norm": 0.5851157903671265, "wall_seconds": 1862.77}
{"event": "update", "epoch": 86, "update": 26525, "batch_loss": 0.01596580073237419, "gradient_norm": 0.5178481340408325, "wall_seconds": 1864.13}
{"event": "update", "epoch": 86, "update": 26550, "batch_loss": 0.01515254657715559, "gradient_norm": 0.693921685218811, "wall_seconds": 1865.52}
{"event": "epoch", "epoch": 86, "updates": 26574, "seconds": 16.89463406195864, "learning_rate": 8.0041747208272e-05, "loss": 0.04575604456363659, "direction_loss": 0.022199288182956058, "projection_loss": 0.02355675655605824, "wall_seconds": 1866.83}
{"event": "update", "epoch": 87, "update": 26575, "batch_loss": 0.017750520259141922, "gradient_norm": 0.6753137707710266, "wall_seconds": 1866.91}
{"event": "update", "epoch": 87, "update": 26600, "batch_loss": 0.023213041946291924, "gradient_norm": 0.8674882650375366, "wall_seconds": 1868.29}
{"event": "update", "epoch": 87, "update": 26625, "batch_loss": 0.31838318705558777, "gradient_norm": 3.5467257499694824, "wall_seconds": 1869.66}
{"event": "update", "epoch": 87, "update": 26650, "batch_loss": 0.22406145930290222, "gradient_norm": 8.147294044494629, "wall_seconds": 1871.04}
{"event": "update", "epoch": 87, "update": 26675, "batch_loss": 0.020031534135341644, "gradient_norm": 0.5593767166137695, "wall_seconds": 1872.45}
{"event": "update", "epoch": 87, "update": 26700, "batch_loss": 0.04865633696317673, "gradient_norm": 1.5135537385940552, "wall_seconds": 1873.81}
{"event": "update", "epoch": 87, "update": 26725, "batch_loss": 0.018337979912757874, "gradient_norm": 0.7462566494941711, "wall_seconds": 1875.24}
{"event": "update", "epoch": 87, "update": 26750, "batch_loss": 0.016985230147838593, "gradient_norm": 0.7165436744689941, "wall_seconds": 1876.64}
{"event": "update", "epoch": 87, "update": 26775, "batch_loss": 0.0076148658990859985, "gradient_norm": 0.35503891110420227, "wall_seconds": 1878.01}
{"event": "update", "epoch": 87, "update": 26800, "batch_loss": 0.02251770906150341, "gradient_norm": 1.5077567100524902, "wall_seconds": 1879.37}
{"event": "update", "epoch": 87, "update": 26825, "batch_loss": 0.022876814007759094, "gradient_norm": 0.7565826773643494, "wall_seconds": 1880.72}
{"event": "update", "epoch": 87, "update": 26850, "batch_loss": 0.03448277339339256, "gradient_norm": 0.8684059977531433, "wall_seconds": 1882.09}
{"event": "update", "epoch": 87, "update": 26875, "batch_loss": 0.01312486082315445, "gradient_norm": 0.7785769104957581, "wall_seconds": 1883.44}
{"event": "epoch", "epoch": 87, "updates": 26883, "seconds": 17.021596890990622, "learning_rate": 7.732451347542526e-05, "loss": 0.05336934088833473, "direction_loss": 0.029608243157548644, "projection_loss": 0.023761097562908402, "wall_seconds": 1883.88}
{"event": "update", "epoch": 88, "update": 26900, "batch_loss": 0.0426613874733448, "gradient_norm": 0.8153995275497437, "wall_seconds": 1884.82}
{"event": "update", "epoch": 88, "update": 26925, "batch_loss": 0.021481944248080254, "gradient_norm": 0.639378547668457, "wall_seconds": 1886.39}
{"event": "update", "epoch": 88, "update": 26950, "batch_loss": 0.017411407083272934, "gradient_norm": 1.1071726083755493, "wall_seconds": 1887.92}
{"event": "update", "epoch": 88, "update": 26975, "batch_loss": 0.03292836248874664, "gradient_norm": 0.6077708601951599, "wall_seconds": 1889.47}
{"event": "update", "epoch": 88, "update": 27000, "batch_loss": 0.08431985974311829, "gradient_norm": 0.9040680527687073, "wall_seconds": 1891.05}
{"event": "update", "epoch": 88, "update": 27025, "batch_loss": 0.039827026426792145, "gradient_norm": 1.572519302368164, "wall_seconds": 1892.62}
{"event": "update", "epoch": 88, "update": 27050, "batch_loss": 0.014733970165252686, "gradient_norm": 0.626025915145874, "wall_seconds": 1894.16}
{"event": "update", "epoch": 88, "update": 27075, "batch_loss": 0.035731248557567596, "gradient_norm": 1.5944956541061401, "wall_seconds": 1895.7}
{"event": "update", "epoch": 88, "update": 27100, "batch_loss": 0.035732053220272064, "gradient_norm": 1.1523505449295044, "wall_seconds": 1897.28}
{"event": "update", "epoch": 88, "update": 27125, "batch_loss": 0.062408462166786194, "gradient_norm": 3.330794095993042, "wall_seconds": 1898.87}
{"event": "update", "epoch": 88, "update": 27150, "batch_loss": 0.022414589300751686, "gradient_norm": 0.6358901858329773, "wall_seconds": 1900.42}
{"event": "update", "epoch": 88, "update": 27175, "batch_loss": 0.04105277732014656, "gradient_norm": 1.1403417587280273, "wall_seconds": 1901.96}
{"event": "epoch", "epoch": 88, "updates": 27192, "seconds": 19.09838249499444, "learning_rate": 7.466736814155422e-05, "loss": 0.04763896004077971, "direction_loss": 0.02404188165913609, "projection_loss": 0.023597078228058413, "wall_seconds": 1903.0}
{"event": "update", "epoch": 89, "update": 27200, "batch_loss": 0.019764460623264313, "gradient_norm": 0.7385254502296448, "wall_seconds": 1903.52}
{"event": "update", "epoch": 89, "update": 27225, "batch_loss": 0.022900404408574104, "gradient_norm": 1.043047308921814, "wall_seconds": 1905.04}
{"event": "update", "epoch": 89, "update": 27250, "batch_loss": 0.2208987921476364, "gradient_norm": 4.031312942504883, "wall_seconds": 1906.65}
{"event": "update", "epoch": 89, "update": 27275, "batch_loss": 0.062437139451503754, "gradient_norm": 5.155630588531494, "wall_seconds": 1908.19}
{"event": "update", "epoch": 89, "update": 27300, "batch_loss": 0.015419134870171547, "gradient_norm": 0.6486945748329163, "wall_seconds": 1909.79}
{"event": "update", "epoch": 89, "update": 27325, "batch_loss": 0.018872981891036034, "gradient_norm": 0.7295470833778381, "wall_seconds": 1911.37}
{"event": "update", "epoch": 89, "update": 27350, "batch_loss": 0.02594675123691559, "gradient_norm": 0.891396701335907, "wall_seconds": 1913.0}
{"event": "update", "epoch": 89, "update": 27375, "batch_loss": 0.02274346351623535, "gradient_norm": 0.7919426560401917, "wall_seconds": 1914.59}
{"event": "update", "epoch": 89, "update": 27400, "batch_loss": 0.03193367272615433, "gradient_norm": 0.8872650265693665, "wall_seconds": 1916.19}
{"event": "update", "epoch": 89, "update": 27425, "batch_loss": 0.1353664994239807, "gradient_norm": 1.117815375328064, "wall_seconds": 1917.8}
{"event": "update", "epoch": 89, "update": 27450, "batch_loss": 0.03420419245958328, "gradient_norm": 0.5939663648605347, "wall_seconds": 1919.43}
{"event": "update", "epoch": 89, "update": 27475, "batch_loss": 0.02274290658533573, "gradient_norm": 0.6712543964385986, "wall_seconds": 1921.04}
{"event": "update", "epoch": 89, "update": 27500, "batch_loss": 0.016388291493058205, "gradient_norm": 0.5925352573394775, "wall_seconds": 1922.63}
{"event": "epoch", "epoch": 89, "updates": 27501, "seconds": 19.665225801989436, "learning_rate": 7.207213228134324e-05, "loss": 0.05018462615338195, "direction_loss": 0.027376053410152434, "projection_loss": 0.022808572694031307, "wall_seconds": 1922.7}
{"event": "update", "epoch": 90, "update": 27525, "batch_loss": 0.016554895788431168, "gradient_norm": 0.6356399059295654, "wall_seconds": 1924.26}
{"event": "update", "epoch": 90, "update": 27550, "batch_loss": 0.03884875029325485, "gradient_norm": 1.5746077299118042, "wall_seconds": 1925.86}
{"event": "update", "epoch": 90, "update": 27575, "batch_loss": 0.018223954364657402, "gradient_norm": 0.8734998106956482, "wall_seconds": 1927.47}
{"event": "update", "epoch": 90, "update": 27600, "batch_loss": 0.004951555747538805, "gradient_norm": 0.36209842562675476, "wall_seconds": 1929.09}
{"event": "update", "epoch": 90, "update": 27625, "batch_loss": 0.020229168236255646, "gradient_norm": 0.505302369594574, "wall_seconds": 1930.68}
{"event": "update", "epoch": 90, "update": 27650, "batch_loss": 0.021510619670152664, "gradient_norm": 0.9005752205848694, "wall_seconds": 1932.28}
{"event": "update", "epoch": 90, "update": 27675, "batch_loss": 0.010225760750472546, "gradient_norm": 0.5911151170730591, "wall_seconds": 1933.9}
{"event": "update", "epoch": 90, "update": 27700, "batch_loss": 0.021559711545705795, "gradient_norm": 0.7030450701713562, "wall_seconds": 1935.5}
{"event": "update", "epoch": 90, "update": 27725, "batch_loss": 0.012994579039514065, "gradient_norm": 0.5926322340965271, "wall_seconds": 1937.11}
{"event": "update", "epoch": 90, "update": 27750, "batch_loss": 0.023344572633504868, "gradient_norm": 1.6639496088027954, "wall_seconds": 1938.72}
{"event": "update", "epoch": 90, "update": 27775, "batch_loss": 0.011333465576171875, "gradient_norm": 0.5267419219017029, "wall_seconds": 1940.31}
{"event": "update", "epoch": 90, "update": 27800, "batch_loss": 0.010186227038502693, "gradient_norm": 0.5461198091506958, "wall_seconds": 1941.92}
{"event": "epoch", "epoch": 90, "updates": 27810, "seconds": 19.820366033934988, "learning_rate": 6.954058453981614e-05, "loss": 0.03746745789595661, "direction_loss": 0.016233515026647074, "projection_loss": 0.021233942884215224, "wall_seconds": 1942.55}
{"event": "evaluation", "split": "train", "epoch": 90, "loss": 0.03754201402353361, "components": {"direction_loss": 0.01523601194672942, "projection_loss": 0.022306002110448128}, "mean_angle": 3.076124712166707, "mean_offset": 0.03125987613613859, "strict_count": 208, "loose_count": 600, "samples": 1234, "selection_score": 4.557962118760298, "wall_seconds": 1954.43}
{"event": "evaluation", "split": "val", "epoch": 90, "loss": 0.5839913584830532, "components": {"direction_loss": 0.48946751580371645, "projection_loss": 0.09452384072973068}, "mean_angle": 28.452531041240835, "mean_offset": 0.06082896885380755, "strict_count": 9, "loose_count": 19, "samples": 166, "selection_score": 12.67474547831777, "wall_seconds": 1956.04}
{"event": "update", "epoch": 91, "update": 27825, "batch_loss": 0.02878246083855629, "gradient_norm": 0.7865612506866455, "wall_seconds": 1956.89}
{"event": "update", "epoch": 91, "update": 27850, "batch_loss": 0.011906243860721588, "gradient_norm": 0.5257589221000671, "wall_seconds": 1958.26}
{"event": "update", "epoch": 91, "update": 27875, "batch_loss": 0.045902691781520844, "gradient_norm": 1.0172932147979736, "wall_seconds": 1959.64}
{"event": "update", "epoch": 91, "update": 27900, "batch_loss": 0.016521140933036804, "gradient_norm": 0.5176475644111633, "wall_seconds": 1961.0}
{"event": "update", "epoch": 91, "update": 27925, "batch_loss": 0.023369552567601204, "gradient_norm": 0.8743352890014648, "wall_seconds": 1962.36}
{"event": "update", "epoch": 91, "update": 27950, "batch_loss": 0.01675395853817463, "gradient_norm": 0.8836574554443359, "wall_seconds": 1963.72}
{"event": "update", "epoch": 91, "update": 27975, "batch_loss": 0.015639575198292732, "gradient_norm": 0.8073533773422241, "wall_seconds": 1965.07}
{"event": "update", "epoch": 91, "update": 28000, "batch_loss": 0.010343462228775024, "gradient_norm": 0.6933478116989136, "wall_seconds": 1966.43}
{"event": "update", "epoch": 91, "update": 28025, "batch_loss": 0.007290324196219444, "gradient_norm": 0.32003891468048096, "wall_seconds": 1967.99}
{"event": "update", "epoch": 91, "update": 28050, "batch_loss": 0.013516886159777641, "gradient_norm": 0.7696458101272583, "wall_seconds": 1969.52}
{"event": "update", "epoch": 91, "update": 28075, "batch_loss": 0.14320747554302216, "gradient_norm": 18.893585205078125, "wall_seconds": 1970.88}
{"event": "update", "epoch": 91, "update": 28100, "batch_loss": 0.0907067209482193, "gradient_norm": 1.091878890991211, "wall_seconds": 1972.26}
{"event": "epoch", "epoch": 91, "updates": 28119, "seconds": 17.233734646928497, "learning_rate": 6.707445991334122e-05, "loss": 0.04819106290983323, "direction_loss": 0.02646711310479304, "projection_loss": 0.021723949880983733, "wall_seconds": 1973.3}
{"event": "update", "epoch": 92, "update": 28125, "batch_loss": 0.019450504332780838, "gradient_norm": 0.8597955107688904, "wall_seconds": 1973.65}
{"event": "update", "epoch": 92, "update": 28150, "batch_loss": 0.011756092309951782, "gradient_norm": 0.7305147647857666, "wall_seconds": 1975.01}
{"event": "update", "epoch": 92, "update": 28175, "batch_loss": 0.014875438064336777, "gradient_norm": 0.48893511295318604, "wall_seconds": 1976.37}
{"event": "update", "epoch": 92, "update": 28200, "batch_loss": 0.01738360896706581, "gradient_norm": 0.5255231857299805, "wall_seconds": 1977.72}
{"event": "update", "epoch": 92, "update": 28225, "batch_loss": 0.008696965873241425, "gradient_norm": 0.38325774669647217, "wall_seconds": 1979.08}
{"event": "update", "epoch": 92, "update": 28250, "batch_loss": 0.02861063927412033, "gradient_norm": 0.9519878029823303, "wall_seconds": 1980.44}
{"event": "update", "epoch": 92, "update": 28275, "batch_loss": 0.03835217282176018, "gradient_norm": 0.6757537722587585, "wall_seconds": 1981.79}
{"event": "update", "epoch": 92, "update": 28300, "batch_loss": 0.09834477305412292, "gradient_norm": 0.7934847474098206, "wall_seconds": 1983.15}
{"event": "update", "epoch": 92, "update": 28325, "batch_loss": 0.017430460080504417, "gradient_norm": 0.8038281798362732, "wall_seconds": 1984.51}
{"event": "update", "epoch": 92, "update": 28350, "batch_loss": 0.035795968025922775, "gradient_norm": 0.6750698089599609, "wall_seconds": 1985.89}
{"event": "update", "epoch": 92, "update": 28375, "batch_loss": 0.01322873868048191, "gradient_norm": 0.5082551836967468, "wall_seconds": 1987.29}
{"event": "update", "epoch": 92, "update": 28400, "batch_loss": 0.022120732814073563, "gradient_norm": 0.7662807106971741, "wall_seconds": 1988.79}
{"event": "update", "epoch": 92, "update": 28425, "batch_loss": 0.0181580837816, "gradient_norm": 0.7377075552940369, "wall_seconds": 1990.38}
{"event": "epoch", "epoch": 92, "updates": 28428, "seconds": 17.241259727976285, "learning_rate": 6.467544856055186e-05, "loss": 0.0413885599913942, "direction_loss": 0.020027919119126592, "projection_loss": 0.021360641095569927, "wall_seconds": 1990.56}
{"event": "update", "epoch": 93, "update": 28450, "batch_loss": 0.010662284679710865, "gradient_norm": 0.5542888641357422, "wall_seconds": 1992.02}
{"event": "update", "epoch": 93, "update": 28475, "batch_loss": 0.007532835006713867, "gradient_norm": 0.43232378363609314, "wall_seconds": 1993.61}
{"event": "update", "epoch": 93, "update": 28500, "batch_loss": 0.017923178151249886, "gradient_norm": 1.0533747673034668, "wall_seconds": 1995.19}
{"event": "update", "epoch": 93, "update": 28525, "batch_loss": 0.02000793255865574, "gradient_norm": 0.9477989673614502, "wall_seconds": 1996.76}
{"event": "update", "epoch": 93, "update": 28550, "batch_loss": 0.00862087495625019, "gradient_norm": 0.5968372821807861, "wall_seconds": 1998.33}
{"event": "update", "epoch": 93, "update": 28575, "batch_loss": 0.01850910857319832, "gradient_norm": 0.5773776769638062, "wall_seconds": 1999.91}
{"event": "update", "epoch": 93, "update": 28600, "batch_loss": 0.06581953167915344, "gradient_norm": 1.0986785888671875, "wall_seconds": 2001.44}
{"event": "update", "epoch": 93, "update": 28625, "batch_loss": 0.013478698208928108, "gradient_norm": 0.5799628496170044, "wall_seconds": 2002.97}
{"event": "update", "epoch": 93, "update": 28650, "batch_loss": 0.015454494394361973, "gradient_norm": 0.5764628648757935, "wall_seconds": 2004.52}
{"event": "update", "epoch": 93, "update": 28675, "batch_loss": 0.020629610866308212, "gradient_norm": 0.5940203666687012, "wall_seconds": 2006.25}
{"event": "update", "epoch": 93, "update": 28700, "batch_loss": 0.023793667554855347, "gradient_norm": 0.975679874420166, "wall_seconds": 2007.83}
{"event": "update", "epoch": 93, "update": 28725, "batch_loss": 0.011091857217252254, "gradient_norm": 0.41869086027145386, "wall_seconds": 2009.39}
{"event": "epoch", "epoch": 93, "updates": 28737, "seconds": 19.554468430113047, "learning_rate": 6.234519464399588e-05, "loss": 0.04236677536481276, "direction_loss": 0.02120709444420349, "projection_loss": 0.021159680859854434, "wall_seconds": 2010.15}
{"event": "update", "epoch": 94, "update": 28750, "batch_loss": 0.016081534326076508, "gradient_norm": 0.5495883226394653, "wall_seconds": 2010.99}
{"event": "update", "epoch": 94, "update": 28775, "batch_loss": 0.01005830243229866, "gradient_norm": 0.3631185293197632, "wall_seconds": 2012.56}
{"event": "update", "epoch": 94, "update": 28800, "batch_loss": 0.007343211676925421, "gradient_norm": 0.3527029752731323, "wall_seconds": 2014.12}
{"event": "update", "epoch": 94, "update": 28825, "batch_loss": 0.013393054716289043, "gradient_norm": 0.47687479853630066, "wall_seconds": 2015.68}
{"event": "update", "epoch": 94, "update": 28850, "batch_loss": 0.030933719128370285, "gradient_norm": 0.6543508768081665, "wall_seconds": 2017.25}
{"event": "update", "epoch": 94, "update": 28875, "batch_loss": 0.0065301563590765, "gradient_norm": 0.3235529363155365, "wall_seconds": 2018.8}
{"event": "update", "epoch": 94, "update": 28900, "batch_loss": 0.029177330434322357, "gradient_norm": 0.9801893830299377, "wall_seconds": 2020.23}
{"event": "update", "epoch": 94, "update": 28925, "batch_loss": 0.08460354804992676, "gradient_norm": 0.9108035564422607, "wall_seconds": 2021.6}
{"event": "update", "epoch": 94, "update": 28950, "batch_loss": 0.01927766390144825, "gradient_norm": 0.6532248258590698, "wall_seconds": 2022.96}
{"event": "update", "epoch": 94, "update": 28975, "batch_loss": 0.015856707468628883, "gradient_norm": 0.4997600018978119, "wall_seconds": 2024.32}
{"event": "update", "epoch": 94, "update": 29000, "batch_loss": 0.01800532080233097, "gradient_norm": 0.6100600361824036, "wall_seconds": 2025.7}
{"event": "update", "epoch": 94, "update": 29025, "batch_loss": 0.02698075771331787, "gradient_norm": 0.9134021997451782, "wall_seconds": 2027.08}
{"event": "epoch", "epoch": 94, "updates": 29046, "seconds": 18.064166943076998, "learning_rate": 6.008529520330899e-05, "loss": 0.03670741611792792, "direction_loss": 0.017140299311236777, "projection_loss": 0.019567116947823492, "wall_seconds": 2028.24}
{"event": "update", "epoch": 95, "update": 29050, "batch_loss": 0.00905606895685196, "gradient_norm": 0.5985047221183777, "wall_seconds": 2028.48}
{"event": "update", "epoch": 95, "update": 29075, "batch_loss": 0.009028158150613308, "gradient_norm": 0.3786991238594055, "wall_seconds": 2029.85}
{"event": "update", "epoch": 95, "update": 29100, "batch_loss": 0.005017257295548916, "gradient_norm": 0.327030748128891, "wall_seconds": 2031.22}
{"event": "update", "epoch": 95, "update": 29125, "batch_loss": 0.007863394916057587, "gradient_norm": 0.4972241520881653, "wall_seconds": 2032.6}
{"event": "update", "epoch": 95, "update": 29150, "batch_loss": 0.034582801163196564, "gradient_norm": 0.8973854184150696, "wall_seconds": 2033.98}
{"event": "update", "epoch": 95, "update": 29175, "batch_loss": 0.018023081123828888, "gradient_norm": 0.7276062965393066, "wall_seconds": 2035.37}
{"event": "update", "epoch": 95, "update": 29200, "batch_loss": 0.024527588859200478, "gradient_norm": 0.697335958480835, "wall_seconds": 2036.76}
{"event": "update", "epoch": 95, "update": 29225, "batch_loss": 0.017041340470314026, "gradient_norm": 0.6546069979667664, "wall_seconds": 2038.13}
{"event": "update", "epoch": 95, "update": 29250, "batch_loss": 0.016608435660600662, "gradient_norm": 0.5910967588424683, "wall_seconds": 2039.63}
{"event": "update", "epoch": 95, "update": 29275, "batch_loss": 0.1035587340593338, "gradient_norm": 1.2352944612503052, "wall_seconds": 2041.22}
{"event": "update", "epoch": 95, "update": 29300, "batch_loss": 0.365999698638916, "gradient_norm": 1.785731554031372, "wall_seconds": 2042.81}
{"event": "update", "epoch": 95, "update": 29325, "batch_loss": 0.02385932020843029, "gradient_norm": 0.7104786038398743, "wall_seconds": 2044.39}
{"event": "update", "epoch": 95, "update": 29350, "batch_loss": 0.017611488699913025, "gradient_norm": 0.696817934513092, "wall_seconds": 2045.99}
{"event": "epoch", "epoch": 95, "updates": 29355, "seconds": 18.049820906948298, "learning_rate": 5.789729906068329e-05, "loss": 0.039804596499188216, "direction_loss": 0.01975461887799481, "projection_loss": 0.020049977476287457, "wall_seconds": 2046.31}
{"event": "evaluation", "split": "train", "epoch": 95, "loss": 0.02877853515013038, "components": {"direction_loss": 0.009960556905822319, "projection_loss": 0.01881797843110088}, "mean_angle": 2.5091758544905476, "mean_offset": 0.02636994641982517, "strict_count": 287, "loose_count": 739, "samples": 1234, "selection_score": 3.737705727189642, "wall_seconds": 2058.54}
{"event": "evaluation", "split": "val", "epoch": 95, "loss": 0.5873888774090502, "components": {"direction_loss": 0.4949213941862066, "projection_loss": 0.09246748807020934}, "mean_angle": 28.345983852935305, "mean_offset": 0.058571743502222696, "strict_count": 3, "loose_count": 21, "samples": 166, "selection_score": 12.391426246685956, "wall_seconds": 2060.17}
{"event": "update", "epoch": 96, "update": 29375, "batch_loss": 0.10584798455238342, "gradient_norm": 1.5640182495117188, "wall_seconds": 2061.38}
{"event": "update", "epoch": 96, "update": 29400, "batch_loss": 0.018496105447411537, "gradient_norm": 0.7454502582550049, "wall_seconds": 2062.84}
{"event": "update", "epoch": 96, "update": 29425, "batch_loss": 0.007916834205389023, "gradient_norm": 0.47967028617858887, "wall_seconds": 2064.44}
{"event": "update", "epoch": 96, "update": 29450, "batch_loss": 0.04659358412027359, "gradient_norm": 3.713073968887329, "wall_seconds": 2066.05}
{"event": "update", "epoch": 96, "update": 29475, "batch_loss": 0.020132701843976974, "gradient_norm": 0.761012852191925, "wall_seconds": 2067.66}
{"event": "update", "epoch": 96, "update": 29500, "batch_loss": 0.19352680444717407, "gradient_norm": 2.450580596923828, "wall_seconds": 2069.27}
{"event": "update", "epoch": 96, "update": 29525, "batch_loss": 0.004455817863345146, "gradient_norm": 0.40645310282707214, "wall_seconds": 2070.85}
{"event": "update", "epoch": 96, "update": 29550, "batch_loss": 0.013401892967522144, "gradient_norm": 0.9122980237007141, "wall_seconds": 2072.43}
{"event": "update", "epoch": 96, "update": 29575, "batch_loss": 0.009217076934874058, "gradient_norm": 0.3117792010307312, "wall_seconds": 2074.01}
{"event": "update", "epoch": 96, "update": 29600, "batch_loss": 0.10847267508506775, "gradient_norm": 1.4808838367462158, "wall_seconds": 2075.57}
{"event": "update", "epoch": 96, "update": 29625, "batch_loss": 0.01252402551472187, "gradient_norm": 0.6104801297187805, "wall_seconds": 2077.14}
{"event": "update", "epoch": 96, "update": 29650, "batch_loss": 0.02172236144542694, "gradient_norm": 0.6970024704933167, "wall_seconds": 2078.7}
{"event": "epoch", "epoch": 96, "updates": 29664, "seconds": 19.3444204099942, "learning_rate": 5.578270575938216e-05, "loss": 0.03726420798029515, "direction_loss": 0.017586101637615457, "projection_loss": 0.01967810629904753, "wall_seconds": 2079.57}
{"event": "update", "epoch": 97, "update": 29675, "batch_loss": 0.015282546170055866, "gradient_norm": 0.44908201694488525, "wall_seconds": 2080.3}
{"event": "update", "epoch": 97, "update": 29700, "batch_loss": 0.021276287734508514, "gradient_norm": 0.7636845707893372, "wall_seconds": 2081.87}
{"event": "update", "epoch": 97, "update": 29725, "batch_loss": 0.012232474982738495, "gradient_norm": 0.6102185249328613, "wall_seconds": 2083.45}
{"event": "update", "epoch": 97, "update": 29750, "batch_loss": 0.007170646917074919, "gradient_norm": 0.3687242567539215, "wall_seconds": 2085.04}
{"event": "update", "epoch": 97, "update": 29775, "batch_loss": 0.009885549545288086, "gradient_norm": 0.47731339931488037, "wall_seconds": 2086.62}
{"event": "update", "epoch": 97, "update": 29800, "batch_loss": 0.0422213152050972, "gradient_norm": 0.6513547897338867, "wall_seconds": 2088.24}
{"event": "update", "epoch": 97, "update": 29825, "batch_loss": 0.01956333965063095, "gradient_norm": 1.2262921333312988, "wall_seconds": 2089.81}
{"event": "update", "epoch": 97, "update": 29850, "batch_loss": 0.011656660586595535, "gradient_norm": 0.36711764335632324, "wall_seconds": 2091.38}
{"event": "update", "epoch": 97, "update": 29875, "batch_loss": 0.012020055204629898, "gradient_norm": 0.7487970590591431, "wall_seconds": 2092.95}
{"event": "update", "epoch": 97, "update": 29900, "batch_loss": 0.005912372842431068, "gradient_norm": 0.26091399788856506, "wall_seconds": 2094.53}
{"event": "update", "epoch": 97, "update": 29925, "batch_loss": 0.01122074294835329, "gradient_norm": 0.5959734916687012, "wall_seconds": 2096.1}
{"event": "update", "epoch": 97, "update": 29950, "batch_loss": 0.010910100303590298, "gradient_norm": 0.5921316742897034, "wall_seconds": 2097.65}
{"event": "epoch", "epoch": 97, "updates": 29973, "seconds": 19.32085104903672, "learning_rate": 5.374296453602795e-05, "loss": 0.03544518059252413, "direction_loss": 0.016367267589239523, "projection_loss": 0.019077913000171393, "wall_seconds": 2098.93}
{"event": "update", "epoch": 98, "update": 29975, "batch_loss": 0.019432086497545242, "gradient_norm": 0.6845083236694336, "wall_seconds": 2099.07}
{"event": "update", "epoch": 98, "update": 30000, "batch_loss": 0.01179781835526228, "gradient_norm": 0.5697107911109924, "wall_seconds": 2100.55}
{"event": "update", "epoch": 98, "update": 30025, "batch_loss": 0.01278015412390232, "gradient_norm": 0.7253041863441467, "wall_seconds": 2102.08}
{"event": "update", "epoch": 98, "update": 30050, "batch_loss": 0.014961740002036095, "gradient_norm": 0.6681322455406189, "wall_seconds": 2103.58}
{"event": "update", "epoch": 98, "update": 30075, "batch_loss": 0.010015662759542465, "gradient_norm": 0.4895874559879303, "wall_seconds": 2105.07}
{"event": "update", "epoch": 98, "update": 30100, "batch_loss": 0.006913331802934408, "gradient_norm": 0.3915814459323883, "wall_seconds": 2106.6}
{"event": "update", "epoch": 98, "update": 30125, "batch_loss": 0.013929416425526142, "gradient_norm": 0.7186018824577332, "wall_seconds": 2108.15}
{"event": "update", "epoch": 98, "update": 30150, "batch_loss": 0.020717225968837738, "gradient_norm": 0.6105893850326538, "wall_seconds": 2109.72}
{"event": "update", "epoch": 98, "update": 30175, "batch_loss": 0.011749573983252048, "gradient_norm": 0.6755456924438477, "wall_seconds": 2111.29}
{"event": "update", "epoch": 98, "update": 30200, "batch_loss": 0.0126428734511137, "gradient_norm": 0.6357050538063049, "wall_seconds": 2112.87}
{"event": "update", "epoch": 98, "update": 30225, "batch_loss": 0.010858793742954731, "gradient_norm": 0.5096508264541626, "wall_seconds": 2114.44}
{"event": "update", "epoch": 98, "update": 30250, "batch_loss": 0.011124487966299057, "gradient_norm": 0.7738854885101318, "wall_seconds": 2116.02}
{"event": "update", "epoch": 98, "update": 30275, "batch_loss": 0.04427652060985565, "gradient_norm": 0.7524051070213318, "wall_seconds": 2117.59}
{"event": "epoch", "epoch": 98, "updates": 30282, "seconds": 19.073636110988446, "learning_rate": 5.177947332736781e-05, "loss": 0.029788959484601717, "direction_loss": 0.0121627097405611, "projection_loss": 0.017626249882720133, "wall_seconds": 2118.03}
{"event": "update", "epoch": 99, "update": 30300, "batch_loss": 0.007753461599349976, "gradient_norm": 0.32395437359809875, "wall_seconds": 2119.2}
{"event": "update", "epoch": 99, "update": 30325, "batch_loss": 0.012565311044454575, "gradient_norm": 0.5361049771308899, "wall_seconds": 2120.79}
{"event": "update", "epoch": 99, "update": 30350, "batch_loss": 0.021848177537322044, "gradient_norm": 0.8172884583473206, "wall_seconds": 2122.36}
{"event": "update", "epoch": 99, "update": 30375, "batch_loss": 0.007616992574185133, "gradient_norm": 0.359828919172287, "wall_seconds": 2123.93}
{"event": "update", "epoch": 99, "update": 30400, "batch_loss": 0.01412878930568695, "gradient_norm": 0.7885379195213318, "wall_seconds": 2125.5}
{"event": "update", "epoch": 99, "update": 30425, "batch_loss": 0.01723736710846424, "gradient_norm": 0.6554459929466248, "wall_seconds": 2127.06}
{"event": "update", "epoch": 99, "update": 30450, "batch_loss": 0.013258475810289383, "gradient_norm": 0.6468678712844849, "wall_seconds": 2128.62}
{"event": "update", "epoch": 99, "update": 30475, "batch_loss": 0.007080276496708393, "gradient_norm": 0.3967204988002777, "wall_seconds": 2130.18}
{"event": "update", "epoch": 99, "update": 30500, "batch_loss": 0.016483545303344727, "gradient_norm": 0.608475387096405, "wall_seconds": 2131.77}
{"event": "update", "epoch": 99, "update": 30525, "batch_loss": 0.016246367245912552, "gradient_norm": 0.8742725849151611, "wall_seconds": 2133.37}
{"event": "update", "epoch": 99, "update": 30550, "batch_loss": 0.44993749260902405, "gradient_norm": 1.4341365098953247, "wall_seconds": 2134.97}
{"event": "update", "epoch": 99, "update": 30575, "batch_loss": 0.030576009303331375, "gradient_norm": 0.9020853638648987, "wall_seconds": 2136.56}
{"event": "epoch", "epoch": 99, "updates": 30591, "seconds": 19.52662129700184, "learning_rate": 4.98935778121976e-05, "loss": 0.035462739358911206, "direction_loss": 0.017106266794026253, "projection_loss": 0.01835647250134709, "wall_seconds": 2137.59}
{"event": "update", "epoch": 100, "update": 30600, "batch_loss": 0.010649841278791428, "gradient_norm": 0.45503994822502136, "wall_seconds": 2138.2}
{"event": "update", "epoch": 100, "update": 30625, "batch_loss": 0.0903698280453682, "gradient_norm": 0.8375407457351685, "wall_seconds": 2139.81}
{"event": "update", "epoch": 100, "update": 30650, "batch_loss": 0.01687687262892723, "gradient_norm": 0.698345959186554, "wall_seconds": 2141.43}
{"event": "update", "epoch": 100, "update": 30675, "batch_loss": 0.013599574565887451, "gradient_norm": 0.9284833073616028, "wall_seconds": 2143.02}
{"event": "update", "epoch": 100, "update": 30700, "batch_loss": 0.0168155524879694, "gradient_norm": 0.4138273298740387, "wall_seconds": 2144.6}
{"event": "update", "epoch": 100, "update": 30725, "batch_loss": 0.00841298047453165, "gradient_norm": 0.4234050214290619, "wall_seconds": 2146.17}
{"event": "update", "epoch": 100, "update": 30750, "batch_loss": 0.022455250844359398, "gradient_norm": 0.9199767112731934, "wall_seconds": 2147.73}
{"event": "update", "epoch": 100, "update": 30775, "batch_loss": 0.03485746681690216, "gradient_norm": 1.223403811454773, "wall_seconds": 2149.28}
{"event": "update", "epoch": 100, "update": 30800, "batch_loss": 0.026797685772180557, "gradient_norm": 0.886988639831543, "wall_seconds": 2150.83}
{"event": "update", "epoch": 100, "update": 30825, "batch_loss": 0.010019526816904545, "gradient_norm": 0.4866255819797516, "wall_seconds": 2152.38}
{"event": "update", "epoch": 100, "update": 30850, "batch_loss": 0.021632174029946327, "gradient_norm": 0.8139111399650574, "wall_seconds": 2153.95}
{"event": "update", "epoch": 100, "update": 30875, "batch_loss": 0.010110944509506226, "gradient_norm": 0.4705992043018341, "wall_seconds": 2155.52}
{"event": "update", "epoch": 100, "update": 30900, "batch_loss": 0.05973926559090614, "gradient_norm": 1.4687551259994507, "wall_seconds": 2157.1}
{"event": "epoch", "epoch": 100, "updates": 30900, "seconds": 19.482470752089284, "learning_rate": 4.808657048910082e-05, "loss": 0.03198649838334327, "direction_loss": 0.013856258753889407, "projection_loss": 0.018130239581529237, "wall_seconds": 2157.1}
{"event": "evaluation", "split": "train", "epoch": 100, "loss": 0.026191645706407543, "components": {"direction_loss": 0.008903814744225698, "projection_loss": 0.017287830718773354}, "mean_angle": 2.3868538856542574, "mean_offset": 0.024593544210725415, "strict_count": 349, "loose_count": 790, "samples": 1234, "selection_score": 3.6998939403271587, "wall_seconds": 2169.18}
{"event": "evaluation", "split": "val", "epoch": 100, "loss": 0.5604883251958582, "components": {"direction_loss": 0.4676224590862641, "projection_loss": 0.09286586446575372}, "mean_angle": 27.143478508702064, "mean_offset": 0.05813361652032753, "strict_count": 7, "loose_count": 24, "samples": 166, "selection_score": 11.961410899640443, "wall_seconds": 2170.8}
{"event": "update", "epoch": 101, "update": 30925, "batch_loss": 0.4201383590698242, "gradient_norm": 19.593265533447266, "wall_seconds": 2172.24}
{"event": "update", "epoch": 101, "update": 30950, "batch_loss": 0.01060434989631176, "gradient_norm": 0.640521764755249, "wall_seconds": 2173.63}
{"event": "update", "epoch": 101, "update": 30975, "batch_loss": 0.009581129066646099, "gradient_norm": 0.48925623297691345, "wall_seconds": 2175.03}
{"event": "update", "epoch": 101, "update": 31000, "batch_loss": 0.009388551115989685, "gradient_norm": 0.37262120842933655, "wall_seconds": 2176.43}
{"event": "update", "epoch": 101, "update": 31025, "batch_loss": 0.008681580424308777, "gradient_norm": 0.5239773392677307, "wall_seconds": 2177.82}
{"event": "update", "epoch": 101, "update": 31050, "batch_loss": 0.12066471576690674, "gradient_norm": 21.18227767944336, "wall_seconds": 2179.21}
{"event": "update", "epoch": 101, "update": 31075, "batch_loss": 0.010102972388267517, "gradient_norm": 0.542464554309845, "wall_seconds": 2180.6}
{"event": "update", "epoch": 101, "update": 31100, "batch_loss": 0.011981219053268433, "gradient_norm": 0.5172784924507141, "wall_seconds": 2182.0}
{"event": "update", "epoch": 101, "update": 31125, "batch_loss": 0.009036199189722538, "gradient_norm": 0.46821343898773193, "wall_seconds": 2183.58}
{"event": "update", "epoch": 101, "update": 31150, "batch_loss": 0.014026714488863945, "gradient_norm": 0.5415188670158386, "wall_seconds": 2185.13}
{"event": "update", "epoch": 101, "update": 31175, "batch_loss": 0.017823949456214905, "gradient_norm": 0.7959721088409424, "wall_seconds": 2186.7}
{"event": "update", "epoch": 101, "update": 31200, "batch_loss": 0.011745862662792206, "gradient_norm": 0.6806604266166687, "wall_seconds": 2188.27}
{"event": "epoch", "epoch": 101, "updates": 31209, "seconds": 17.97828355699312, "learning_rate": 4.635968979063473e-05, "loss": 0.03166266697846848, "direction_loss": 0.0142415233586222, "projection_loss": 0.017421143512864938, "wall_seconds": 2188.83}
{"event": "update", "epoch": 102, "update": 31225, "batch_loss": 0.006548554636538029, "gradient_norm": 0.39018917083740234, "wall_seconds": 2190.0}
{"event": "update", "epoch": 102, "update": 31250, "batch_loss": 0.45697420835494995, "gradient_norm": 2.0338027477264404, "wall_seconds": 2191.59}
{"event": "update", "epoch": 102, "update": 31275, "batch_loss": 0.01753327250480652, "gradient_norm": 0.7441402077674866, "wall_seconds": 2193.22}
{"event": "update", "epoch": 102, "update": 31300, "batch_loss": 0.02316901460289955, "gradient_norm": 0.8997766375541687, "wall_seconds": 2194.79}
{"event": "update", "epoch": 102, "update": 31325, "batch_loss": 0.3821045160293579, "gradient_norm": 2.15783953666687, "wall_seconds": 2196.4}
{"event": "update", "epoch": 102, "update": 31350, "batch_loss": 0.016029248014092445, "gradient_norm": 0.9082022309303284, "wall_seconds": 2197.98}
{"event": "update", "epoch": 102, "update": 31375, "batch_loss": 0.04094795882701874, "gradient_norm": 1.1164579391479492, "wall_seconds": 2199.57}
{"event": "update", "epoch": 102, "update": 31400, "batch_loss": 0.016189999878406525, "gradient_norm": 0.9502584338188171, "wall_seconds": 2201.18}
{"event": "update", "epoch": 102, "update": 31425, "batch_loss": 0.008885396644473076, "gradient_norm": 0.49770617485046387, "wall_seconds": 2202.77}
{"event": "update", "epoch": 102, "update": 31450, "batch_loss": 0.011351358145475388, "gradient_norm": 0.6103239059448242, "wall_seconds": 2204.32}
{"event": "update", "epoch": 102, "update": 31475, "batch_loss": 0.15142908692359924, "gradient_norm": 1.4129225015640259, "wall_seconds": 2205.85}
{"event": "update", "epoch": 102, "update": 31500, "batch_loss": 0.0074934326112270355, "gradient_norm": 0.49976256489753723, "wall_seconds": 2207.39}
{"event": "epoch", "epoch": 102, "updates": 31518, "seconds": 19.500261020031758, "learning_rate": 4.4714119234570384e-05, "loss": 0.027305889921489277, "direction_loss": 0.011176409210730117, "projection_loss": 0.01612948076391964, "wall_seconds": 2208.49}
{"event": "update", "epoch": 103, "update": 31525, "batch_loss": 0.005215088836848736, "gradient_norm": 0.3538985252380371, "wall_seconds": 2208.95}
{"event": "update", "epoch": 103, "update": 31550, "batch_loss": 0.005920954514294863, "gradient_norm": 0.3402614891529083, "wall_seconds": 2210.49}
{"event": "update", "epoch": 103, "update": 31575, "batch_loss": 0.021674474701285362, "gradient_norm": 0.6380131244659424, "wall_seconds": 2212.02}
{"event": "update", "epoch": 103, "update": 31600, "batch_loss": 0.023845817893743515, "gradient_norm": 0.6877792477607727, "wall_seconds": 2213.55}
{"event": "update", "epoch": 103, "update": 31625, "batch_loss": 0.0061388034373521805, "gradient_norm": 0.3926430940628052, "wall_seconds": 2215.11}
{"event": "update", "epoch": 103, "update": 31650, "batch_loss": 0.07731153070926666, "gradient_norm": 0.8107916712760925, "wall_seconds": 2216.65}
{"event": "update", "epoch": 103, "update": 31675, "batch_loss": 0.013191421516239643, "gradient_norm": 0.4942516088485718, "wall_seconds": 2218.19}
{"event": "update", "epoch": 103, "update": 31700, "batch_loss": 0.0241913553327322, "gradient_norm": 0.7674980759620667, "wall_seconds": 2219.76}
{"event": "update", "epoch": 103, "update": 31725, "batch_loss": 0.016281278803944588, "gradient_norm": 0.7583065629005432, "wall_seconds": 2221.31}
{"event": "update", "epoch": 103, "update": 31750, "batch_loss": 0.022930536419153214, "gradient_norm": 0.8120180368423462, "wall_seconds": 2222.84}
{"event": "update", "epoch": 103, "update": 31775, "batch_loss": 0.009390365332365036, "gradient_norm": 0.5288287401199341, "wall_seconds": 2224.37}
{"event": "update", "epoch": 103, "update": 31800, "batch_loss": 0.01149678509682417, "gradient_norm": 0.7246828675270081, "wall_seconds": 2225.92}
{"event": "update", "epoch": 103, "update": 31825, "batch_loss": 0.010149628855288029, "gradient_norm": 0.48174166679382324, "wall_seconds": 2227.47}
{"event": "epoch", "epoch": 103, "updates": 31827, "seconds": 19.07325007999316, "learning_rate": 4.315098661276888e-05, "loss": 0.033467900896266806, "direction_loss": 0.016455337975300226, "projection_loss": 0.017012562967287422, "wall_seconds": 2227.6}
{"event": "update", "epoch": 104, "update": 31850, "batch_loss": 0.10131572932004929, "gradient_norm": 1.003292202949524, "wall_seconds": 2229.05}
{"event": "update", "epoch": 104, "update": 31875, "batch_loss": 0.007795500103384256, "gradient_norm": 0.40314194560050964, "wall_seconds": 2230.6}
{"event": "update", "epoch": 104, "update": 31900, "batch_loss": 0.004992221016436815, "gradient_norm": 0.2871605455875397, "wall_seconds": 2232.14}
{"event": "update", "epoch": 104, "update": 31925, "batch_loss": 0.018341144546866417, "gradient_norm": 0.6212844848632812, "wall_seconds": 2233.69}
{"event": "update", "epoch": 104, "update": 31950, "batch_loss": 0.002534064231440425, "gradient_norm": 0.17229729890823364, "wall_seconds": 2235.28}
{"event": "update", "epoch": 104, "update": 31975, "batch_loss": 0.014168290421366692, "gradient_norm": 0.6843937635421753, "wall_seconds": 2236.84}
{"event": "update", "epoch": 104, "update": 32000, "batch_loss": 0.019472192972898483, "gradient_norm": 0.6486053466796875, "wall_seconds": 2238.41}
{"event": "update", "epoch": 104, "update": 32025, "batch_loss": 0.012747236527502537, "gradient_norm": 0.554598331451416, "wall_seconds": 2239.97}
{"event": "update", "epoch": 104, "update": 32050, "batch_loss": 0.012610957957804203, "gradient_norm": 0.650344729423523, "wall_seconds": 2241.53}
{"event": "update", "epoch": 104, "update": 32075, "batch_loss": 0.007595237344503403, "gradient_norm": 0.4531528949737549, "wall_seconds": 2243.09}
{"event": "update", "epoch": 104, "update": 32100, "batch_loss": 0.01845184899866581, "gradient_norm": 0.8355681896209717, "wall_seconds": 2244.64}
{"event": "update", "epoch": 104, "update": 32125, "batch_loss": 0.007188301533460617, "gradient_norm": 0.5171613097190857, "wall_seconds": 2246.17}
{"event": "epoch", "epoch": 104, "updates": 32136, "seconds": 19.212149147992022, "learning_rate": 4.1671363218248895e-05, "loss": 0.032672955508900856, "direction_loss": 0.015503515374540719, "projection_loss": 0.017169440163652648, "wall_seconds": 2246.84}
{"event": "update", "epoch": 105, "update": 32150, "batch_loss": 0.011987079866230488, "gradient_norm": 0.7155635356903076, "wall_seconds": 2247.72}
{"event": "update", "epoch": 105, "update": 32175, "batch_loss": 0.07071340829133987, "gradient_norm": 0.9817690849304199, "wall_seconds": 2249.25}
{"event": "update", "epoch": 105, "update": 32200, "batch_loss": 0.01436331495642662, "gradient_norm": 0.8899052739143372, "wall_seconds": 2250.78}
{"event": "update", "epoch": 105, "update": 32225, "batch_loss": 0.00788282509893179, "gradient_norm": 0.574065625667572, "wall_seconds": 2252.31}
{"event": "update", "epoch": 105, "update": 32250, "batch_loss": 0.0060016317293047905, "gradient_norm": 0.35282212495803833, "wall_seconds": 2253.85}
{"event": "update", "epoch": 105, "update": 32275, "batch_loss": 0.011314780451357365, "gradient_norm": 0.6032352447509766, "wall_seconds": 2255.41}
{"event": "update", "epoch": 105, "update": 32300, "batch_loss": 0.008696911856532097, "gradient_norm": 0.4317430257797241, "wall_seconds": 2256.98}
{"event": "update", "epoch": 105, "update": 32325, "batch_loss": 0.4380420446395874, "gradient_norm": 2.0879974365234375, "wall_seconds": 2258.56}
{"event": "update", "epoch": 105, "update": 32350, "batch_loss": 0.00510696554556489, "gradient_norm": 0.3598776161670685, "wall_seconds": 2260.13}
{"event": "update", "epoch": 105, "update": 32375, "batch_loss": 0.015358039177954197, "gradient_norm": 0.7326743006706238, "wall_seconds": 2261.68}
{"event": "update", "epoch": 105, "update": 32400, "batch_loss": 0.01895829662680626, "gradient_norm": 1.0170681476593018, "wall_seconds": 2263.23}
{"event": "update", "epoch": 105, "update": 32425, "batch_loss": 0.02147333323955536, "gradient_norm": 0.7496852874755859, "wall_seconds": 2264.77}
{"event": "epoch", "epoch": 105, "updates": 32445, "seconds": 19.144110996974632, "learning_rate": 4.027626311097632e-05, "loss": 0.027939353062736545, "direction_loss": 0.011718008357064906, "projection_loss": 0.016221344764563262, "wall_seconds": 2266.01}
{"event": "evaluation", "split": "train", "epoch": 105, "loss": 0.023210028352855887, "components": {"direction_loss": 0.007901014730631829, "projection_loss": 0.015309013533851244}, "mean_angle": 2.1285457822344775, "mean_offset": 0.022479873054779113, "strict_count": 385, "loose_count": 814, "samples": 1234, "selection_score": 3.3798998641379407, "wall_seconds": 2277.97}
{"event": "evaluation", "split": "val", "epoch": 105, "loss": 0.553200834576624, "components": {"direction_loss": 0.46107631504356145, "projection_loss": 0.09212452182209635}, "mean_angle": 27.019545506730854, "mean_offset": 0.05713250776626596, "strict_count": 12, "loose_count": 30, "samples": 166, "selection_score": 11.801091446148492, "wall_seconds": 2279.58}
{"event": "update", "epoch": 106, "update": 32450, "batch_loss": 0.0049439226277172565, "gradient_norm": 0.26874715089797974, "wall_seconds": 2279.9}
{"event": "update", "epoch": 106, "update": 32475, "batch_loss": 0.020301828160881996, "gradient_norm": 0.7691501379013062, "wall_seconds": 2281.26}
{"event": "update", "epoch": 106, "update": 32500, "batch_loss": 0.015136579982936382, "gradient_norm": 0.4236016571521759, "wall_seconds": 2282.62}
{"event": "update", "epoch": 106, "update": 32525, "batch_loss": 0.006650179624557495, "gradient_norm": 0.3757559359073639, "wall_seconds": 2283.99}
{"event": "update", "epoch": 106, "update": 32550, "batch_loss": 0.009310416877269745, "gradient_norm": 0.5484387874603271, "wall_seconds": 2285.36}
{"event": "update", "epoch": 106, "update": 32575, "batch_loss": 0.008690577931702137, "gradient_norm": 0.3435441255569458, "wall_seconds": 2286.73}
{"event": "update", "epoch": 106, "update": 32600, "batch_loss": 0.015585853718221188, "gradient_norm": 0.7014895677566528, "wall_seconds": 2288.08}
{"event": "update", "epoch": 106, "update": 32625, "batch_loss": 0.04495663940906525, "gradient_norm": 2.6792633533477783, "wall_seconds": 2289.43}
{"event": "update", "epoch": 106, "update": 32650, "batch_loss": 0.01689232885837555, "gradient_norm": 0.9214873909950256, "wall_seconds": 2290.8}
{"event": "update", "epoch": 106, "update": 32675, "batch_loss": 0.007720349356532097, "gradient_norm": 0.44264888763427734, "wall_seconds": 2292.17}
{"event": "update", "epoch": 106, "update": 32700, "batch_loss": 0.018146518617868423, "gradient_norm": 0.8280586004257202, "wall_seconds": 2293.55}
{"event": "update", "epoch": 106, "update": 32725, "batch_loss": 0.00824043434113264, "gradient_norm": 0.34714820981025696, "wall_seconds": 2294.94}
{"event": "update", "epoch": 106, "update": 32750, "batch_loss": 0.003385799005627632, "gradient_norm": 0.3132142126560211, "wall_seconds": 2296.31}
{"event": "epoch", "epoch": 106, "updates": 32754, "seconds": 16.90320711606182, "learning_rate": 3.8966642422877786e-05, "loss": 0.023981578535637312, "direction_loss": 0.008799916921210637, "projection_loss": 0.015181661677823026, "wall_seconds": 2296.53}
{"event": "update", "epoch": 107, "update": 32775, "batch_loss": 0.025642793625593185, "gradient_norm": 0.9918979406356812, "wall_seconds": 2297.81}
{"event": "update", "epoch": 107, "update": 32800, "batch_loss": 0.007354923523962498, "gradient_norm": 0.5210455060005188, "wall_seconds": 2299.36}
{"event": "update", "epoch": 107, "update": 32825, "batch_loss": 0.012837445363402367, "gradient_norm": 0.5895982980728149, "wall_seconds": 2300.94}
{"event": "update", "epoch": 107, "update": 32850, "batch_loss": 0.012970084324479103, "gradient_norm": 0.7398818731307983, "wall_seconds": 2302.44}
{"event": "update", "epoch": 107, "update": 32875, "batch_loss": 0.012616781517863274, "gradient_norm": 0.5106908082962036, "wall_seconds": 2304.06}
{"event": "update", "epoch": 107, "update": 32900, "batch_loss": 0.011696511879563332, "gradient_norm": 0.6153652667999268, "wall_seconds": 2305.75}
{"event": "update", "epoch": 107, "update": 32925, "batch_loss": 0.009525622241199017, "gradient_norm": 0.5081870555877686, "wall_seconds": 2307.42}
{"event": "update", "epoch": 107, "update": 32950, "batch_loss": 0.02262936346232891, "gradient_norm": 0.6108551621437073, "wall_seconds": 2309.0}
{"event": "update", "epoch": 107, "update": 32975, "batch_loss": 0.023370005190372467, "gradient_norm": 0.8470713496208191, "wall_seconds": 2310.72}
{"event": "update", "epoch": 107, "update": 33000, "batch_loss": 0.01045883446931839, "gradient_norm": 0.4894377291202545, "wall_seconds": 2312.44}
{"event": "update", "epoch": 107, "update": 33025, "batch_loss": 0.011207589879631996, "gradient_norm": 0.6099897623062134, "wall_seconds": 2314.1}
{"event": "update", "epoch": 107, "update": 33050, "batch_loss": 0.008039550855755806, "gradient_norm": 0.6153542995452881, "wall_seconds": 2315.52}
{"event": "epoch", "epoch": 107, "updates": 33063, "seconds": 19.70551976596471, "learning_rate": 3.774339870255594e-05, "loss": 0.031607207194622754, "direction_loss": 0.01580477001751521, "projection_loss": 0.01580243717163584, "wall_seconds": 2316.26}
{"event": "update", "epoch": 108, "update": 33075, "batch_loss": 0.00813223421573639, "gradient_norm": 0.49757444858551025, "wall_seconds": 2316.97}
{"event": "update", "epoch": 108, "update": 33100, "batch_loss": 0.010340966284275055, "gradient_norm": 0.5958619713783264, "wall_seconds": 2318.38}
{"event": "update", "epoch": 108, "update": 33125, "batch_loss": 0.0069534434005618095, "gradient_norm": 0.3252112567424774, "wall_seconds": 2319.82}
{"event": "update", "epoch": 108, "update": 33150, "batch_loss": 0.028422292321920395, "gradient_norm": 0.6393997669219971, "wall_seconds": 2321.48}
{"event": "update", "epoch": 108, "update": 33175, "batch_loss": 0.008409601636230946, "gradient_norm": 0.6441660523414612, "wall_seconds": 2323.03}
{"event": "update", "epoch": 108, "update": 33200, "batch_loss": 0.013291701674461365, "gradient_norm": 0.5490564703941345, "wall_seconds": 2324.59}
{"event": "update", "epoch": 108, "update": 33225, "batch_loss": 0.09670472890138626, "gradient_norm": 1.1839367151260376, "wall_seconds": 2326.12}
{"event": "update", "epoch": 108, "update": 33250, "batch_loss": 0.010379305109381676, "gradient_norm": 0.4430687725543976, "wall_seconds": 2327.73}
{"event": "update", "epoch": 108, "update": 33275, "batch_loss": 0.011203699745237827, "gradient_norm": 0.5083146095275879, "wall_seconds": 2329.26}
{"event": "update", "epoch": 108, "update": 33300, "batch_loss": 0.02449268288910389, "gradient_norm": 0.7232949137687683, "wall_seconds": 2330.84}
{"event": "update", "epoch": 108, "update": 33325, "batch_loss": 0.019985772669315338, "gradient_norm": 0.7818738222122192, "wall_seconds": 2332.49}
{"event": "update", "epoch": 108, "update": 33350, "batch_loss": 0.027158940210938454, "gradient_norm": 0.9730823636054993, "wall_seconds": 2334.08}
{"event": "epoch", "epoch": 108, "updates": 33372, "seconds": 19.213094637030736, "learning_rate": 3.6607370300154286e-05, "loss": 0.02526197765577989, "direction_loss": 0.009500071058297723, "projection_loss": 0.015761906691680466, "wall_seconds": 2335.5}
{"event": "update", "epoch": 109, "update": 33375, "batch_loss": 0.017729077488183975, "gradient_norm": 0.6265720129013062, "wall_seconds": 2335.72}
{"event": "update", "epoch": 109, "update": 33400, "batch_loss": 0.011026930063962936, "gradient_norm": 0.7941370010375977, "wall_seconds": 2337.31}
{"event": "update", "epoch": 109, "update": 33425, "batch_loss": 0.0077918898314237595, "gradient_norm": 0.40267279744148254, "wall_seconds": 2338.88}
{"event": "update", "epoch": 109, "update": 33450, "batch_loss": 0.025195512920618057, "gradient_norm": 0.9426964521408081, "wall_seconds": 2340.45}
{"event": "update", "epoch": 109, "update": 33475, "batch_loss": 0.0070596905425190926, "gradient_norm": 0.2960380017757416, "wall_seconds": 2342.01}
{"event": "update", "epoch": 109, "update": 33500, "batch_loss": 0.016468703746795654, "gradient_norm": 0.7190123200416565, "wall_seconds": 2343.57}
{"event": "update", "epoch": 109, "update": 33525, "batch_loss": 0.017047934234142303, "gradient_norm": 0.4613696336746216, "wall_seconds": 2345.12}
{"event": "update", "epoch": 109, "update": 33550, "batch_loss": 0.03315173089504242, "gradient_norm": 0.6708291172981262, "wall_seconds": 2346.69}
{"event": "update", "epoch": 109, "update": 33575, "batch_loss": 0.02793826162815094, "gradient_norm": 0.8322973847389221, "wall_seconds": 2348.27}
{"event": "update", "epoch": 109, "update": 33600, "batch_loss": 0.030870338901877403, "gradient_norm": 1.005144476890564, "wall_seconds": 2349.85}
{"event": "update", "epoch": 109, "update": 33625, "batch_loss": 0.010159953497350216, "gradient_norm": 0.5093197822570801, "wall_seconds": 2351.43}
{"event": "update", "epoch": 109, "update": 33650, "batch_loss": 0.00811578519642353, "gradient_norm": 0.5519779324531555, "wall_seconds": 2353.0}
{"event": "update", "epoch": 109, "update": 33675, "batch_loss": 0.015696275979280472, "gradient_norm": 1.1191766262054443, "wall_seconds": 2354.56}
{"event": "epoch", "epoch": 109, "updates": 33681, "seconds": 19.41354381199926, "learning_rate": 3.5559335792793964e-05, "loss": 0.02447389918070051, "direction_loss": 0.009728336451898557, "projection_loss": 0.01474556265243388, "wall_seconds": 2354.94}
{"event": "update", "epoch": 110, "update": 33700, "batch_loss": 0.035792142152786255, "gradient_norm": 2.435110092163086, "wall_seconds": 2356.16}
{"event": "update", "epoch": 110, "update": 33725, "batch_loss": 0.011698165908455849, "gradient_norm": 0.6693779826164246, "wall_seconds": 2357.73}
{"event": "update", "epoch": 110, "update": 33750, "batch_loss": 0.014171870425343513, "gradient_norm": 0.44704562425613403, "wall_seconds": 2359.27}
{"event": "update", "epoch": 110, "update": 33775, "batch_loss": 0.013529508374631405, "gradient_norm": 0.6281723976135254, "wall_seconds": 2360.81}
{"event": "update", "epoch": 110, "update": 33800, "batch_loss": 0.005846910644322634, "gradient_norm": 0.41612184047698975, "wall_seconds": 2362.37}
{"event": "update", "epoch": 110, "update": 33825, "batch_loss": 0.013372290879487991, "gradient_norm": 0.48494404554367065, "wall_seconds": 2363.93}
{"event": "update", "epoch": 110, "update": 33850, "batch_loss": 0.007512847427278757, "gradient_norm": 0.557870090007782, "wall_seconds": 2365.48}
{"event": "update", "epoch": 110, "update": 33875, "batch_loss": 0.010105812922120094, "gradient_norm": 0.4720841646194458, "wall_seconds": 2367.04}
{"event": "update", "epoch": 110, "update": 33900, "batch_loss": 0.007806680165231228, "gradient_norm": 0.37505945563316345, "wall_seconds": 2368.61}
{"event": "update", "epoch": 110, "update": 33925, "batch_loss": 0.016472700983285904, "gradient_norm": 0.7659867405891418, "wall_seconds": 2370.19}
{"event": "update", "epoch": 110, "update": 33950, "batch_loss": 0.4128722548484802, "gradient_norm": 3.328542947769165, "wall_seconds": 2371.77}
{"event": "update", "epoch": 110, "update": 33975, "batch_loss": 0.01980702206492424, "gradient_norm": 0.6004140973091125, "wall_seconds": 2373.35}
{"event": "epoch", "epoch": 110, "updates": 33990, "seconds": 19.321121434913948, "learning_rate": 3.460001345097579e-05, "loss": 0.022075830240291656, "direction_loss": 0.007786143159716588, "projection_loss": 0.014289687057078561, "wall_seconds": 2374.29}
{"event": "evaluation", "split": "train", "epoch": 110, "loss": 0.02340301220581491, "components": {"direction_loss": 0.009213336641710194, "projection_loss": 0.014189675483532624}, "mean_angle": 2.06206141771806, "mean_offset": 0.021000893937764487, "strict_count": 423, "loose_count": 870, "samples": 1234, "selection_score": 3.25244882499408, "wall_seconds": 2386.23}
{"event": "evaluation", "split": "val", "epoch": 110, "loss": 0.5712165012506836, "components": {"direction_loss": 0.4773646363152573, "projection_loss": 0.09385186817541898}, "mean_angle": 27.51554045278624, "mean_offset": 0.05996505104437336, "strict_count": 11, "loose_count": 24, "samples": 166, "selection_score": 12.365352898858717, "wall_seconds": 2387.86}
{"event": "update", "epoch": 111, "update": 34000, "batch_loss": 0.007340084295719862, "gradient_norm": 0.3403790295124054, "wall_seconds": 2388.44}
{"event": "update", "epoch": 111, "update": 34025, "batch_loss": 0.021797485649585724, "gradient_norm": 0.5263820290565491, "wall_seconds": 2389.81}
{"event": "update", "epoch": 111, "update": 34050, "batch_loss": 0.01265894714742899, "gradient_norm": 0.8974893093109131, "wall_seconds": 2391.16}
{"event": "update", "epoch": 111, "update": 34075, "batch_loss": 0.005820216611027718, "gradient_norm": 0.38256052136421204, "wall_seconds": 2392.5}
{"event": "update", "epoch": 111, "update": 34100, "batch_loss": 0.02014697715640068, "gradient_norm": 0.7220532298088074, "wall_seconds": 2393.85}
{"event": "update", "epoch": 111, "update": 34125, "batch_loss": 0.01590856909751892, "gradient_norm": 0.5645872950553894, "wall_seconds": 2395.21}
{"event": "update", "epoch": 111, "update": 34150, "batch_loss": 0.005178388208150864, "gradient_norm": 0.4173612892627716, "wall_seconds": 2396.55}
{"event": "update", "epoch": 111, "update": 34175, "batch_loss": 0.016119403764605522, "gradient_norm": 0.7357307076454163, "wall_seconds": 2397.89}
{"event": "update", "epoch": 111, "update": 34200, "batch_loss": 0.005981047637760639, "gradient_norm": 0.37322327494621277, "wall_seconds": 2399.24}
{"event": "update", "epoch": 111, "update": 34225, "batch_loss": 0.02000349387526512, "gradient_norm": 0.6941816806793213, "wall_seconds": 2400.6}
{"event": "update", "epoch": 111, "update": 34250, "batch_loss": 0.04592178761959076, "gradient_norm": 0.7741634249687195, "wall_seconds": 2401.97}
{"event": "update", "epoch": 111, "update": 34275, "batch_loss": 0.006119276396930218, "gradient_norm": 0.30158159136772156, "wall_seconds": 2403.32}
{"event": "epoch", "epoch": 111, "updates": 34299, "seconds": 16.73202901496552, "learning_rate": 3.373006074631367e-05, "loss": 0.027691066000200024, "direction_loss": 0.012931038809878332, "projection_loss": 0.01476002704484971, "wall_seconds": 2404.62}
{"event": "update", "epoch": 112, "update": 34300, "batch_loss": 0.013348264619708061, "gradient_norm": 0.6777768731117249, "wall_seconds": 2404.7}
{"event": "update", "epoch": 112, "update": 34325, "batch_loss": 0.017867282032966614, "gradient_norm": 0.8793478608131409, "wall_seconds": 2406.07}
{"event": "update", "epoch": 112, "update": 34350, "batch_loss": 0.02296733856201172, "gradient_norm": 0.7526267170906067, "wall_seconds": 2407.45}
{"event": "update", "epoch": 112, "update": 34375, "batch_loss": 0.00953772384673357, "gradient_norm": 0.5337081551551819, "wall_seconds": 2408.84}
{"event": "update", "epoch": 112, "update": 34400, "batch_loss": 0.2986418604850769, "gradient_norm": 4.636699199676514, "wall_seconds": 2410.22}
{"event": "update", "epoch": 112, "update": 34425, "batch_loss": 0.013265424408018589, "gradient_norm": 0.6602764129638672, "wall_seconds": 2411.6}
{"event": "update", "epoch": 112, "update": 34450, "batch_loss": 0.008025779388844967, "gradient_norm": 0.4174402356147766, "wall_seconds": 2412.98}
{"event": "update", "epoch": 112, "update": 34475, "batch_loss": 0.037699587643146515, "gradient_norm": 1.280397891998291, "wall_seconds": 2414.34}
{"event": "update", "epoch": 112, "update": 34500, "batch_loss": 0.049942247569561005, "gradient_norm": 0.8790605664253235, "wall_seconds": 2415.71}
{"event": "update", "epoch": 112, "update": 34525, "batch_loss": 0.011481869965791702, "gradient_norm": 0.49990034103393555, "wall_seconds": 2417.08}
{"event": "update", "epoch": 112, "update": 34550, "batch_loss": 0.012073047459125519, "gradient_norm": 0.5873583555221558, "wall_seconds": 2418.44}
{"event": "update", "epoch": 112, "update": 34575, "batch_loss": 0.012249895371496677, "gradient_norm": 0.49142101407051086, "wall_seconds": 2419.8}
{"event": "update", "epoch": 112, "update": 34600, "batch_loss": 0.04815417900681496, "gradient_norm": 1.8752034902572632, "wall_seconds": 2421.17}
{"event": "epoch", "epoch": 112, "updates": 34608, "seconds": 16.955897312960587, "learning_rate": 3.2950073900936234e-05, "loss": 0.0247423866978051, "direction_loss": 0.00992572716891715, "projection_loss": 0.01481665961513812, "wall_seconds": 2421.6}
{"event": "update", "epoch": 113, "update": 34625, "batch_loss": 0.009308396838605404, "gradient_norm": 0.518112301826477, "wall_seconds": 2422.55}
{"event": "update", "epoch": 113, "update": 34650, "batch_loss": 0.007271479815244675, "gradient_norm": 0.43117716908454895, "wall_seconds": 2423.92}
{"event": "update", "epoch": 113, "update": 34675, "batch_loss": 0.02983970008790493, "gradient_norm": 0.90666264295578, "wall_seconds": 2425.3}
{"event": "update", "epoch": 113, "update": 34700, "batch_loss": 0.016200972720980644, "gradient_norm": 0.6397626399993896, "wall_seconds": 2426.71}
{"event": "update", "epoch": 113, "update": 34725, "batch_loss": 0.028488002717494965, "gradient_norm": 1.0578659772872925, "wall_seconds": 2428.08}
{"event": "update", "epoch": 113, "update": 34750, "batch_loss": 0.006798944901674986, "gradient_norm": 0.35582655668258667, "wall_seconds": 2429.46}
{"event": "update", "epoch": 113, "update": 34775, "batch_loss": 0.01514599472284317, "gradient_norm": 0.6304020285606384, "wall_seconds": 2430.84}
{"event": "update", "epoch": 113, "update": 34800, "batch_loss": 0.011512071825563908, "gradient_norm": 0.5489101409912109, "wall_seconds": 2432.23}
{"event": "update", "epoch": 113, "update": 34825, "batch_loss": 0.012793243862688541, "gradient_norm": 0.5875431299209595, "wall_seconds": 2433.59}
{"event": "update", "epoch": 113, "update": 34850, "batch_loss": 0.0071921637281775475, "gradient_norm": 0.5433817505836487, "wall_seconds": 2434.99}
{"event": "update", "epoch": 113, "update": 34875, "batch_loss": 0.009529702365398407, "gradient_norm": 0.688899576663971, "wall_seconds": 2436.38}
{"event": "update", "epoch": 113, "update": 34900, "batch_loss": 0.0072950636968016624, "gradient_norm": 0.38022634387016296, "wall_seconds": 2437.76}
{"event": "epoch", "epoch": 113, "updates": 34917, "seconds": 17.08945493993815, "learning_rate": 3.2260587478866145e-05, "loss": 0.023456590517304803, "direction_loss": 0.009218762290997603, "projection_loss": 0.014237828336118735, "wall_seconds": 2438.72}
{"event": "update", "epoch": 114, "update": 34925, "batch_loss": 0.030554477125406265, "gradient_norm": 0.6424997448921204, "wall_seconds": 2439.18}
{"event": "update", "epoch": 114, "update": 34950, "batch_loss": 0.019745659083127975, "gradient_norm": 0.9756984114646912, "wall_seconds": 2440.72}
{"event": "update", "epoch": 114, "update": 34975, "batch_loss": 0.006585712544620037, "gradient_norm": 0.5663054585456848, "wall_seconds": 2442.31}
{"event": "update", "epoch": 114, "update": 35000, "batch_loss": 0.02032346837222576, "gradient_norm": 0.6943190693855286, "wall_seconds": 2443.92}
{"event": "update", "epoch": 114, "update": 35025, "batch_loss": 0.010333890095353127, "gradient_norm": 0.4205267131328583, "wall_seconds": 2445.57}
{"event": "update", "epoch": 114, "update": 35050, "batch_loss": 0.011455554515123367, "gradient_norm": 0.541513204574585, "wall_seconds": 2447.17}
{"event": "update", "epoch": 114, "update": 35075, "batch_loss": 0.0043686991557478905, "gradient_norm": 0.3161238431930542, "wall_seconds": 2448.78}
{"event": "update", "epoch": 114, "update": 35100, "batch_loss": 0.02032005414366722, "gradient_norm": 0.8797979950904846, "wall_seconds": 2450.36}
{"event": "update", "epoch": 114, "update": 35125, "batch_loss": 0.013918646611273289, "gradient_norm": 0.6626957654953003, "wall_seconds": 2451.96}
{"event": "update", "epoch": 114, "update": 35150, "batch_loss": 0.006359631195664406, "gradient_norm": 0.4167157709598541, "wall_seconds": 2453.56}
{"event": "update", "epoch": 114, "update": 35175, "batch_loss": 0.0059685055166482925, "gradient_norm": 0.40906691551208496, "wall_seconds": 2455.17}
{"event": "update", "epoch": 114, "update": 35200, "batch_loss": 0.009729230776429176, "gradient_norm": 0.6090567111968994, "wall_seconds": 2456.79}
{"event": "update", "epoch": 114, "update": 35225, "batch_loss": 0.015288314782083035, "gradient_norm": 1.226491928100586, "wall_seconds": 2458.4}
{"event": "epoch", "epoch": 114, "updates": 35226, "seconds": 19.71730490005575, "learning_rate": 3.166207401965642e-05, "loss": 0.022996203670492533, "direction_loss": 0.009457594983125366, "projection_loss": 0.013538608677697336, "wall_seconds": 2458.46}
{"event": "update", "epoch": 115, "update": 35250, "batch_loss": 0.008620139211416245, "gradient_norm": 0.5925185680389404, "wall_seconds": 2460.01}
{"event": "update", "epoch": 115, "update": 35275, "batch_loss": 0.005185428075492382, "gradient_norm": 0.29072797298431396, "wall_seconds": 2461.6}
{"event": "update", "epoch": 115, "update": 35300, "batch_loss": 0.01297270879149437, "gradient_norm": 0.5412452816963196, "wall_seconds": 2463.17}
{"event": "update", "epoch": 115, "update": 35325, "batch_loss": 0.01898512803018093, "gradient_norm": 0.8158004283905029, "wall_seconds": 2464.74}
{"event": "update", "epoch": 115, "update": 35350, "batch_loss": 0.0077667576260864735, "gradient_norm": 0.525906503200531, "wall_seconds": 2466.32}
{"event": "update", "epoch": 115, "update": 35375, "batch_loss": 0.0054335640743374825, "gradient_norm": 0.23242230713367462, "wall_seconds": 2467.89}
{"event": "update", "epoch": 115, "update": 35400, "batch_loss": 0.007451049983501434, "gradient_norm": 0.576783299446106, "wall_seconds": 2469.46}
{"event": "update", "epoch": 115, "update": 35425, "batch_loss": 0.010410706512629986, "gradient_norm": 0.5301156044006348, "wall_seconds": 2471.02}
{"event": "update", "epoch": 115, "update": 35450, "batch_loss": 0.012469935230910778, "gradient_norm": 0.6894327402114868, "wall_seconds": 2472.58}
{"event": "update", "epoch": 115, "update": 35475, "batch_loss": 0.004114472307264805, "gradient_norm": 0.3264954686164856, "wall_seconds": 2474.13}
{"event": "update", "epoch": 115, "update": 35500, "batch_loss": 0.007986674085259438, "gradient_norm": 0.2742592394351959, "wall_seconds": 2475.67}
{"event": "update", "epoch": 115, "update": 35525, "batch_loss": 0.009594691917300224, "gradient_norm": 0.5557176470756531, "wall_seconds": 2477.22}
{"event": "epoch", "epoch": 115, "updates": 35535, "seconds": 19.345482844044454, "learning_rate": 3.11549437145356e-05, "loss": 0.02756952840496742, "direction_loss": 0.01349648650104672, "projection_loss": 0.01407304187071309, "wall_seconds": 2477.83}
{"event": "evaluation", "split": "train", "epoch": 115, "loss": 0.020118813413818708, "components": {"direction_loss": 0.0056899735560773995, "projection_loss": 0.014428839847487752}, "mean_angle": 1.8132923463687023, "mean_offset": 0.02277885263805437, "strict_count": 345, "loose_count": 784, "samples": 1234, "selection_score": 3.1582047771922612, "wall_seconds": 2489.57}
{"event": "evaluation", "split": "val", "epoch": 115, "loss": 0.559648289019803, "components": {"direction_loss": 0.46595019858094855, "projection_loss": 0.09369809377983392}, "mean_angle": 26.834405714399125, "mean_offset": 0.06198345850528981, "strict_count": 6, "loose_count": 22, "samples": 166, "selection_score": 12.200365856685284, "wall_seconds": 2491.15}
{"event": "update", "epoch": 116, "update": 35550, "batch_loss": 0.012889023870229721, "gradient_norm": 0.6296343207359314, "wall_seconds": 2491.99}
{"event": "update", "epoch": 116, "update": 35575, "batch_loss": 0.014048125594854355, "gradient_norm": 0.40685099363327026, "wall_seconds": 2493.35}
{"event": "update", "epoch": 116, "update": 35600, "batch_loss": 0.011380042880773544, "gradient_norm": 0.3868461847305298, "wall_seconds": 2494.7}
{"event": "update", "epoch": 116, "update": 35625, "batch_loss": 0.0038935961201786995, "gradient_norm": 0.24671635031700134, "wall_seconds": 2496.05}
{"event": "update", "epoch": 116, "update": 35650, "batch_loss": 0.009332871064543724, "gradient_norm": 0.5079662203788757, "wall_seconds": 2497.42}
{"event": "update", "epoch": 116, "update": 35675, "batch_loss": 0.03715704381465912, "gradient_norm": 4.826211929321289, "wall_seconds": 2498.78}
{"event": "update", "epoch": 116, "update": 35700, "batch_loss": 0.012864192947745323, "gradient_norm": 0.45769187808036804, "wall_seconds": 2500.12}
{"event": "update", "epoch": 116, "update": 35725, "batch_loss": 0.014874668791890144, "gradient_norm": 0.5627901554107666, "wall_seconds": 2501.48}
{"event": "update", "epoch": 116, "update": 35750, "batch_loss": 0.012189879082143307, "gradient_norm": 0.6067637801170349, "wall_seconds": 2502.85}
{"event": "update", "epoch": 116, "update": 35775, "batch_loss": 0.006913648918271065, "gradient_norm": 0.5455648899078369, "wall_seconds": 2504.23}
{"event": "update", "epoch": 116, "update": 35800, "batch_loss": 0.008310889825224876, "gradient_norm": 0.4988076090812683, "wall_seconds": 2505.6}
{"event": "update", "epoch": 116, "update": 35825, "batch_loss": 0.027237091213464737, "gradient_norm": 0.7987250685691833, "wall_seconds": 2506.98}
{"event": "epoch", "epoch": 116, "updates": 35844, "seconds": 16.855545240920037, "learning_rate": 3.073954412528309e-05, "loss": 0.02261120717326478, "direction_loss": 0.008547017120792436, "projection_loss": 0.014064190002094887, "wall_seconds": 2508.03}
{"event": "update", "epoch": 117, "update": 35850, "batch_loss": 0.007406713906675577, "gradient_norm": 0.33452916145324707, "wall_seconds": 2508.39}
{"event": "update", "epoch": 117, "update": 35875, "batch_loss": 0.010239990428090096, "gradient_norm": 0.46202313899993896, "wall_seconds": 2509.75}
{"event": "update", "epoch": 117, "update": 35900, "batch_loss": 0.007344400510191917, "gradient_norm": 0.5098202228546143, "wall_seconds": 2511.1}
{"event": "update", "epoch": 117, "update": 35925, "batch_loss": 0.41800808906555176, "gradient_norm": 2.2797024250030518, "wall_seconds": 2512.46}
{"event": "update", "epoch": 117, "update": 35950, "batch_loss": 0.10089277476072311, "gradient_norm": 0.7146811485290527, "wall_seconds": 2513.81}
{"event": "update", "epoch": 117, "update": 35975, "batch_loss": 0.010344298556447029, "gradient_norm": 0.987209677696228, "wall_seconds": 2515.17}
{"event": "update", "epoch": 117, "update": 36000, "batch_loss": 0.007985836826264858, "gradient_norm": 0.33690571784973145, "wall_seconds": 2516.52}
{"event": "update", "epoch": 117, "update": 36025, "batch_loss": 0.00852933432906866, "gradient_norm": 0.4334225654602051, "wall_seconds": 2517.89}
{"event": "update", "epoch": 117, "update": 36050, "batch_loss": 0.017362991347908974, "gradient_norm": 0.7749143838882446, "wall_seconds": 2519.24}
{"event": "update", "epoch": 117, "update": 36075, "batch_loss": 0.011170709505677223, "gradient_norm": 0.5678744316101074, "wall_seconds": 2520.61}
{"event": "update", "epoch": 117, "update": 36100, "batch_loss": 0.005349364131689072, "gradient_norm": 0.443976491689682, "wall_seconds": 2521.98}
{"event": "update", "epoch": 117, "update": 36125, "batch_loss": 0.0074105821549892426, "gradient_norm": 0.2774970233440399, "wall_seconds": 2523.36}
{"event": "update", "epoch": 117, "update": 36150, "batch_loss": 0.013678004033863544, "gradient_norm": 0.6569831967353821, "wall_seconds": 2524.72}
{"event": "epoch", "epoch": 117, "updates": 36153, "seconds": 16.82355909596663, "learning_rate": 3.0416159946027724e-05, "loss": 0.022747789820538444, "direction_loss": 0.00927944257117678, "projection_loss": 0.01346834721662575, "wall_seconds": 2524.88}
{"event": "update", "epoch": 118, "update": 36175, "batch_loss": 0.02123584784567356, "gradient_norm": 0.7582491040229797, "wall_seconds": 2526.12}
{"event": "update", "epoch": 118, "update": 36200, "batch_loss": 0.02208774723112583, "gradient_norm": 0.8282070755958557, "wall_seconds": 2527.5}
{"event": "update", "epoch": 118, "update": 36225, "batch_loss": 0.005326543003320694, "gradient_norm": 0.3152030408382416, "wall_seconds": 2528.87}
{"event": "update", "epoch": 118, "update": 36250, "batch_loss": 0.005062962882220745, "gradient_norm": 0.30517932772636414, "wall_seconds": 2530.24}
{"event": "update", "epoch": 118, "update": 36275, "batch_loss": 0.052057284861803055, "gradient_norm": 1.2204277515411377, "wall_seconds": 2531.61}
{"event": "update", "epoch": 118, "update": 36300, "batch_loss": 0.012917480431497097, "gradient_norm": 0.5864765048027039, "wall_seconds": 2532.99}
{"event": "update", "epoch": 118, "update": 36325, "batch_loss": 0.01611221954226494, "gradient_norm": 0.6322585344314575, "wall_seconds": 2534.36}
{"event": "update", "epoch": 118, "update": 36350, "batch_loss": 0.009694807231426239, "gradient_norm": 0.7563213109970093, "wall_seconds": 2535.74}
{"event": "update", "epoch": 118, "update": 36375, "batch_loss": 0.009677374735474586, "gradient_norm": 0.5622740387916565, "wall_seconds": 2537.2}
{"event": "update", "epoch": 118, "update": 36400, "batch_loss": 0.021015364676713943, "gradient_norm": 1.144351840019226, "wall_seconds": 2538.8}
{"event": "update", "epoch": 118, "update": 36425, "batch_loss": 0.006514322012662888, "gradient_norm": 0.38245469331741333, "wall_seconds": 2540.4}
{"event": "update", "epoch": 118, "update": 36450, "batch_loss": 0.01457135658711195, "gradient_norm": 0.8063380718231201, "wall_seconds": 2542.0}
{"event": "epoch", "epoch": 118, "updates": 36462, "seconds": 17.935879062046297, "learning_rate": 3.018501280813253e-05, "loss": 0.020335455706593623, "direction_loss": 0.00749339509488014, "projection_loss": 0.012842060562609612, "wall_seconds": 2542.84}
{"event": "update", "epoch": 119, "update": 36475, "batch_loss": 0.012186787091195583, "gradient_norm": 0.620975911617279, "wall_seconds": 2543.78}
{"event": "update", "epoch": 119, "update": 36500, "batch_loss": 0.04847598820924759, "gradient_norm": 1.298092007637024, "wall_seconds": 2545.39}
{"event": "update", "epoch": 119, "update": 36525, "batch_loss": 0.11695243418216705, "gradient_norm": 1.1013071537017822, "wall_seconds": 2546.99}
{"event": "update", "epoch": 119, "update": 36550, "batch_loss": 0.030188748612999916, "gradient_norm": 0.6767529249191284, "wall_seconds": 2548.56}
{"event": "update", "epoch": 119, "update": 36575, "batch_loss": 0.012719766236841679, "gradient_norm": 0.7012924551963806, "wall_seconds": 2550.12}
{"event": "update", "epoch": 119, "update": 36600, "batch_loss": 0.005955938715487719, "gradient_norm": 0.36432546377182007, "wall_seconds": 2551.7}
{"event": "update", "epoch": 119, "update": 36625, "batch_loss": 0.008634420111775398, "gradient_norm": 0.3890177309513092, "wall_seconds": 2553.26}
{"event": "update", "epoch": 119, "update": 36650, "batch_loss": 0.013115421868860722, "gradient_norm": 0.6131525039672852, "wall_seconds": 2554.82}
{"event": "update", "epoch": 119, "update": 36675, "batch_loss": 0.01832709275186062, "gradient_norm": 1.1314303874969482, "wall_seconds": 2556.39}
{"event": "update", "epoch": 119, "update": 36700, "batch_loss": 0.0072968886233866215, "gradient_norm": 0.3612522780895233, "wall_seconds": 2557.95}
{"event": "update", "epoch": 119, "update": 36725, "batch_loss": 0.015285748988389969, "gradient_norm": 0.755154550075531, "wall_seconds": 2559.53}
{"event": "update", "epoch": 119, "update": 36750, "batch_loss": 0.022365644574165344, "gradient_norm": 0.8035367727279663, "wall_seconds": 2561.12}
{"event": "epoch", "epoch": 119, "updates": 36771, "seconds": 19.577065899036825, "learning_rate": 3.004626112829977e-05, "loss": 0.0230091643078944, "direction_loss": 0.009434660575620535, "projection_loss": 0.013574503734255, "wall_seconds": 2562.45}
{"event": "update", "epoch": 120, "update": 36775, "batch_loss": 0.007998108863830566, "gradient_norm": 0.4889194667339325, "wall_seconds": 2562.73}
{"event": "update", "epoch": 120, "update": 36800, "batch_loss": 0.014229090884327888, "gradient_norm": 0.5658493638038635, "wall_seconds": 2564.31}
{"event": "update", "epoch": 120, "update": 36825, "batch_loss": 0.009421694092452526, "gradient_norm": 0.3825572431087494, "wall_seconds": 2565.91}
{"event": "update", "epoch": 120, "update": 36850, "batch_loss": 0.011099353432655334, "gradient_norm": 0.6929057836532593, "wall_seconds": 2567.5}
{"event": "update", "epoch": 120, "update": 36875, "batch_loss": 0.005657203961163759, "gradient_norm": 0.40788134932518005, "wall_seconds": 2569.1}
{"event": "update", "epoch": 120, "update": 36900, "batch_loss": 0.03992534428834915, "gradient_norm": 0.6827585697174072, "wall_seconds": 2570.69}
{"event": "update", "epoch": 120, "update": 36925, "batch_loss": 0.02284296229481697, "gradient_norm": 1.541904330253601, "wall_seconds": 2572.27}
{"event": "update", "epoch": 120, "update": 36950, "batch_loss": 0.009165246039628983, "gradient_norm": 0.3373454213142395, "wall_seconds": 2573.87}
{"event": "update", "epoch": 120, "update": 36975, "batch_loss": 0.009032324887812138, "gradient_norm": 0.37106528878211975, "wall_seconds": 2575.46}
{"event": "update", "epoch": 120, "update": 37000, "batch_loss": 0.011800712905824184, "gradient_norm": 0.7186534404754639, "wall_seconds": 2577.04}
{"event": "update", "epoch": 120, "update": 37025, "batch_loss": 0.013905202969908714, "gradient_norm": 0.6240814328193665, "wall_seconds": 2578.64}
{"event": "update", "epoch": 120, "update": 37050, "batch_loss": 0.01812068559229374, "gradient_norm": 0.7600998282432556, "wall_seconds": 2580.24}
{"event": "update", "epoch": 120, "update": 37075, "batch_loss": 0.01568877138197422, "gradient_norm": 0.6411610245704651, "wall_seconds": 2581.86}
{"event": "epoch", "epoch": 120, "updates": 37080, "seconds": 19.708984456956387, "learning_rate": 3e-05, "loss": 0.02146600187126686, "direction_loss": 0.007669723948312476, "projection_loss": 0.013796277902718495, "wall_seconds": 2582.19}
{"event": "evaluation", "split": "train", "epoch": 120, "loss": 0.0184375851851325, "components": {"direction_loss": 0.005672394372430496, "projection_loss": 0.012765190782586967}, "mean_angle": 1.684553629994948, "mean_offset": 0.019873901888432577, "strict_count": 442, "loose_count": 890, "samples": 1234, "selection_score": 2.8657987039750408, "wall_seconds": 2594.59}
{"event": "evaluation", "split": "val", "epoch": 120, "loss": 0.5674495567309569, "components": {"direction_loss": 0.47445134901727765, "projection_loss": 0.0929982057626707}, "mean_angle": 27.15817312541676, "mean_offset": 0.05940289752970236, "strict_count": 10, "loose_count": 25, "samples": 166, "selection_score": 12.256306114485792, "wall_seconds": 2596.22}
{"event": "complete", "epochs": 120, "best_validation_score": 11.801091446148492, "wall_seconds": 2596.24}
